source,source_product_id,brand,original_brand_text,item_title,price_krw,original_price,size,description,is_sold,item_url,collected_at,image_urls,local_image_paths
FRUITSFAMILY,379599,Nike,Nike,나이키 빈티지 와플레이서 신발,59000,99000,250,"사이즈 250 상태 7/10
마지막 사진 까짐 참고

인스타 상점 Josephine에서 파는 제품입니다!

오래전에 단종된 신발이라 현재 매물 0입니다!

📦 택배비 +4,500원 / 제주도&산간지역+7,000원

• 실측의 경우 재는 사람의 방식에 따라 오차 범위가 존재할 수 있습니다.
• 사이즈 문의 안 받습니다. 
• 미처 확인하지 못한 오염이나 데미지가 있을 수 있습니다.
•교환 환불 불가합니다.",False,https://fruitsfamily.com/product/84wf/%EB%82%98%EC%9D%B4%ED%82%A4-%EB%B9%88%ED%8B%B0%EC%A7%80-%EC%99%80%ED%94%8C%EB%A0%88%EC%9D%B4%EC%84%9C-%EC%8B%A0%EB%B0%9C,2026-08-03,https://image.production.fruitsfamily.com/public/product/resized%40width620/nhZY2LwyZR-8166E504-3A18-4A77-9545-4C56F0688630.jpg|https://image.production.fruitsfamily.com/public/product/resized%40width620/Uw5eVwiRCU-EDC771DF-05F6-4A32-AAEC-3334EC3DDC74.jpg|https://image.production.fruitsfamily.com/public/product/resized%40width620/sMRgbOMFX3-1B83AC40-925C-47DB-958F-84A3268471DB.jpg|https://image.production.fruitsfamily.com/public/product/resized%40width620/PHUzCEpaGN-8D852D7B-1E61-4649-8E72-E79EB2CFB28D.jpg|https://image.production.fruitsfamily.com/public/product/resized%40width620/JGN5MeRPJG-D14229E3-43ED-417B-AF33-FBF6D1329329.jpg|https://image.production.fruitsfamily.com/public/product/resized%40width620/GewFOcHFuN-AFB52B22-D2A7-4027-9350-C4E6E437FF85.jpg|https://image.production.fruitsfamily.com/public/product/resized%40width620/KE0jaXz3J5-0B1007F6-9BD0-47F0-8FE4-96C126EB6B03.jpg|https://image.production.fruitsfamily.com/public/product/resized%40width620/8FSaVLlZIA-A6BC1471-E073-4242-BD5B-95084D5D629D.jpg,data/images/nike/379599_01.jpg|data/images/nike/379599_02.jpg|data/images/nike/379599_03.jpg
FRUITSFAMILY,4686802,Nike,Nike,[255] 나이키 페가수스 프리미엄 화이트 메탈릭 실버,350000,,255,"교신 , 사이즈 문의시 답장 없이 차단합니다 

나이키 공홈에서 주문한 나코탭 새상품 입니다 

착화감 너무 좋고 에어 제품치고 가볍습니다

신발 디자인 및 색상 너무 배합이 좋습니다

직거래는 부산 강동동 에서 가능하며 

택배 거래시 택배비 5000원 입니다",False,https://fruitsfamily.com/product/2sgcy/255-%EB%82%98%EC%9D%B4%ED%82%A4-%ED%8E%98%EA%B0%80%EC%88%98%EC%8A%A4-%ED%94%84%EB%A6%AC%EB%AF%B8%EC%97%84-%ED%99%94%EC%9D%B4%ED%8A%B8-%EB%A9%94%ED%83%88%EB%A6%AD-%EC%8B%A4%EB%B2%84,2026-08-03,https://image.production.fruitsfamily.com/public/product/resized%40width620/XAfUxqBieU-1747490705848.jpg|https://image.production.fruitsfamily.com/public/product/resized%40width620/QJgzIiqfTT-1747490705865.jpg|https://image.production.fruitsfamily.com/public/product/resized%40width620/CMeE4xIWLQ-1747490705874.jpg|https://image.production.fruitsfamily.com/public/product/resized%40width620/QF5uodBU1-1747490705884.jpg,data/images/nike/4686802_01.jpg|data/images/nike/4686802_02.jpg|data/images/nike/4686802_03.jpg
FRUITSFAMILY,7396710,Nike,Nike,나이키 자크뮈스 에어맥스1,100000,145000,255,"255 사이즈거
크림 구매후 실착 2회",False,https://fruitsfamily.com/product/4ejc6/%EB%82%98%EC%9D%B4%ED%82%A4-%EC%9E%90%ED%81%AC%EB%AE%88%EC%8A%A4-%EC%97%90%EC%96%B4%EB%A7%A5%EC%8A%A41,2026-08-03,https://image.production.fruitsfamily.com/public/product/resized%40width620/IcHUdbnoSA-1DA02EEC-B284-4BCD-B7BE-7AF71B387A0D.jpg|https://image.production.fruitsfamily.com/public/product/resized%40width620/Uy5GKD9XLU-047C0F21-22E5-4C12-BE93-CE90E088C381.jpg|https://image.production.fruitsfamily.com/public/product/resized%40width620/fIWYsnfre-0B411BAC-C2A6-4B87-B667-553326888469.jpg,data/images/nike/7396710_01.jpg|data/images/nike/7396710_02.jpg|data/images/nike/7396710_03.jpg
FRUITSFAMILY,10399060,Nike,Nike,슈프림 에어포스 블랙 275,150000,,275,"나이키 슈프림 에어포스 275

솔드아웃구매

상태는 사진과 같습니다. 신발이 매우 많아 많이 신지도 않았을뿐더러 원래 깔끔히 신는 사람이라 상태 좋고 여분 신발끈은 그대로있습니다

더 궁금한점 있으면 메시지주세요",False,https://fruitsfamily.com/product/66vys/%EC%8A%88%ED%94%84%EB%A6%BC-%EC%97%90%EC%96%B4%ED%8F%AC%EC%8A%A4-%EB%B8%94%EB%9E%99-275,2026-08-03,https://image.production.fruitsfamily.com/public/product/resized%40width620/9s-koc0mw-8aa538d32fa3.jpg|https://image.production.fruitsfamily.com/public/product/resized%40width620/NalG34UB8I-2a196eb3bd05.jpg|https://image.production.fruitsfamily.com/public/product/resized%40width620/Dok_u32DPy-9e72e36b01ca.jpg|https://image.production.fruitsfamily.com/public/product/resized%40width620/InQvcHPoAz-5107285718ae.jpg|https://image.production.fruitsfamily.com/public/product/resized%40width620/FZa0P7-NFj-56aeafd9b25c.jpg|https://image.production.fruitsfamily.com/public/product/resized%40width620/02nGwlv9dl-238ed16b12a2.jpg|https://image.production.fruitsfamily.com/public/product/resized%40width620/8LEB96UGNc-62fb66c1b2e8.jpg|https://image.production.fruitsfamily.com/public/product/resized%40width620/c59VL_oSJY-61332ecaae03.jpg|https://image.production.fruitsfamily.com/public/product/resized%40width620/ov_PUky6-W-de2a0a2f14f7.jpg,data/images/nike/10399060_01.jpg|data/images/nike/10399060_02.jpg|data/images/nike/10399060_03.jpg
FRUITSFAMILY,10413459,Nike,Nike,나이키 x 프라그먼트 x 사카이 LD와플 블랙큰드 블루,180000,,290,"- 나이키 x 프라그먼트 x 사카이 LD와플 블랙큰드 블루
- 사이즈 : 290 (us11)
- 구매처 : 크림 (60만원)
- 상태 : 8/10

크림에서 구매 후 몇번 안신었습니다. 몇년간 보관하다가 아까워서 판매합니다.",False,https://fruitsfamily.com/product/6772r/%EB%82%98%EC%9D%B4%ED%82%A4-x-%ED%94%84%EB%9D%BC%EA%B7%B8%EB%A8%BC%ED%8A%B8-x-%EC%82%AC%EC%B9%B4%EC%9D%B4-ld%EC%99%80%ED%94%8C-%EB%B8%94%EB%9E%99%ED%81%B0%EB%93%9C-%EB%B8%94%EB%A3%A8,2026-08-03,https://image.production.fruitsfamily.com/public/product/resized%40width620/1FARzlubq-84d61ae947e9.jpg|https://image.production.fruitsfamily.com/public/product/resized%40width620/OhXebnadmx-476fe76dcaf2.jpg|https://image.production.fruitsfamily.com/public/product/resized%40width620/Df057nCCDT-4cce6fb604a9.jpg|https://image.production.fruitsfamily.com/public/product/resized%40width620/3Z0HoM32Gb-d8ffba40533b.jpg|https://image.production.fruitsfamily.com/public/product/resized%40width620/LsTMnh7NB1-f822aa7e574c.jpg|https://image.production.fruitsfamily.com/public/product/resized%40width620/2KQYPx7iyY-3a1b9478d1f1.jpg|https://image.production.fruitsfamily.com/public/product/resized%40width620/s7hVGOqbPP-edb2ee5b7583.jpg|https://image.production.fruitsfamily.com/public/product/resized%40width620/1FwFQca6Ib-f9862f419c31.jpg|https://image.production.fruitsfamily.com/public/product/resized%40width620/2eQjx-iRfa-3380d75f9c7d.jpg|https://image.production.fruitsfamily.com/public/product/resized%40width620/NcBl6hnVjw-c34d8126a4dc.jpg,data/images/nike/10413459_01.jpg|data/images/nike/10413459_02.jpg|data/images/nike/10413459_03.jpg
FRUITSFAMILY,9919461,Nike,Nike,[255] 나이키 뮤지크 블랙 퍼플,130000,,255,"브랜드: Nike
제품명: Musique Black / Purple
사이즈: 255 / US W8.5
상태: 8/10
구성: 단품
가격: 130,000

—

나이키 뮤지크 여성 댄스화입니다
2000s 출시 모델로 퍼플 스우시와 스티칭 디테일이 특징입니다

Black. Leather Upper. Purple Swoosh
Low-top. Lace-up
블랙 레더 바디에 퍼플 스우시 포인트가 들어간 구성입니다

🦶 반사이즈 업 착용 권장

문의는 채팅 부탁드립니다",False,https://fruitsfamily.com/product/5wlwl/255-%EB%82%98%EC%9D%B4%ED%82%A4-%EB%AE%A4%EC%A7%80%ED%81%AC-%EB%B8%94%EB%9E%99-%ED%8D%BC%ED%94%8C,2026-08-03,https://image.production.fruitsfamily.com/public/product/resized%40width620/m23GH85Dd-e35cbbce9296.jpg|https://image.production.fruitsfamily.com/public/product/resized%40width620/LBBIrB6GZT-6fd4e98da764.jpg|https://image.production.fruitsfamily.com/public/product/resized%40width620/13w-7DF6Wr-5e6925de0519.jpg|https://image.production.fruitsfamily.com/public/product/resized%40width620/hanmjpIZmS-2c1ac1ec9bc5.jpg|https://image.production.fruitsfamily.com/public/product/resized%40width620/0AHeAkB4zL-a436dc629ed0.jpg|https://image.production.fruitsfamily.com/public/product/resized%40width620/pBga0ajNyz-c175b79f2108.jpg|https://image.production.fruitsfamily.com/public/product/resized%40width620/Ri28t2LwAW-864dc028cbab.jpg,data/images/nike/9919461_01.jpg|data/images/nike/9919461_02.jpg|data/images/nike/9919461_03.jpg
FRUITSFAMILY,9457448,Nike,Nike,[265] 나이키 뮤지크 블랙 스웨이드,140000,,265,"브랜드: Nike
제품명: Musique Black Suede
사이즈: 265
상태: 9/10
구성: 단품
가격: 140,000

—

나이키의 댄스화입니다
2000s 출시 모델로 화이트 스우시와 새틴 스트라이프 패널이 특징입니다

Black. Suede & Satin
Low-top. Lace-up

🦶 반사이즈 이상 업하시는 것을 추천드립니다

문의는 채팅 부탁드립니다

(14)",False,https://fruitsfamily.com/product/5mpew/265-%EB%82%98%EC%9D%B4%ED%82%A4-%EB%AE%A4%EC%A7%80%ED%81%AC-%EB%B8%94%EB%9E%99-%EC%8A%A4%EC%9B%A8%EC%9D%B4%EB%93%9C,2026-08-03,https://image.production.fruitsfamily.com/public/product/resized%40width620/At0e4yF9c-6359fc684b77.jpg|https://image.production.fruitsfamily.com/public/product/resized%40width620/66HYPl2oCU-6a779398764d.jpg|https://image.production.fruitsfamily.com/public/product/resized%40width620/jYaGx82R6B-7bb18275665a.jpg|https://image.production.fruitsfamily.com/public/product/resized%40width620/LTsZT4fu6Q-65fcc7cea4aa.jpg|https://image.production.fruitsfamily.com/public/product/resized%40width620/IYr7imPqOD-140eb7584d63.jpg|https://image.production.fruitsfamily.com/public/product/resized%40width620/ARRQ_Ng4WO-ab3207427ec0.jpg|https://image.production.fruitsfamily.com/public/product/resized%40width620/vOGFN6iRVC-669073005223.jpg,data/images/nike/9457448_01.jpg|data/images/nike/9457448_02.jpg|data/images/nike/9457448_03.jpg
FRUITSFAMILY,10412821,Nike,Nike,(270) 나이키 에어포스 1 로우 올백 화이트,90000,,270,"아직 새거 느낌 있습니다 정말 상태 좋구요 새거 저렴하게 구매하고 싶어하시는 분들께 추천드립니다!
원하시면 나이키 박스에 넣어서 드릴게요!

당근으로 구매하시면 더 저렴하게 드립니다 연락하시면 아이디 알려드릴게요!",False,https://fruitsfamily.com/product/676l1/270-%EB%82%98%EC%9D%B4%ED%82%A4-%EC%97%90%EC%96%B4%ED%8F%AC%EC%8A%A4-1-%EB%A1%9C%EC%9A%B0-%EC%98%AC%EB%B0%B1-%ED%99%94%EC%9D%B4%ED%8A%B8,2026-08-03,https://image.production.fruitsfamily.com/public/product/resized%40width620/ILAk73uFu-d91a05dfc074.jpg|https://image.production.fruitsfamily.com/public/product/resized%40width620/Oq1C4lX30P-503c8a9d540b.jpg|https://image.production.fruitsfamily.com/public/product/resized%40width620/KrjgtdtF9A-316b2823636b.jpg,data/images/nike/10412821_01.jpg|data/images/nike/10412821_02.jpg|data/images/nike/10412821_03.jpg
FRUITSFAMILY,10402541,Nike,Nike,Nike x Kith Airforce 1 Rebel XX,250000,,270,"Size 270 하이탑

황금 사이즈입니다. 

풀박스",False,https://fruitsfamily.com/product/66ynh/nike-x-kith-airforce-1-rebel-xx,2026-08-03,https://image.production.fruitsfamily.com/public/product/resized%40width620/dWQhX4bdX7-fc2e0bd94e18.jpg|https://image.production.fruitsfamily.com/public/product/resized%40width620/TEY70BZwP-f3d2000a89ce.jpg|https://image.production.fruitsfamily.com/public/product/resized%40width620/x507-HCXfB-c22f9d758560.jpg,data/images/nike/10402541_01.jpg|data/images/nike/10402541_02.jpg|data/images/nike/10402541_03.jpg
FRUITSFAMILY,10412823,Nike,Nike,[260/새상품] 나이키 마인드 001 블랙 앤트러사이트,170000,,260,"나이키 마인드 001 블랙 앤트러사이트 컬러로 모델명은 HQ4307-005 입니다.

260사이즈이며, 새상품 입니다.

튼튼한 재질로 만들어져 오래 신으실 수 있습니다.

구매 원하시면 바로 안전결제 해주시면 됩니다!",False,https://fruitsfamily.com/product/676l3/260-%EC%83%88%EC%83%81%ED%92%88-%EB%82%98%EC%9D%B4%ED%82%A4-%EB%A7%88%EC%9D%B8%EB%93%9C-001-%EB%B8%94%EB%9E%99-%EC%95%A4%ED%8A%B8%EB%9F%AC%EC%82%AC%EC%9D%B4%ED%8A%B8,2026-08-03,https://image.production.fruitsfamily.com/public/product/resized%40width620/x0D_nHLg5-26440c416deb.jpg|https://image.production.fruitsfamily.com/public/product/resized%40width620/_vYQWifE7p-a8ae587a7e5b.jpg|https://image.production.fruitsfamily.com/public/product/resized%40width620/Q2Dm0ulfrA-192694b55680.jpg|https://image.production.fruitsfamily.com/public/product/resized%40width620/4ml3bWZzL0-18cdf793142a.jpg|https://image.production.fruitsfamily.com/public/product/resized%40width620/FBoBA8EAQN-3d2e5c681253.jpg,data/images/nike/10412823_01.jpg|data/images/nike/10412823_02.jpg|data/images/nike/10412823_03.jpg
FRUITSFAMILY,9445283,Nike,Nike,나이키 혜인서,199000,,300,"나이키 Hyein seo 

사이즈 : UK11 / 300
착화 : 3회 미만
*박스 포함

스타일 변경으로 인한,
판매입니다.
아까울 정도로 상태 좋습니다.",False,https://fruitsfamily.com/product/5mg0z/%EB%82%98%EC%9D%B4%ED%82%A4-%ED%98%9C%EC%9D%B8%EC%84%9C,2026-08-03,https://image.production.fruitsfamily.com/public/product/resized%40width620/iBtcV9qsN-a1232c580207.jpg|https://image.production.fruitsfamily.com/public/product/resized%40width620/ub3d3paB02-a8ddd96def70.jpg|https://image.production.fruitsfamily.com/public/product/resized%40width620/U2otLtK_jZ-8fe87bfa1824.jpg|https://image.production.fruitsfamily.com/public/product/resized%40width620/HIt2zcK_7b-e97cc0ed9c10.jpg,data/images/nike/9445283_01.jpg|data/images/nike/9445283_02.jpg|data/images/nike/9445283_03.jpg
FRUITSFAMILY,7836120,Nike,Nike,나이키 챌린저 OG 블루 CW7645-403 270,50000,99000,270,"상태 : 9/10 밑창 사진과 같이 아주 좋은상태
사이즈 : 270
신발단품, 타 박스에 넣어서 배송

성수 직거래",False,https://fruitsfamily.com/product/4nye0/%EB%82%98%EC%9D%B4%ED%82%A4-%EC%B1%8C%EB%A6%B0%EC%A0%80-og-%EB%B8%94%EB%A3%A8-cw7645-403-270,2026-08-03,https://image.production.fruitsfamily.com/public/product/resized%40width620/Ac6SrRH_jJ-424F94D0-BF0B-46A3-A620-7654A7E57BDB.jpg|https://image.production.fruitsfamily.com/public/product/resized%40width620/qH6pcbTRgs-36BAB0E8-96E7-4526-B434-FA57D115EE2C.jpg|https://image.production.fruitsfamily.com/public/product/resized%40width620/xqJSSen9J7-E36CF8B7-97BF-4D3C-BED4-FE7B3BE1E7D3.jpg|https://image.production.fruitsfamily.com/public/product/resized%40width620/JItPYpfAvu-2A1567D5-5F57-4494-96B5-188149724CB3.jpg|https://image.production.fruitsfamily.com/public/product/resized%40width620/rpWTnq2Zh-EADA64FD-088E-4B2B-8944-5F4452EEFD2E.jpg|https://image.production.fruitsfamily.com/public/product/resized%40width620/2OJknhJrV1-1DCF6B08-6F44-4E5F-BC12-DBBE215CD3D7.jpg|https://image.production.fruitsfamily.com/public/product/resized%40width620/zXEwfC3Z2r-328715F7-F24F-4B2B-837C-375FAB5FC858.jpg|https://image.production.fruitsfamily.com/public/product/resized%40width620/BifSXgURRQ-28B52D01-F31F-4EAB-90D3-C2A97E22556F.jpg,data/images/nike/7836120_01.jpg|data/images/nike/7836120_02.jpg|data/images/nike/7836120_03.jpg
FRUITSFAMILY,10390251,Nike,Nike,NikeCraft General Purpose Shoe,429000,,270,"NikeCraft General Purpose Shoe를 프레이드코의 방식으로 다시 작업했습니다.

모든 스티치는 손으로 하나씩 바느질했습니다.

사시코에서 영감을 받았지만 그대로 재현하지 않았습니다.

좌우를 다른 컬러의 스티치로 균형을 만들었고, 신발끈까지 직접 스티치를 넣어 하나의 흐름으로 이어지도록 작업했습니다.

그래픽도, 과한 장식도 없습니다.

실과 바느질만으로 새로운 분위기를 만들었습니다.

사이즈 : 270mm (US 9)

세상에 하나뿐인 한 켤레입니다.",False,https://fruitsfamily.com/product/66p63/nikecraft-general-purpose-shoe,2026-08-03,https://image.production.fruitsfamily.com/public/product/resized%40width620/d2SCUd9yo-d7aa373d98a9.jpg|https://image.production.fruitsfamily.com/public/product/resized%40width620/QdiXgyOE7j-ba33479d2bff.jpg|https://image.production.fruitsfamily.com/public/product/resized%40width620/hRzr6bQfeI-7e8524163d58.jpg|https://image.production.fruitsfamily.com/public/product/resized%40width620/ev0wmqWKCG-07a38ec3de33.jpg,data/images/nike/10390251_01.jpg|data/images/nike/10390251_02.jpg|data/images/nike/10390251_03.jpg
FRUITSFAMILY,9513017,Nike,Nike,Air Ticsi 240,210000,,240,"•환경에 따른 색상 차, 실측 1~2센치 범위 오차 있을 수 있습니다
•상점 내 모든 제품 특별히 공지사항 없으면 당일출고됩니다
•네고 제안시 구매의사 확실하신 분만 메세지 부탁드립니다
•정품검수 후 판매하고있습니다. 아닌 경우 따로 표기합니다
•교환 환불 불가합니다

상태 : 9.5/10 (사용감 없는 2회 이내 실착,박스포함 모든 구성 있음)

한 시대를 풍미했던 아이코닉한 리카르도 티시와 나이키의 협업 제품.
수요 많은 사이즈& 아주 좋은 상태",False,https://fruitsfamily.com/product/5nwah/air-ticsi-240,2026-08-03,https://image.production.fruitsfamily.com/public/product/resized%40width620/oDsZaGRI0-0614ea8f3716.jpg|https://image.production.fruitsfamily.com/public/product/resized%40width620/36ldmXvtXT-c5ebce46c502.jpg|https://image.production.fruitsfamily.com/public/product/resized%40width620/z9XBX9lYgQ-10c8acf01865.jpg|https://image.production.fruitsfamily.com/public/product/resized%40width620/T_kiJ3OBRM-118fc8375d42.jpg|https://image.production.fruitsfamily.com/public/product/resized%40width620/onOktah-Z6-5ffc7e21fcab.jpg|https://image.production.fruitsfamily.com/public/product/resized%40width620/jp7qJAR1FX-7236828044ec.jpg|https://image.production.fruitsfamily.com/public/product/resized%40width620/Hrz8hzTRmU-58771fac8b95.jpg|https://image.production.fruitsfamily.com/public/product/resized%40width620/MDNlGbuBfT-1277847979f4.jpg|https://image.production.fruitsfamily.com/public/product/resized%40width620/x2DsZWzZ6U-1190c4573f80.jpg,data/images/nike/9513017_01.jpg|data/images/nike/9513017_02.jpg|data/images/nike/9513017_03.jpg
FRUITSFAMILY,9801296,Nike,Nike,[250] 나이키 뮤지크 그레이 누벅,140000,,250,"브랜드: Nike
제품명: Musique Grey Nubuck
사이즈: 250 / US W8
상태: 9/10
구성: 단품
가격: 140,000

—

나이키 뮤지크 여성 댄스화입니다
2000s 출시 모델로 실버 스우시와 스트라이프 디테일이 특징입니다

Grey. Nubuck Upper. Silver Swoosh
Low-top. Lace-up
그레이 누벅 바디에 실버 스우시가 포인트로 들어간 구성입니다

🦶 반사이즈 업 착용 권장

문의는 채팅 부탁드립니다",False,https://fruitsfamily.com/product/5u2q8/250-%EB%82%98%EC%9D%B4%ED%82%A4-%EB%AE%A4%EC%A7%80%ED%81%AC-%EA%B7%B8%EB%A0%88%EC%9D%B4-%EB%88%84%EB%B2%85,2026-08-03,https://image.production.fruitsfamily.com/public/product/resized%40width620/mANugqMAN-a7ae0a578ecc.jpg|https://image.production.fruitsfamily.com/public/product/resized%40width620/70Ubo0btQc-2c61e650ce74.jpg|https://image.production.fruitsfamily.com/public/product/resized%40width620/-Bq7TvhdPx-2954c2030789.jpg|https://image.production.fruitsfamily.com/public/product/resized%40width620/UXXwujXBbf-40b9102bed65.jpg|https://image.production.fruitsfamily.com/public/product/resized%40width620/FDALofzfZI-8fb50d433ffc.jpg|https://image.production.fruitsfamily.com/public/product/resized%40width620/CEOu-rBkV8-f95117e3d3c0.jpg|https://image.production.fruitsfamily.com/public/product/resized%40width620/HUoeHFuTaj-d9b3795e935d.jpg,data/images/nike/9801296_01.jpg|data/images/nike/9801296_02.jpg|data/images/nike/9801296_03.jpg
FRUITSFAMILY,9934985,Nike,Nike,나이키 트랙션 컨택트 실버,96000,120000,250,"나이키 빈티지 골프화 라인 
W8 사이즈 250정도 사이즈입니다
예쁜 골프화 라인들은 밑창에 스파이크 있는데 
없어서 데일리로 신기도 좋은 모델입니다.
오른쪽 뒷축 에어파손
사진과 상태 동일합니다

쿨거시 수수료 제가 부담 
네고시 구매자님이 부담 
궁금한점 답변드립니다!
감사합니다",False,https://fruitsfamily.com/product/5wxvt/%EB%82%98%EC%9D%B4%ED%82%A4-%ED%8A%B8%EB%9E%99%EC%85%98-%EC%BB%A8%ED%83%9D%ED%8A%B8-%EC%8B%A4%EB%B2%84,2026-08-03,https://image.production.fruitsfamily.com/public/product/resized%40width620/iKGnprN_J-5743e929715d.jpg|https://image.production.fruitsfamily.com/public/product/resized%40width620/fQANZt08MC-321c8954ce3c.jpg|https://image.production.fruitsfamily.com/public/product/resized%40width620/RheUvpGHBD-e48920739e42.jpg|https://image.production.fruitsfamily.com/public/product/resized%40width620/u0j79gL4yQ-02a9c4a0ba3d.jpg|https://image.production.fruitsfamily.com/public/product/resized%40width620/zInV52a7_D-49f9e56a5243.jpg|https://image.production.fruitsfamily.com/public/product/resized%40width620/pTiM8pav7Q-efbcac487013.jpg|https://image.production.fruitsfamily.com/public/product/resized%40width620/018JrCwizP-6e9ca7022f89.jpg,data/images/nike/9934985_01.jpg|data/images/nike/9934985_02.jpg|data/images/nike/9934985_03.jpg
FRUITSFAMILY,6538501,Nike,Nike,나이키 샥스 R4 W 올리브 카키 그린 쇼크 230,100000,160000,230,"무신사 구매 후 보관만 한 새상품

마감상태 좋지 못한 건 나이키 원래 이래요…
5번째 사진 오염 있습니다ㅜㅠㅜ(나이키진짜..)

사이즈 230

품번 HQ7739-200

일택 3000
쿨거시 택포
(안전결제로 바로 결제 해주시면 됩니다)",False,https://fruitsfamily.com/product/3w551/%EB%82%98%EC%9D%B4%ED%82%A4-%EC%83%A5%EC%8A%A4-r4-w-%EC%98%AC%EB%A6%AC%EB%B8%8C-%EC%B9%B4%ED%82%A4-%EA%B7%B8%EB%A6%B0-%EC%87%BC%ED%81%AC-230,2026-08-03,https://image.production.fruitsfamily.com/public/product/resized%40width620/leTwKFNaRr-8BC2DC28-B1DC-4BEE-9857-616F21F6C4BB.jpg|https://image.production.fruitsfamily.com/public/product/resized%40width620/2lgU8Yp77H-4B84125A-62C0-44B0-AE64-0803F9362B19.jpg|https://image.production.fruitsfamily.com/public/product/resized%40width620/3WI7T8gZqN-CC6524CC-0779-496C-BF08-A55FEB9D56F1.jpg|https://image.production.fruitsfamily.com/public/product/resized%40width620/bgyDRtXGxf-572D3F0B-DA0B-4A5B-B7BD-A4FCDD16F5CB.jpg|https://image.production.fruitsfamily.com/public/product/resized%40width620/sr4ul_r7mL-EECD2D95-EA4A-42ED-A690-D27C6F9F2C32.jpg|https://image.production.fruitsfamily.com/public/product/resized%40width620/tBGcC0QU5F-C7398CEB-3789-4101-BB9B-EE69D9ADCA86.jpg|https://image.production.fruitsfamily.com/public/product/resized%40width620/7fhxikLPs-C3397A06-D5AA-49CC-9515-D43212E846EF.jpg,data/images/nike/6538501_01.jpg|data/images/nike/6538501_02.jpg|data/images/nike/6538501_03.jpg
FRUITSFAMILY,9057701,Nike,Nike,(250)(새상품)메리제인 발레리나 샌들 나이키 에어리프트 브리드 블랙,110000,130000,250,"나이키 / 에어 리프트 브리드 / 250

나이키 메리제인 샌들입니다

유행하는 메리제인 디자인으로 트랜디한 매력이있고 올블랙 슈즈로 코디 매칭에 용이한 디자인입니다

패션트랜드인 발레코어 무드 및 고프코어에도 잘어울리는 디자인입니다

나이키 코리아 매장정품 새제품입니다 가족신발 정리중입니다

대인거래 특성상 거래후 교환 및 환불 절대 불가능합니다

택배 및 직거래 모두 가능합니다 연락주세요",False,https://fruitsfamily.com/product/5e4yt/250-%EC%83%88%EC%83%81%ED%92%88-%EB%A9%94%EB%A6%AC%EC%A0%9C%EC%9D%B8-%EB%B0%9C%EB%A0%88%EB%A6%AC%EB%82%98-%EC%83%8C%EB%93%A4-%EB%82%98%EC%9D%B4%ED%82%A4-%EC%97%90%EC%96%B4%EB%A6%AC%ED%94%84%ED%8A%B8-%EB%B8%8C%EB%A6%AC%EB%93%9C-%EB%B8%94%EB%9E%99,2026-08-03,https://image.production.fruitsfamily.com/public/product/resized%40width620/K4sILIm7H-4f0c4217f6ae.jpg|https://image.production.fruitsfamily.com/public/product/resized%40width620/0A3X3hUBwi-b9188700faa9.jpg|https://image.production.fruitsfamily.com/public/product/resized%40width620/lLBHCwFjcb-0739e37da7ba.jpg,data/images/nike/9057701_01.jpg|data/images/nike/9057701_02.jpg|data/images/nike/9057701_03.jpg
FRUITSFAMILY,9227795,Nike,Nike,[265] 나이키 스튜디오 트레이너 블랙,120000,,265,"브랜드: Nike
제품명: Studio Trainer Black
사이즈: 265 (US W9.5)
상태: 8/10
구성: 단품
가격: 120,000

—

나이키 스튜디오 트레이너입니다.
Black on Black. Mesh & Synthetic Upper.
Low-top. Lace-up.
로우 프로파일, 움직임을 위한 날렵한 쉐입입니다.

🦶 한사이즈 업 착용 권장

문의는 채팅 부탁드립니다.

(6)",False,https://fruitsfamily.com/product/5hs7n/265-%EB%82%98%EC%9D%B4%ED%82%A4-%EC%8A%A4%ED%8A%9C%EB%94%94%EC%98%A4-%ED%8A%B8%EB%A0%88%EC%9D%B4%EB%84%88-%EB%B8%94%EB%9E%99,2026-08-03,https://image.production.fruitsfamily.com/public/product/resized%40width620/OSPf6gvr0-3d31198375ab.jpg|https://image.production.fruitsfamily.com/public/product/resized%40width620/a5h6CUZOGc-520dc0ad8590.jpg|https://image.production.fruitsfamily.com/public/product/resized%40width620/u7gJ5sajXT-93b3fd5e4cb4.jpg|https://image.production.fruitsfamily.com/public/product/resized%40width620/sd6_gwe8c--182fbaa50597.jpg|https://image.production.fruitsfamily.com/public/product/resized%40width620/RNsRasUmTw-1c18dba673ea.jpg|https://image.production.fruitsfamily.com/public/product/resized%40width620/mQHi9xE8Qv-254dc2985b7a.jpg|https://image.production.fruitsfamily.com/public/product/resized%40width620/vm0_xUahuL-40801f78d8fa.jpg,data/images/nike/9227795_01.jpg|data/images/nike/9227795_02.jpg|data/images/nike/9227795_03.jpg
FRUITSFAMILY,10403877,Nike,Nike,(285) 나이키 슈프림 굿이너프 포스,165000,,285,"구성품 다 있고 상태 좋습니다
안신어서 싸게 넘겨요",False,https://fruitsfamily.com/product/66zol/285-%EB%82%98%EC%9D%B4%ED%82%A4-%EC%8A%88%ED%94%84%EB%A6%BC-%EA%B5%BF%EC%9D%B4%EB%84%88%ED%94%84-%ED%8F%AC%EC%8A%A4,2026-08-03,https://image.production.fruitsfamily.com/public/product/resized%40width620/CxdK-fQmW-94360b40ace6.jpg|https://image.production.fruitsfamily.com/public/product/resized%40width620/50kaYxfrnD-510b991f6001.jpg|https://image.production.fruitsfamily.com/public/product/resized%40width620/62p7Baat19-edc243927864.jpg|https://image.production.fruitsfamily.com/public/product/resized%40width620/VSezDUvEDc-8cc39dcce34d.jpg,data/images/nike/10403877_01.jpg|data/images/nike/10403877_02.jpg|data/images/nike/10403877_03.jpg
FRUITSFAMILY,9439890,Nike,Nike,[260] 나이키 뮤지크 블랙 스웨이드,100000,,260,"브랜드: Nike
제품명: Musique Black Suede
사이즈: 260
상태: 6/10
구성: 단품
가격: 100,000

—

나이키 뮤지크 여성 댄스화입니다
2000s 출시 모델로 화이트 스우시와 페이턴트 스트라이프 디테일이 특징입니다

Black. Suede & Patent Leather
Low-top. Lace-up
블랙 스웨이드 바디에 광택 스트라이프 패널이 포인트입니다

앞코 부분 가죽 갈라짐이 존재합니다

🦶 반사이즈 업 하시는 것을 추천드립니다

문의는 채팅 부탁드립니다

(13)",False,https://fruitsfamily.com/product/5mbv6/260-%EB%82%98%EC%9D%B4%ED%82%A4-%EB%AE%A4%EC%A7%80%ED%81%AC-%EB%B8%94%EB%9E%99-%EC%8A%A4%EC%9B%A8%EC%9D%B4%EB%93%9C,2026-08-03,https://image.production.fruitsfamily.com/public/product/resized%40width620/UQhW3-qy0-535f2c59510f.jpg|https://image.production.fruitsfamily.com/public/product/resized%40width620/qWFSnZOYRT-fc91062a1248.jpg|https://image.production.fruitsfamily.com/public/product/resized%40width620/iWhA87RpcE-e6db8973f9e4.jpg|https://image.production.fruitsfamily.com/public/product/resized%40width620/pz_3kfRvKs-2e57e8c9b7e3.jpg|https://image.production.fruitsfamily.com/public/product/resized%40width620/pWYXejmUrZ-82a3a37be76b.jpg|https://image.production.fruitsfamily.com/public/product/resized%40width620/vwKSXEHROR-6cf49d10f61c.jpg|https://image.production.fruitsfamily.com/public/product/resized%40width620/nqAQmMFR0Y-3f8e7d9dc8c1.jpg,data/images/nike/9439890_01.jpg|data/images/nike/9439890_02.jpg|data/images/nike/9439890_03.jpg
FRUITSFAMILY,7118936,Nike,Nike,조던1 백보드 255,135000,250000,255,"조던1 백보드 입니다
여자친구가 손이 잘 안가게 되어 판매합니다 
현재 크림 시세가 39 하네요",False,https://fruitsfamily.com/product/48l08/%EC%A1%B0%EB%8D%981-%EB%B0%B1%EB%B3%B4%EB%93%9C-255,2026-08-03,https://image.production.fruitsfamily.com/public/product/resized%40width620/puAjraVhOR-FBCDF9EE-AE75-48D3-8EF2-DBA8EE00721B.jpg|https://image.production.fruitsfamily.com/public/product/resized%40width620/_tB2jTt1py-E598D35E-545E-4BD4-ABE3-41F719FA5F54.jpg|https://image.production.fruitsfamily.com/public/product/resized%40width620/KYI-Vbuzc-32C72D54-9E01-44DC-87C8-321D5660086A.jpg|https://image.production.fruitsfamily.com/public/product/resized%40width620/VLn1I90Spn-1E8B0967-CA88-428E-B328-E4763B23D231.jpg,data/images/nike/7118936_01.jpg|data/images/nike/7118936_02.jpg|data/images/nike/7118936_03.jpg
FRUITSFAMILY,9333441,Nike,Nike,[270] 나이키 에어맥스 플러스 블랙 울프 그레이,80000,110000,270,"나이키 에어맥스 플러스 블랙 울프 그레이 270사이즈 판매합니다

먼가 고급스러운..그런 맛이 있는 스니커즈",False,https://fruitsfamily.com/product/5k1q9/270-%EB%82%98%EC%9D%B4%ED%82%A4-%EC%97%90%EC%96%B4%EB%A7%A5%EC%8A%A4-%ED%94%8C%EB%9F%AC%EC%8A%A4-%EB%B8%94%EB%9E%99-%EC%9A%B8%ED%94%84-%EA%B7%B8%EB%A0%88%EC%9D%B4,2026-08-03,https://image.production.fruitsfamily.com/public/product/resized%40width620/WgoShOOuA-59d1fa61e0f7.jpg|https://image.production.fruitsfamily.com/public/product/resized%40width620/pdtiv6YVT--d74de48e73eb.jpg|https://image.production.fruitsfamily.com/public/product/resized%40width620/P1oa0ZR3UR-f8b3449c951d.jpg|https://image.production.fruitsfamily.com/public/product/resized%40width620/NCY_gWC17b-f7b61a092853.jpg,data/images/nike/9333441_01.jpg|data/images/nike/9333441_02.jpg|data/images/nike/9333441_03.jpg
FRUITSFAMILY,9516375,Nike,Nike,나이키 x 언디핏 에어맥스 97 블랙 230,99000,110000,230,"스트리트 브랜드 '언디핏(Undefeated)'과의 협업 모델로, 블랙 바디에 구찌 가 연상되는 그린/레드 라인과 로고 테이핑이 들어간 시그니처 디자인입니다.

나이키 x 언디핏 맥스 97의 가장 인기 있는 구찌 컬러링 조합입니다! 에나멜 광택 살아있고, 스트릿이나 아메카지 믹스매치에 포인트 주기에 이만한 아이템이 없죠.

오염하자없고 사용감 약간 있어요",False,https://fruitsfamily.com/product/5nyvr/%EB%82%98%EC%9D%B4%ED%82%A4-x-%EC%96%B8%EB%94%94%ED%95%8F-%EC%97%90%EC%96%B4%EB%A7%A5%EC%8A%A4-97-%EB%B8%94%EB%9E%99-230,2026-08-03,https://image.production.fruitsfamily.com/public/product/resized%40width620/Tdegm1Xlrz-8224be3569a6.jpg|https://image.production.fruitsfamily.com/public/product/resized%40width620/89GgrbLkj-674a6e69eb71.jpg|https://image.production.fruitsfamily.com/public/product/resized%40width620/wJ2zxO74We-f85c0f4ca075.jpg|https://image.production.fruitsfamily.com/public/product/resized%40width620/Q3QEwPPhpA-bfc2af095024.jpg|https://image.production.fruitsfamily.com/public/product/resized%40width620/RHR9_dbFZW-42ba27a7bbc0.jpg|https://image.production.fruitsfamily.com/public/product/resized%40width620/9w8fyX1_Rq-5c56e747ef3d.jpg|https://image.production.fruitsfamily.com/public/product/resized%40width620/ECqPOMnUft-4aea90e3974e.jpg|https://image.production.fruitsfamily.com/public/product/resized%40width620/RmYojXgMkz-dd6a9efb48c4.jpg|https://image.production.fruitsfamily.com/public/product/resized%40width620/gZRvLrhW2c-f752dd7dd812.jpg|https://image.production.fruitsfamily.com/public/product/resized%40width620/YeeTtOZ6xh-a38b40a0f9a2.jpg,data/images/nike/9516375_01.jpg|data/images/nike/9516375_02.jpg|data/images/nike/9516375_03.jpg
FRUITSFAMILY,10244898,Nike,Nike,270) 나이키 샥스 r4 짐 레드 앤 매탈릭 실버,300000,,270,"나이키 앱에서 주문한 상품입니다

나이키 샥스 r4 짐 레드 앤 매탈릭 실버 판매합니다
현재 크림에서 270 사이즈 배송비 + 수수료까지 포함해서 50만원에 판매중입니다
신고 나간적은 거의 없어서 상태 아주 좋습니다
사진 보여달라고 하시면 보내드립니다
스타일이 바껴서 싸게 판매합니다
크림에서 비싸게 사지 마시고 싸게 사세요",False,https://fruitsfamily.com/product/63l0i/270-%EB%82%98%EC%9D%B4%ED%82%A4-%EC%83%A5%EC%8A%A4-r4-%EC%A7%90-%EB%A0%88%EB%93%9C-%EC%95%A4-%EB%A7%A4%ED%83%88%EB%A6%AD-%EC%8B%A4%EB%B2%84,2026-08-03,https://image.production.fruitsfamily.com/public/product/resized%40width620/YbOo-zl4x-fa85ad018a42.jpg|https://image.production.fruitsfamily.com/public/product/resized%40width620/9-VQCfHste-8e4774768881.jpg|https://image.production.fruitsfamily.com/public/product/resized%40width620/QrgLTro_iF-f9f94a6e7d51.jpg,data/images/nike/10244898_01.jpg|data/images/nike/10244898_02.jpg|data/images/nike/10244898_03.jpg
FRUITSFAMILY,10199517,Nike,Nike,(285) 나이키 샥스 라이드 2 브라이트 캑터스 앤 블랙,225000,,285,"✔︎︎우마이 아카이브는 세련되며 고급진 엄선된 상품만을 고집합니다.
✔︎가죽제품은 고급 가죽크림으로 정기적 관리합니다.
✔︎모든 제품은 배송비 포함가입니다. 
　(제주/산간지역 제외)
✔︎교환, 환불 불가합니다.

옷이 사람을 만듭니다. 
맛과 멋을 동시에 겸비한 Umai.Archive 입니다.

KREAM 현재시가 KR285 352,000원 

와이드 팬츠는 물론 미니멀한 트라우저 셋업에도 
데님 디테일 및 네온컬러가 포인트로 제격입니다.

샥스 본연의 얄쌍하고 샤프한 앞코와 굽이 있어,
키높이 효과도 있어 비율 보완이 상당하네요.

많은 문의 바랍니다. 

구매처 - 나이키 공식홈페이지 구매.

상태 - 9/10 새상품에 가까움 (실제착용 단시간 3회)

구성품 - 본품 및 박스 

사이즈 - KR285 (남성 KR280 추천) 

#asics #kiko #ourlegacy #supreme #prada",False,https://fruitsfamily.com/product/62lzx/285-%EB%82%98%EC%9D%B4%ED%82%A4-%EC%83%A5%EC%8A%A4-%EB%9D%BC%EC%9D%B4%EB%93%9C-2-%EB%B8%8C%EB%9D%BC%EC%9D%B4%ED%8A%B8-%EC%BA%91%ED%84%B0%EC%8A%A4-%EC%95%A4-%EB%B8%94%EB%9E%99,2026-08-03,https://image.production.fruitsfamily.com/public/product/resized%40width620/yc2kFPC_d-b030be6d95f6.jpg|https://image.production.fruitsfamily.com/public/product/resized%40width620/471n9Hg1sd-90590ac987b6.jpg|https://image.production.fruitsfamily.com/public/product/resized%40width620/hyf7vFUl5s-28a698b1e25c.jpg|https://image.production.fruitsfamily.com/public/product/resized%40width620/p1No7Rpth4-2d04fc0b31bf.jpg|https://image.production.fruitsfamily.com/public/product/resized%40width620/Bn68OKhakt-269a43cd0dbe.jpg|https://image.production.fruitsfamily.com/public/product/resized%40width620/x3e5claSH1-e6ea8328383c.jpg|https://image.production.fruitsfamily.com/public/product/resized%40width620/W3yy5VeTwU-b45042b3db75.jpg|https://image.production.fruitsfamily.com/public/product/resized%40width620/AafrVCGtOc-22fb6a7ecd43.jpg,data/images/nike/10199517_01.jpg|data/images/nike/10199517_02.jpg|data/images/nike/10199517_03.jpg
FRUITSFAMILY,10392537,Nike,Nike,나이키 에어맥스 플러스 트리플 블랙,150000,,285,"나이키 에어맥스 플러스 트리플 블랙입니다.
재작년  공식 나이키 매장에서 구매했습니다.

크림 현재가 23.4

condition: 8/10
 
양쪽 뒤축 부분 밟고 신어서 구부러짐 살짝 존재합니다.
+자잘한 기스 존재 
왼쪽 뒤꿈치부분 까짐 존재 다섯번째 사진 참고

이외에 상태 매우 좋습니다

ㄱㅈ거래시 택포",False,https://fruitsfamily.com/product/66qxl/%EB%82%98%EC%9D%B4%ED%82%A4-%EC%97%90%EC%96%B4%EB%A7%A5%EC%8A%A4-%ED%94%8C%EB%9F%AC%EC%8A%A4-%ED%8A%B8%EB%A6%AC%ED%94%8C-%EB%B8%94%EB%9E%99,2026-08-03,https://image.production.fruitsfamily.com/public/product/resized%40width620/iO1i-xwPr-422ba26eb662.jpg|https://image.production.fruitsfamily.com/public/product/resized%40width620/lJH0ASo8xL-68a3380b87e6.jpg|https://image.production.fruitsfamily.com/public/product/resized%40width620/FjFvOtitWL-04ccdb3d7263.jpg|https://image.production.fruitsfamily.com/public/product/resized%40width620/f8ySVjgdpP-a30316cce2ef.jpg|https://image.production.fruitsfamily.com/public/product/resized%40width620/ezYiubh98l-00dfadd2a01a.jpg,data/images/nike/10392537_01.jpg|data/images/nike/10392537_02.jpg|data/images/nike/10392537_03.jpg
FRUITSFAMILY,10411549,Nike,Nike,나이키 된포280,80000,,280,"나이키 에어포스 1 된장포스 280 사이즈 판매합니다, 8월 11일부터 장기 출국 예정이라 신발 정리가 필요해 급처합니다. 상태는 사진과 같으며 올 초 크림으로 구매 후 실착 횟수가 몇번 되지 않아 전체적으로 깨끗한 상태입니다. 해 해",False,https://fruitsfamily.com/product/675lp/%EB%82%98%EC%9D%B4%ED%82%A4-%EB%90%9C%ED%8F%AC280,2026-08-03,https://image.production.fruitsfamily.com/public/product/resized%40width620/sh_VsyL5N-1a93e1d5d701.jpg|https://image.production.fruitsfamily.com/public/product/resized%40width620/JkAojBQUHm-c1428c34c5af.jpg|https://image.production.fruitsfamily.com/public/product/resized%40width620/nP1u7uovEz-73fe9fe4cc98.jpg|https://image.production.fruitsfamily.com/public/product/resized%40width620/pa5HV468rB-f89d2879955f.jpg|https://image.production.fruitsfamily.com/public/product/resized%40width620/KGEnGVX72_-846b1b48e224.jpg,data/images/nike/10411549_01.jpg|data/images/nike/10411549_02.jpg|data/images/nike/10411549_03.jpg
FRUITSFAMILY,10006874,Nike,Nike,나이키 자크뮈스 에어 휴마라 275 ,100000,,275,"나이키 자크뮈스 에어 휴마라 브라운 색상 판매합니다.

* 사이즈: 275mm
* 색상: 브라운

사진에서 보시는 것처럼 전반적인 상태가 좋으며, 큰 오염이나 하자는 없습니다. 자세한 상태는 사진으로 확인 부탁드립니다.

관심 있으신 분은 편하게 연락 주세요.",False,https://fruitsfamily.com/product/5yhcq/%EB%82%98%EC%9D%B4%ED%82%A4-%EC%9E%90%ED%81%AC%EB%AE%88%EC%8A%A4-%EC%97%90%EC%96%B4-%ED%9C%B4%EB%A7%88%EB%9D%BC-275,2026-08-03,https://image.production.fruitsfamily.com/public/product/resized%40width620/SfdVcJ7iC-f5c9e8de8836.jpg|https://image.production.fruitsfamily.com/public/product/resized%40width620/-rs0Pxii5j-1a93d6ebd043.jpg|https://image.production.fruitsfamily.com/public/product/resized%40width620/g6vYiNUQE5-1f4c0f3e3c97.jpg|https://image.production.fruitsfamily.com/public/product/resized%40width620/ZaKqFEyQ4C-6a91827cbed8.jpg|https://image.production.fruitsfamily.com/public/product/resized%40width620/ToVd1X5z96-7068f83fcffd.jpg|https://image.production.fruitsfamily.com/public/product/resized%40width620/4NjaeCLk0W-c0b62e18dae7.jpg|https://image.production.fruitsfamily.com/public/product/resized%40width620/H8LnDCbXWT-f0f0a98cc35c.jpg|https://image.production.fruitsfamily.com/public/product/resized%40width620/a9jaMptzw2-aa4e6e10be7c.jpg|https://image.production.fruitsfamily.com/public/product/resized%40width620/xA1Ov9TSZQ-9425e0a88a2f.jpg|https://image.production.fruitsfamily.com/public/product/resized%40width620/UhUlVgjZO7-9b63ad5f5bbb.jpg,data/images/nike/10006874_01.jpg|data/images/nike/10006874_02.jpg|data/images/nike/10006874_03.jpg
FRUITSFAMILY,10373884,Nike,Nike,코비6 그린치,750000,1000000,260,"코비6 그린치 새상품 급처합니다
실착도 안햇어요
사이즈는 260이에요

쿨거 네고 소량 가능

직거래로 현금거래만 합니다

정품인증은 제 큐알찍어보시면 크림에서 산거 인증되요

정품감정 [N] 등급 나왓어요

*상태 등급 정보
N : 새상품 / 택이 달린 완전 새상품
S : 거의 새상품 / 택만 없는 새상품에 가까운 최상급 상품
A : 사용감 없음 / 사용감 없이 퀄리티 좋은 상품
B+ : 사용감 적음 / 실 착용 10회 이상, 자연스러운 사용감과 미세 손상만 있는 상품
B : 사용감 있음 / 여러 차례 사용감이 느껴지고 일부 오염, 보풀 등 하자 있는 상품",False,https://fruitsfamily.com/product/66cjg/%EC%BD%94%EB%B9%846-%EA%B7%B8%EB%A6%B0%EC%B9%98,2026-08-03,https://image.production.fruitsfamily.com/public/product/resized%40width620/_MK-afTgk-6239b6960d96.jpg|https://image.production.fruitsfamily.com/public/product/resized%40width620/bDOitiHeis-fd03ac2e4f35.jpg|https://image.production.fruitsfamily.com/public/product/resized%40width620/c06lizJmym-f1bad0bb35e6.jpg|https://image.production.fruitsfamily.com/public/product/resized%40width620/sfc6Vc8Xpb-74ca1d271f41.jpg|https://image.production.fruitsfamily.com/public/product/resized%40width620/Wz1tKK-Odn-f3b58993fc1b.jpg,data/images/nike/10373884_01.jpg|data/images/nike/10373884_02.jpg|data/images/nike/10373884_03.jpg
FRUITSFAMILY,8298864,Adidas,Adidas,아디다스 x 송 포 더 뮤트 컨트리 OG 그레이 투 코어 블랙,200000,,230,"아디다스 x 송 포 더 뮤트 컨트리 OG 그레이 투 코어 블랙
사이즈는 230이에요
평소 235신는데 이건 10단위로 나와서 
저한테는 딱맞는 느낌이였어요
한번 신었고 손이 가지 않아서 내놓습니다
크림에서 구매했어요
스타일 좋으신분이 가져가셔서 잘 신어주셨으면 좋겠습니다",False,https://fruitsfamily.com/product/4xvg0/%EC%95%84%EB%94%94%EB%8B%A4%EC%8A%A4-x-%EC%86%A1-%ED%8F%AC-%EB%8D%94-%EB%AE%A4%ED%8A%B8-%EC%BB%A8%ED%8A%B8%EB%A6%AC-og-%EA%B7%B8%EB%A0%88%EC%9D%B4-%ED%88%AC-%EC%BD%94%EC%96%B4-%EB%B8%94%EB%9E%99,2026-08-03,https://image.production.fruitsfamily.com/public/product/resized%40width620/8F6oltEREA-1A45D877-B899-4243-A8A9-F38CC0FF4FFA.jpg|https://image.production.fruitsfamily.com/public/product/resized%40width620/ZugYKuH2He-83FE5CE7-1D72-4F71-ABA0-5A1B60CC2EF4.jpg|https://image.production.fruitsfamily.com/public/product/resized%40width620/qdFGzW2FsM-78BA3304-DB90-4C12-982B-B123A599FBD5.jpg|https://image.production.fruitsfamily.com/public/product/resized%40width620/G1a2rJpcq-958D6A0F-5D42-4BE5-AC4D-5952D44CFC30.jpg|https://image.production.fruitsfamily.com/public/product/resized%40width620/zoW3mXt3aT-9B3FBCC2-062E-4220-9CC3-A88523B08276.jpg|https://image.production.fruitsfamily.com/public/product/resized%40width620/NrIutjYNJj-166B1C5C-53D9-4A98-AEF1-A41215E2A5FD.jpg,data/images/adidas/8298864_01.jpg|data/images/adidas/8298864_02.jpg|data/images/adidas/8298864_03.jpg
FRUITSFAMILY,10158076,Adidas,Adidas,아디다스 슈퍼스타 82 280,91000,130000,280,"아디다스 슈퍼스타 82 입니다.
크림에서 현재 2,30만원대에 거래되고있습니다.
편하게 연락주세요",False,https://fruitsfamily.com/product/61q0s/%EC%95%84%EB%94%94%EB%8B%A4%EC%8A%A4-%EC%8A%88%ED%8D%BC%EC%8A%A4%ED%83%80-82-280,2026-08-03,https://image.production.fruitsfamily.com/public/product/resized%40width620/1ec0mH_k9-2f661056de28.jpg|https://image.production.fruitsfamily.com/public/product/resized%40width620/cXFOvSFxWP-01b62dbfc061.jpg|https://image.production.fruitsfamily.com/public/product/resized%40width620/-cxFuZUBCw-7aede78c204d.jpg|https://image.production.fruitsfamily.com/public/product/resized%40width620/p8lcP05J9Y-a25c1f8f6e73.jpg|https://image.production.fruitsfamily.com/public/product/resized%40width620/6EI8jHXe_J-44a233c9341f.jpg,data/images/adidas/10158076_01.jpg|data/images/adidas/10158076_02.jpg|data/images/adidas/10158076_03.jpg
FRUITSFAMILY,10158090,Adidas,Adidas,아디다스 슈퍼스타 코어 블랙 화이트 285,72000,90000,285,"아디다스 슈퍼스타입니다.
현재 크림에서1,20만원대에 거래되고있습니다.
편하게 연락 주세요.",False,https://fruitsfamily.com/product/61q16/%EC%95%84%EB%94%94%EB%8B%A4%EC%8A%A4-%EC%8A%88%ED%8D%BC%EC%8A%A4%ED%83%80-%EC%BD%94%EC%96%B4-%EB%B8%94%EB%9E%99-%ED%99%94%EC%9D%B4%ED%8A%B8-285,2026-08-03,https://image.production.fruitsfamily.com/public/product/resized%40width620/zzlJkS0Ud-f87e4e8239fe.jpg|https://image.production.fruitsfamily.com/public/product/resized%40width620/ihs5mXUb1y-4b004ee36640.jpg|https://image.production.fruitsfamily.com/public/product/resized%40width620/F1fvPw_93i-a7a4f86f6050.jpg|https://image.production.fruitsfamily.com/public/product/resized%40width620/GZaKhIiD52-774f19bb3eec.jpg,data/images/adidas/10158090_01.jpg|data/images/adidas/10158090_02.jpg|data/images/adidas/10158090_03.jpg
FRUITSFAMILY,10406478,Adidas,Adidas,슈퍼스타 빈티지 코어블랙,160000,180000,290,"두달전에 구매했고 열번정도 착용했으나 발에 맞지 않아서 판매합니다. 오른쪽 앞코 쉘토와 밑창 연결 부위에 약간의 보푸라기가 있습니다.(슈퍼스타 특성상 몇 번만 착용해도 구조상 자연스럽게 발생하는 미세 마모이며, 내구성에 영향 없습니다.) 사진은 요청하시면 추가로 보내드리겠습니다.",False,https://fruitsfamily.com/product/671ou/%EC%8A%88%ED%8D%BC%EC%8A%A4%ED%83%80-%EB%B9%88%ED%8B%B0%EC%A7%80-%EC%BD%94%EC%96%B4%EB%B8%94%EB%9E%99,2026-08-03,https://image.production.fruitsfamily.com/public/product/resized%40width620/FPNYbgCya-f1e8c8b257d8.jpg|https://image.production.fruitsfamily.com/public/product/resized%40width620/aQYtpFUFOC-738638fe6eaf.jpg|https://image.production.fruitsfamily.com/public/product/resized%40width620/BbyxJygXS3-291adc3a237a.jpg|https://image.production.fruitsfamily.com/public/product/resized%40width620/ENpp4au3Ez-5c48f68e17ed.jpg,data/images/adidas/10406478_01.jpg|data/images/adidas/10406478_02.jpg|data/images/adidas/10406478_03.jpg
FRUITSFAMILY,9544099,Adidas,Adidas,아이다스 빈티지 하이탑 트래킹 운동화 스니커즈,140000,150000,250,"사이즈 250이고 옆면에 살짝 오염 있습니다.
오염만 제외하면 상태 너무 좋아요

이미지 검색해도 잘 안 나오는 빈티지 제품입니다.

밑창이 너무 귀여운 신발이에요

네고 받으니 문의 주세요",False,https://fruitsfamily.com/product/5ok9v/%EC%95%84%EC%9D%B4%EB%8B%A4%EC%8A%A4-%EB%B9%88%ED%8B%B0%EC%A7%80-%ED%95%98%EC%9D%B4%ED%83%91-%ED%8A%B8%EB%9E%98%ED%82%B9-%EC%9A%B4%EB%8F%99%ED%99%94-%EC%8A%A4%EB%8B%88%EC%BB%A4%EC%A6%88,2026-08-03,https://image.production.fruitsfamily.com/public/product/resized%40width620/sjbfkqNNV-ed70b0f2aca1.jpg|https://image.production.fruitsfamily.com/public/product/resized%40width620/Jg8cxpb2Nn-5edf038e91f3.jpg|https://image.production.fruitsfamily.com/public/product/resized%40width620/0wED4sTSkJ-6d9af39dc571.jpg|https://image.production.fruitsfamily.com/public/product/resized%40width620/cpBUsUzjI-0f38f19247c1.jpg|https://image.production.fruitsfamily.com/public/product/resized%40width620/_X0IDolYI3-c351bdd8a04f.jpg,data/images/adidas/9544099_01.jpg|data/images/adidas/9544099_02.jpg|data/images/adidas/9544099_03.jpg
FRUITSFAMILY,9417124,Adidas,Adidas,아디제로 프라임x2 스트렁 ,120000,160000,265,"아디다스 아디제로 프라임 x2 스트렁 핑크 화이트 265

실착 3회정도로 매우 깨끗합니다

다른러닝화 구매로인해 판매

네고x

별도의 문의 없으시다면 바로 결제해주시면 됩니다",False,https://fruitsfamily.com/product/5luas/%EC%95%84%EB%94%94%EC%A0%9C%EB%A1%9C-%ED%94%84%EB%9D%BC%EC%9E%84x2-%EC%8A%A4%ED%8A%B8%EB%A0%81,2026-08-03,https://image.production.fruitsfamily.com/public/product/resized%40width620/q2a4tFHop-fc98a85dc440.jpg|https://image.production.fruitsfamily.com/public/product/resized%40width620/mqqdaHjGcc-d2157da2c555.jpg|https://image.production.fruitsfamily.com/public/product/resized%40width620/rPZZpRaK-N-9b30a8cfb4d7.jpg|https://image.production.fruitsfamily.com/public/product/resized%40width620/U-ylfAJ35Q-87efda7723f0.jpg|https://image.production.fruitsfamily.com/public/product/resized%40width620/Wc5AUPNbZP-119c700b3546.jpg,data/images/adidas/9417124_01.jpg|data/images/adidas/9417124_02.jpg|data/images/adidas/9417124_03.jpg
FRUITSFAMILY,10256199,Adidas,Adidas,아디다스 미시엘리엇 웨스턴 부츠,220000,,240,"자수나 참 디테일이 정말 예쁜 아디다스x미시엘리엇 부츠로 매물 잘 없는 희귀템입니다!
세탁은 개인적으로 하셔야합니다 해서 보내드릴 순 없어요ㅜ
흰색이다 보니 오염 있습니다 세탁하면 지워질지는 잘 모르겠어요 사진으로 상태 확인해주세요!
평소 245신는데 잘 맞았습니다!!",False,https://fruitsfamily.com/product/63tqf/%EC%95%84%EB%94%94%EB%8B%A4%EC%8A%A4-%EB%AF%B8%EC%8B%9C%EC%97%98%EB%A6%AC%EC%97%87-%EC%9B%A8%EC%8A%A4%ED%84%B4-%EB%B6%80%EC%B8%A0,2026-08-03,https://image.production.fruitsfamily.com/public/product/resized%40width620/4hkQApq5g-6a2ad092ff77.jpg|https://image.production.fruitsfamily.com/public/product/resized%40width620/WYjHJzt_vD-354cd32e8088.jpg|https://image.production.fruitsfamily.com/public/product/resized%40width620/JUrkAMx2VX-3f58ea53def9.jpg|https://image.production.fruitsfamily.com/public/product/resized%40width620/9jruWkcH2I-ed10a0bd10e5.jpg|https://image.production.fruitsfamily.com/public/product/resized%40width620/7cnFROyIKJ-dcee330c4f95.jpg,data/images/adidas/10256199_01.jpg|data/images/adidas/10256199_02.jpg|data/images/adidas/10256199_03.jpg
FRUITSFAMILY,9900905,Adidas,Adidas,[285]아디다스 이지 폼 러너 샌드,200000,240000,285,"솔닷 구매 후 몇 번 안 신고 보관만 하다 팝니다. 

Us10 사이즈입니다. 

상태 좋은 편입니다. 구성품 전부 가지고 있어요.

구매하실 분만 연락 바랍니다.

직거래 서울 인근",False,https://fruitsfamily.com/product/5w7l5/285-%EC%95%84%EB%94%94%EB%8B%A4%EC%8A%A4-%EC%9D%B4%EC%A7%80-%ED%8F%BC-%EB%9F%AC%EB%84%88-%EC%83%8C%EB%93%9C,2026-08-03,https://image.production.fruitsfamily.com/public/product/resized%40width620/NsCH6YcBq-652100777cf1.jpg|https://image.production.fruitsfamily.com/public/product/resized%40width620/J4zJSTeK1-173c679a8c78.jpg|https://image.production.fruitsfamily.com/public/product/resized%40width620/i89vc6jErf-6144e2e31d9e.jpg|https://image.production.fruitsfamily.com/public/product/resized%40width620/W54faL9tXp-35b5d8206047.jpg|https://image.production.fruitsfamily.com/public/product/resized%40width620/_DCLqzBpuT-c54f1080a9c5.jpg|https://image.production.fruitsfamily.com/public/product/resized%40width620/6uN18nLM3x-07997387784d.jpg|https://image.production.fruitsfamily.com/public/product/resized%40width620/cjbz8vhWC9-9651e9a7f977.jpg|https://image.production.fruitsfamily.com/public/product/resized%40width620/95UermR89f-62e4b7023d5d.jpg,data/images/adidas/9900905_01.jpg|data/images/adidas/9900905_02.jpg|data/images/adidas/9900905_03.jpg
FRUITSFAMILY,10007395,Adidas,Adidas,"아디다스 미시앨리엇 부츠 핑크 (구매수수료x,착샷있음)",215000,,255,"아디다스 미시 엘리엇 콜라보 Respect Me 롱 부츠입니다. 현재는 단종된 희소성 있는 아카이브 제품으로, Y2K·빈티지 스타일 좋아하시는 분들께 추천드립니다. 2000년대 발매된 모델로 지금은 구하기 쉽지 않은 제품입니다.  

저도 중고로 구매하여 사용감은 있는 편입니다.사용감은 사진상으로 확인해주세요. 사이즈가 255이며, 저도 240사이즈를 신지만 끈으로 조여서 신으면 헐렁거리지 않고 착용 가능합니다.  교환환불 안 되며 반택 거래는 어렵고 일반 편의점 택배로 보내드립니다",False,https://fruitsfamily.com/product/5yhr7/%EC%95%84%EB%94%94%EB%8B%A4%EC%8A%A4-%EB%AF%B8%EC%8B%9C%EC%95%A8%EB%A6%AC%EC%97%87-%EB%B6%80%EC%B8%A0-%ED%95%91%ED%81%AC-%EA%B5%AC%EB%A7%A4%EC%88%98%EC%88%98%EB%A3%8Cx-%EC%B0%A9%EC%83%B7%EC%9E%88%EC%9D%8C,2026-08-03,https://image.production.fruitsfamily.com/public/product/resized%40width620/t8tDpGvxc-417ef413fc31.jpg|https://image.production.fruitsfamily.com/public/product/resized%40width620/tP3EjuAlAa-41b8ef5678b8.jpg|https://image.production.fruitsfamily.com/public/product/resized%40width620/ftxOwbkud6-e620d28d76a9.jpg|https://image.production.fruitsfamily.com/public/product/resized%40width620/UasEpF5jfX-231c87058958.jpg|https://image.production.fruitsfamily.com/public/product/resized%40width620/CHmjIujR_6-b51cc726e48d.jpg|https://image.production.fruitsfamily.com/public/product/resized%40width620/vhLFsyym92-d0517eecc608.jpg|https://image.production.fruitsfamily.com/public/product/resized%40width620/t-XGEjpPkH-79e5fb92a742.jpg|https://image.production.fruitsfamily.com/public/product/resized%40width620/5LuVDL8u9Z-b48ecd693b76.jpg,data/images/adidas/10007395_01.jpg|data/images/adidas/10007395_02.jpg|data/images/adidas/10007395_03.jpg
FRUITSFAMILY,10340373,Adidas,Adidas,"아디다스 x 클랏 슈퍼스타 풋웨어 화이트 커피
270사이즈",297000,330000,270,"아디다스 x 클랏 슈퍼스타 풋웨어 화이트 커피
카시나발 정품입니다.
진짜 실물 너무 이뻐요.
270사이즈입니다.
직거래 택배거래 가능해요.
연락주세요.",False,https://fruitsfamily.com/product/65mol/%EC%95%84%EB%94%94%EB%8B%A4%EC%8A%A4-x-%ED%81%B4%EB%9E%8F-%EC%8A%88%ED%8D%BC%EC%8A%A4%ED%83%80-%ED%92%8B%EC%9B%A8%EC%96%B4-%ED%99%94%EC%9D%B4%ED%8A%B8-%EC%BB%A4%ED%94%BC-270%EC%82%AC%EC%9D%B4%EC%A6%88,2026-08-03,https://image.production.fruitsfamily.com/public/product/resized%40width620/z6T6mxCVn-5e5ceef81cd8.jpg|https://image.production.fruitsfamily.com/public/product/resized%40width620/SbqFdm-RuL-4a9fa78040b6.jpg|https://image.production.fruitsfamily.com/public/product/resized%40width620/AcUer6uZeN-63fc90f3e3eb.jpg|https://image.production.fruitsfamily.com/public/product/resized%40width620/C9G8gijpIE-353dc3c4d521.jpg|https://image.production.fruitsfamily.com/public/product/resized%40width620/q_VUCtWuMl-0f2edb6cb7ac.jpg|https://image.production.fruitsfamily.com/public/product/resized%40width620/Ec-GkLkmyA-461c0290be91.jpg,data/images/adidas/10340373_01.jpg|data/images/adidas/10340373_02.jpg|data/images/adidas/10340373_03.jpg
FRUITSFAMILY,9514182,Adidas,Adidas,1980s 레어 서독제 W.Gemany 스타빌 아디다스 오리지널 프로메드,590000,,240,"1980년대 서독 에서 생산된 올드 빈티지 
아디메드 스타빌 입니다 
워낙유명한 모델이라 긴설명은 삼가하구요
횟수로 50년 다되가네요
올드 빈티지 제품의 특성을 완벽히 이해하신 분만 구매 부탁드리며, 
올드빈티지 특성상 정가품이외에 반품은 절대 불가합니다
오리지널 정품이며 가품일경우 100배 환불!!",False,https://fruitsfamily.com/product/5nx6u/1980s-%EB%A0%88%EC%96%B4-%EC%84%9C%EB%8F%85%EC%A0%9C-w-gemany-%EC%8A%A4%ED%83%80%EB%B9%8C-%EC%95%84%EB%94%94%EB%8B%A4%EC%8A%A4-%EC%98%A4%EB%A6%AC%EC%A7%80%EB%84%90-%ED%94%84%EB%A1%9C%EB%A9%94%EB%93%9C,2026-08-03,https://image.production.fruitsfamily.com/public/product/resized%40width620/nd2laPW2v-779a24752830.jpg|https://image.production.fruitsfamily.com/public/product/resized%40width620/c9DPAR67Y6-7d5ef37740f3.jpg|https://image.production.fruitsfamily.com/public/product/resized%40width620/GcODklv_P-00493762612e.jpg|https://image.production.fruitsfamily.com/public/product/resized%40width620/JAh0NSuqHT-d9385c439404.jpg|https://image.production.fruitsfamily.com/public/product/resized%40width620/-g_YVk5Ip8-216b6bdd0892.jpg|https://image.production.fruitsfamily.com/public/product/resized%40width620/-t81NZNghs-4a4d02009011.jpg|https://image.production.fruitsfamily.com/public/product/resized%40width620/UDXYldBTU1-066c46f45258.jpg|https://image.production.fruitsfamily.com/public/product/resized%40width620/Vj7gNuDVMv-a1ca6d86e9a0.jpg,data/images/adidas/9514182_01.jpg|data/images/adidas/9514182_02.jpg|data/images/adidas/9514182_03.jpg
FRUITSFAMILY,10165090,Adidas,Adidas,아디다스 핀펄스 운동화 샌들 실버핑크 225,117000,130000,225,"아디다스 우먼스 XLG 핀 펄스 플랫폼 샌들 실버 핑크 LA1994 (225사이즈)

해외직구로 배송비포함 15만원대에 구매했습니다
사이즈미스로 급하게 내놔요! 
 
(후기에 크다고 나와서 고민하다 구매했는데 길이는 정사이즈이고 발볼, 등이 크게 나온듯합니다!)",False,https://fruitsfamily.com/product/61vfm/%EC%95%84%EB%94%94%EB%8B%A4%EC%8A%A4-%ED%95%80%ED%8E%84%EC%8A%A4-%EC%9A%B4%EB%8F%99%ED%99%94-%EC%83%8C%EB%93%A4-%EC%8B%A4%EB%B2%84%ED%95%91%ED%81%AC-225,2026-08-03,https://image.production.fruitsfamily.com/public/product/resized%40width620/io-13pI6I-192194bb6b3d.jpg|https://image.production.fruitsfamily.com/public/product/resized%40width620/P6_BKCNTlu-9a020169e969.jpg|https://image.production.fruitsfamily.com/public/product/resized%40width620/H6GveXZ8-s-1eb58a630c87.jpg|https://image.production.fruitsfamily.com/public/product/resized%40width620/H8De0GYVRc-b64174f2c17d.jpg,data/images/adidas/10165090_01.jpg|data/images/adidas/10165090_02.jpg|data/images/adidas/10165090_03.jpg
FRUITSFAMILY,9102162,Adidas,Adidas,아디다스 x 블론디 맥코이 A.B. 가젤 인도어 미네랄 블루,110000,,235,"상태 괜찮고 정사이즈 235입니다 ~
무료배송",False,https://fruitsfamily.com/product/5f39u/%EC%95%84%EB%94%94%EB%8B%A4%EC%8A%A4-x-%EB%B8%94%EB%A1%A0%EB%94%94-%EB%A7%A5%EC%BD%94%EC%9D%B4-a-b-%EA%B0%80%EC%A0%A4-%EC%9D%B8%EB%8F%84%EC%96%B4-%EB%AF%B8%EB%84%A4%EB%9E%84-%EB%B8%94%EB%A3%A8,2026-08-03,https://image.production.fruitsfamily.com/public/product/resized%40width620/tC3X25h_h-f227af908871.jpg|https://image.production.fruitsfamily.com/public/product/resized%40width620/Qwi3QkSy4s-a548e8709eb9.jpg|https://image.production.fruitsfamily.com/public/product/resized%40width620/txGxhNrCYA-82aac2940106.jpg|https://image.production.fruitsfamily.com/public/product/resized%40width620/yMCmengIo_-eecbff525350.jpg|https://image.production.fruitsfamily.com/public/product/resized%40width620/T5z2XP-PNg-ee5dd0d0ed28.jpg|https://image.production.fruitsfamily.com/public/product/resized%40width620/KLh_nWvqW4-0f65c25f139c.jpg|https://image.production.fruitsfamily.com/public/product/resized%40width620/3h4UHVedD-5bd79eed6521.jpg|https://image.production.fruitsfamily.com/public/product/resized%40width620/jfjIqKxdH-9be75cb14069.jpg|https://image.production.fruitsfamily.com/public/product/resized%40width620/7-IrF_9LpI-53e7bf2fa66e.jpg,data/images/adidas/9102162_01.jpg|data/images/adidas/9102162_02.jpg|data/images/adidas/9102162_03.jpg
FRUITSFAMILY,5195528,Adidas,Adidas,(W) 아디다스 가젤 볼드 올모스트 블루 브라이트 블루,80000,85000,240,"(W) 아디다스 가젤 볼드 올모스트 블루 브라이트 블루
240

봄,여름에 포인트로 신으면 이뻐요 ㅎㅎ
선물 받은거 제 스타일 아니라서 팔아요~~",False,https://fruitsfamily.com/product/33cw8/w-%EC%95%84%EB%94%94%EB%8B%A4%EC%8A%A4-%EA%B0%80%EC%A0%A4-%EB%B3%BC%EB%93%9C-%EC%98%AC%EB%AA%A8%EC%8A%A4%ED%8A%B8-%EB%B8%94%EB%A3%A8-%EB%B8%8C%EB%9D%BC%EC%9D%B4%ED%8A%B8-%EB%B8%94%EB%A3%A8,2026-08-03,https://image.production.fruitsfamily.com/public/product/resized%40width620/DNeb-cFkI-D3CC0DF7-AC8B-405B-9420-81ADD32D14DF.jpg|https://image.production.fruitsfamily.com/public/product/resized%40width620/BamK_IJOqe-66481112-1A0A-44B8-8061-FDAC35B6220D.jpg|https://image.production.fruitsfamily.com/public/product/resized%40width620/rHSL-DDrpY-4C0247FA-CD0E-4FAE-B035-D2EA39C143C3.jpg|https://image.production.fruitsfamily.com/public/product/resized%40width620/6MSYA2ZyCo-849E1086-4096-45D2-88C3-A4098A0D1F64.jpg,data/images/adidas/5195528_01.jpg|data/images/adidas/5195528_02.jpg|data/images/adidas/5195528_03.jpg
FRUITSFAMILY,10228092,Adidas,Adidas,아디다스 x 타끄와 빈트 알리 메리제인 240,200000,210000,240,"실착3회 짧게했습니다ㅠ
윗돈주고삿는데 은색신발이많아 판매합니다
상태 사진참고해주세요.,!!!
배송비는 제가부담합니다!",False,https://fruitsfamily.com/product/6381o/%EC%95%84%EB%94%94%EB%8B%A4%EC%8A%A4-x-%ED%83%80%EB%81%84%EC%99%80-%EB%B9%88%ED%8A%B8-%EC%95%8C%EB%A6%AC-%EB%A9%94%EB%A6%AC%EC%A0%9C%EC%9D%B8-240,2026-08-03,https://image.production.fruitsfamily.com/public/product/resized%40width620/COJTXfzAq-32e1ffdfbb3c.jpg|https://image.production.fruitsfamily.com/public/product/resized%40width620/9DEZm9rvOa-433129f13603.jpg|https://image.production.fruitsfamily.com/public/product/resized%40width620/Suni37cDy2-aa34c3db1986.jpg|https://image.production.fruitsfamily.com/public/product/resized%40width620/JdIUlk0h---4e30ced4b9f7.jpg|https://image.production.fruitsfamily.com/public/product/resized%40width620/d82682xGhx-6b87eca46c14.jpg|https://image.production.fruitsfamily.com/public/product/resized%40width620/vlVupvE_ji-fa7bf7d1a953.jpg|https://image.production.fruitsfamily.com/public/product/resized%40width620/ioPUZGaut2-4580cb11e81b.jpg|https://image.production.fruitsfamily.com/public/product/resized%40width620/yrTYa7-nln-df285c519027.jpg,data/images/adidas/10228092_01.jpg|data/images/adidas/10228092_02.jpg|data/images/adidas/10228092_03.jpg
FRUITSFAMILY,6548229,Adidas,Adidas,아디다스 태권도 MEI 카우 230,124800,156000,230,"달마시안 무늬로 귀여운 쉐입의 신발입니다!
평소 230 편하게 신으려면 235신는 발인데 
시착했을 때 편안하게 잘 맞았어요
사용안 한 새상품으로 풀박입니다

size
KR 230
US 6 
UK4.5 by big",False,https://fruitsfamily.com/product/3wcn9/%EC%95%84%EB%94%94%EB%8B%A4%EC%8A%A4-%ED%83%9C%EA%B6%8C%EB%8F%84-mei-%EC%B9%B4%EC%9A%B0-230,2026-08-03,https://image.production.fruitsfamily.com/public/product/resized%40width620/41lxhLnKNw-884D57D1-778A-4536-8AAB-E50CDE787EEB.jpg|https://image.production.fruitsfamily.com/public/product/resized%40width620/48xS_s08mv-60B4CE85-7CA7-4F3F-B80D-4E17E48E7EDF.jpg|https://image.production.fruitsfamily.com/public/product/resized%40width620/XFNDHmnqqb-869D6E05-A24D-4C7E-ACAB-F3028818D632.jpg,data/images/adidas/6548229_01.jpg|data/images/adidas/6548229_02.jpg|data/images/adidas/6548229_03.jpg
FRUITSFAMILY,10397705,Adidas,Adidas,아디다스 스텔라맥카트니 플랫슈즈 240,100000,,240,아디다스 스텔라맥카트니 플랫슈즈 240사이즈 제품입니다 포인트 주기 좋은 제품이라고 생각합니다,False,https://fruitsfamily.com/product/66ux5/%EC%95%84%EB%94%94%EB%8B%A4%EC%8A%A4-%EC%8A%A4%ED%85%94%EB%9D%BC%EB%A7%A5%EC%B9%B4%ED%8A%B8%EB%8B%88-%ED%94%8C%EB%9E%AB%EC%8A%88%EC%A6%88-240,2026-08-03,https://image.production.fruitsfamily.com/public/product/resized%40width620/NOUDh3EFP-4988df329afc.jpg|https://image.production.fruitsfamily.com/public/product/resized%40width620/iarrJs64FK-519269ae4ce3.jpg|https://image.production.fruitsfamily.com/public/product/resized%40width620/n1Bt8_I_sf-0e95c05a00a9.jpg|https://image.production.fruitsfamily.com/public/product/resized%40width620/USnCn_HZyl-3af9a942111b.jpg|https://image.production.fruitsfamily.com/public/product/resized%40width620/i2HjLO2miL-cb5736fc2c7e.jpg|https://image.production.fruitsfamily.com/public/product/resized%40width620/p51dVRGSgp-17e1a74c78f2.jpg,data/images/adidas/10397705_01.jpg|data/images/adidas/10397705_02.jpg|data/images/adidas/10397705_03.jpg
FRUITSFAMILY,8956974,Adidas,Adidas,아디다스 토바코 브라운 GX6941,95000,120000,250,"사이즈 미스로 판매합니다
시착 한번했습니다

사이즈 250입니다

편하게 연락주세요!",False,https://fruitsfamily.com/product/5bz8u/%EC%95%84%EB%94%94%EB%8B%A4%EC%8A%A4-%ED%86%A0%EB%B0%94%EC%BD%94-%EB%B8%8C%EB%9D%BC%EC%9A%B4-gx6941,2026-08-03,https://image.production.fruitsfamily.com/public/product/resized%40width620/hqUp1CQZo-73d21da6fff9.jpg|https://image.production.fruitsfamily.com/public/product/resized%40width620/_9X-madk1K-d092d7ba0ac8.jpg|https://image.production.fruitsfamily.com/public/product/resized%40width620/wSp9KUgkU--cf22e3522912.jpg,data/images/adidas/8956974_01.jpg|data/images/adidas/8956974_02.jpg|data/images/adidas/8956974_03.jpg
FRUITSFAMILY,6782738,Adidas,Adidas,[235] 아디다스 X 네이키드 마하 삼바 코어 블랙(✨새상품),134000,,235,"상태
- 새상품

사이즈
- 235

모델명
- IH3566

퀄리티 좋은 콜라보 제품입니다.
크림에서도 판매 중인 100% 정품이며, 수수료 없이 구매히세요!

📦 택배 +3500원
🚛 당일 바로 편의점 택배 접수",False,https://fruitsfamily.com/product/41dle/235-%EC%95%84%EB%94%94%EB%8B%A4%EC%8A%A4-x-%EB%84%A4%EC%9D%B4%ED%82%A4%EB%93%9C-%EB%A7%88%ED%95%98-%EC%82%BC%EB%B0%94-%EC%BD%94%EC%96%B4-%EB%B8%94%EB%9E%99-%EC%83%88%EC%83%81%ED%92%88,2026-08-03,https://image.production.fruitsfamily.com/public/product/resized%40width620/T5THK3f9-2-FED4F9AE-DE0B-42D3-89EB-42F0DE38E0B9.jpg|https://image.production.fruitsfamily.com/public/product/resized%40width620/2c2GHWMt6f-4BE71898-60B4-4247-A116-91A7D02856E6.jpg|https://image.production.fruitsfamily.com/public/product/resized%40width620/0uDCffpIXV-2A91B1CB-D75D-406A-9296-AEE69F8402EA.jpg|https://image.production.fruitsfamily.com/public/product/resized%40width620/WBMZqF7aIw-047F11B6-0063-4FCB-81CF-AAE739B00DAA.jpg|https://image.production.fruitsfamily.com/public/product/resized%40width620/5vZFUGNkFC-46FCFF08-D67A-4943-BEC5-11AC54674B09.jpg,data/images/adidas/6782738_01.jpg|data/images/adidas/6782738_02.jpg|data/images/adidas/6782738_03.jpg
FRUITSFAMILY,10219757,Adidas,Adidas,아디다스 가젤 인도어 260 (리셀가 50),72000,80000,260,"이제 구할수도없는 제품입니다 크림에서 리셀가로 50만원에 판매되고있어요.

빈티지하고 고급스러운 디자인 입니다 

제 코디와 잘 맞지 않아 싸게 판매해요

상태는 사진에 나와있는대로입니다

궁금하신점은 편하게 메세지 주세요",False,https://fruitsfamily.com/product/631m5/%EC%95%84%EB%94%94%EB%8B%A4%EC%8A%A4-%EA%B0%80%EC%A0%A4-%EC%9D%B8%EB%8F%84%EC%96%B4-260-%EB%A6%AC%EC%85%80%EA%B0%80-50,2026-08-03,https://image.production.fruitsfamily.com/public/product/resized%40width620/KV8jDVNT1-56fe2ce85c71.jpg|https://image.production.fruitsfamily.com/public/product/resized%40width620/B0_z0fTPcu-d35f55767c4b.jpg|https://image.production.fruitsfamily.com/public/product/resized%40width620/RNuSpzfRNz-82d0381b77be.jpg|https://image.production.fruitsfamily.com/public/product/resized%40width620/ywUjGXyo8I-2bb3fcb524e6.jpg|https://image.production.fruitsfamily.com/public/product/resized%40width620/2xWHbuDL8s-39b2ecfe28e1.jpg|https://image.production.fruitsfamily.com/public/product/resized%40width620/qvvawahm5U-fe6a253d2032.jpg,data/images/adidas/10219757_01.jpg|data/images/adidas/10219757_02.jpg|data/images/adidas/10219757_03.jpg
FRUITSFAMILY,10413079,New Balance,New Balance,뉴빌란스 예스아이씨,100000,,260,"뉴발란스 x 예스아이씨 콜라보제품입니다
하자 왼발 라이닝 터짐",False,https://fruitsfamily.com/product/676s7/%EB%89%B4%EB%B9%8C%EB%9E%80%EC%8A%A4-%EC%98%88%EC%8A%A4%EC%95%84%EC%9D%B4%EC%94%A8,2026-08-03,https://image.production.fruitsfamily.com/public/product/resized%40width620/U8YTUk-Ct-f09d087646c8.jpg|https://image.production.fruitsfamily.com/public/product/resized%40width620/d54_e8dCAi-467ee167b068.jpg|https://image.production.fruitsfamily.com/public/product/resized%40width620/RMEt_GIhZ6-c24151758d1e.jpg,data/images/new_balance/10413079_01.jpg|data/images/new_balance/10413079_02.jpg|data/images/new_balance/10413079_03.jpg
FRUITSFAMILY,10167177,New Balance,New Balance,[255] 뉴발란스 474 블랙 레더,90000,,255,"브랜드: New Balance
제품명: 474 Black Leather
사이즈: 255 / US W8.5
상태: 6/10
구성: 단품
가격: 90,000

—

뉴발란스 474 여성 트레이닝화입니다
2000s 출시 모델입니다

Black on Black. Leather Upper. Tonal N Logo
Low-top. Lace-up
토널 블랙 레더 바디에 엠보싱 N 로고와 스트라이프 디테일이 특징입니다

뒷꿉치 밑창 하자가 존재합니다 착용에는 문제가 없어보입니다(마지막 사진)

🦶 반사이즈 업 착용 권장

문의는 채팅 부탁드립니다",False,https://fruitsfamily.com/product/61x1l/255-%EB%89%B4%EB%B0%9C%EB%9E%80%EC%8A%A4-474-%EB%B8%94%EB%9E%99-%EB%A0%88%EB%8D%94,2026-08-03,https://image.production.fruitsfamily.com/public/product/resized%40width620/DoL4A8uXP-d4d64f59b8f8.jpg|https://image.production.fruitsfamily.com/public/product/resized%40width620/RNUWS2LmTi-be8bc45cb2e6.jpg|https://image.production.fruitsfamily.com/public/product/resized%40width620/2AAGYOclGu-6d419559f882.jpg|https://image.production.fruitsfamily.com/public/product/resized%40width620/PNCjbW5mb2-7ce56e97f7af.jpg|https://image.production.fruitsfamily.com/public/product/resized%40width620/Sq0x4uYg8s-eb81f947f132.jpg|https://image.production.fruitsfamily.com/public/product/resized%40width620/UQtYx_XHFl-6c966cd3d8dd.jpg|https://image.production.fruitsfamily.com/public/product/resized%40width620/x8FmwSU_yG-70237fe2c2cf.jpg|https://image.production.fruitsfamily.com/public/product/resized%40width620/TC6jzSlNz_-c07a5f2b4756.jpg,data/images/new_balance/10167177_01.jpg|data/images/new_balance/10167177_02.jpg|data/images/new_balance/10167177_03.jpg
FRUITSFAMILY,9948459,New Balance,New Balance,[270] 뉴발란스 474 그레이 핑크,90000,,270,"브랜드: New Balance
제품명: 474 Grey / Pink
사이즈: 270 / US W10
상태: 9/10
구성: 단품
가격: 90,000

—

뉴발란스 474 여성 트레이닝화입니다
2000s 출시 모델로 핑크 N 로고가 포인트인 구성입니다

Grey. Mesh & Suede Upper. Pink N Logo
Low-top. Lace-up
그레이 메시 바디에 핑크 N 로고 디테일이 특징입니다

🦶 반사이즈 업 착용 권장

문의는 채팅 부탁드립니다",False,https://fruitsfamily.com/product/5x8a3/270-%EB%89%B4%EB%B0%9C%EB%9E%80%EC%8A%A4-474-%EA%B7%B8%EB%A0%88%EC%9D%B4-%ED%95%91%ED%81%AC,2026-08-03,https://image.production.fruitsfamily.com/public/product/resized%40width620/GCMMVpNYM-5e0f83eb9271.jpg|https://image.production.fruitsfamily.com/public/product/resized%40width620/2ZJR8kKweh-0197da4cc7a8.jpg|https://image.production.fruitsfamily.com/public/product/resized%40width620/yFdcxZONgh-ea49b41b6b17.jpg|https://image.production.fruitsfamily.com/public/product/resized%40width620/QGWwi5F7v-a66e89651f59.jpg|https://image.production.fruitsfamily.com/public/product/resized%40width620/BPlM2ZI8jq-dfba68f22ad6.jpg|https://image.production.fruitsfamily.com/public/product/resized%40width620/hvB-wUW7_--67ca9f1f8497.jpg|https://image.production.fruitsfamily.com/public/product/resized%40width620/yWWMIfUYCA-e391e15d64fa.jpg,data/images/new_balance/9948459_01.jpg|data/images/new_balance/9948459_02.jpg|data/images/new_balance/9948459_03.jpg
FRUITSFAMILY,10405961,New Balance,New Balance,뉴발란스2010 블랙 260사이즈 새제품팝니다,139500,155000,260,"뉴발란스 2010 블랙 260사이즈 새제품입니다. 신발 박스도 그대로 보관 중이며, 박스 안에도 새 상품임을 알 수 있는 상태입니다. 편하게 신기 좋은 데일리 스니커즈로 추천합니다. 구매 원하시면 바로 안전결제 해주시면 됩니다!",False,https://fruitsfamily.com/product/671ah/%EB%89%B4%EB%B0%9C%EB%9E%80%EC%8A%A42010-%EB%B8%94%EB%9E%99-260%EC%82%AC%EC%9D%B4%EC%A6%88-%EC%83%88%EC%A0%9C%ED%92%88%ED%8C%9D%EB%8B%88%EB%8B%A4,2026-08-03,https://image.production.fruitsfamily.com/public/product/resized%40width620/QSH9pn7Lx-e88f120e3eb5.jpg|https://image.production.fruitsfamily.com/public/product/resized%40width620/K2VEPM9_ga-02ec6a815343.jpg|https://image.production.fruitsfamily.com/public/product/resized%40width620/TLLJ2ZyMRK-4f43b1784987.jpg|https://image.production.fruitsfamily.com/public/product/resized%40width620/DVoaGfDefO-f52f6abd05d6.jpg,data/images/new_balance/10405961_01.jpg|data/images/new_balance/10405961_02.jpg|data/images/new_balance/10405961_03.jpg
FRUITSFAMILY,9650188,New Balance,New Balance,[275] 뉴발란스 997 x 키스 x 유나이티드애로우즈,385000,,275,"희소 매물로 뉴발 997 x kith x 유나이티트애로우즈 삼자 협업 제품입니다.  2018년 11월 발매 시 나카메구로 ㅋㅂㅊㄷ에서 구매, 여지껏 2회 정도 착용 후 보관만 하였습니다. 연식에 따른 사용감은 있으나 아웃솔 및 인솔 마모 거의 없는 좋은 컨디션 유지 중입니다. 여분끈 박스 포함입니다.",False,https://fruitsfamily.com/product/5qu4s/275-%EB%89%B4%EB%B0%9C%EB%9E%80%EC%8A%A4-997-x-%ED%82%A4%EC%8A%A4-x-%EC%9C%A0%EB%82%98%EC%9D%B4%ED%8B%B0%EB%93%9C%EC%95%A0%EB%A1%9C%EC%9A%B0%EC%A6%88,2026-08-03,https://image.production.fruitsfamily.com/public/product/resized%40width620/y794zT7wJ-63aeb485cb99.jpg|https://image.production.fruitsfamily.com/public/product/resized%40width620/uKKvQKi0cz-0197f0346a32.jpg|https://image.production.fruitsfamily.com/public/product/resized%40width620/4egq5m1Tff-16214e8d3a51.jpg|https://image.production.fruitsfamily.com/public/product/resized%40width620/c7PVoS_jMG-ea4b4f98971c.jpg|https://image.production.fruitsfamily.com/public/product/resized%40width620/qy1nKJkmnp-1808dfe1deec.jpg|https://image.production.fruitsfamily.com/public/product/resized%40width620/LVn-RHERKy-b1b958b14eb7.jpg|https://image.production.fruitsfamily.com/public/product/resized%40width620/BDVESnrPwn-3add9a3a4ee9.jpg,data/images/new_balance/9650188_01.jpg|data/images/new_balance/9650188_02.jpg|data/images/new_balance/9650188_03.jpg
FRUITSFAMILY,10388329,New Balance,New Balance,뉴발란스 993 265 스탠다드 D,240000,,265,"새상품입니다.
작년 25년 11월경에 구매 후 신지않아서 판매합니다.",False,https://fruitsfamily.com/product/66nop/%EB%89%B4%EB%B0%9C%EB%9E%80%EC%8A%A4-993-265-%EC%8A%A4%ED%83%A0%EB%8B%A4%EB%93%9C-d,2026-08-03,https://image.production.fruitsfamily.com/public/product/resized%40width620/uUY8geIIg-d83fd03e2bd9.jpg|https://image.production.fruitsfamily.com/public/product/resized%40width620/ohCkjzT73L-0430949a0a61.jpg|https://image.production.fruitsfamily.com/public/product/resized%40width620/r39JAtjd3--cb2db270dc81.jpg,data/images/new_balance/10388329_01.jpg|data/images/new_balance/10388329_02.jpg|data/images/new_balance/10388329_03.jpg
FRUITSFAMILY,10340005,New Balance,New Balance,뉴발란스 x 디스이즈네버댓 991v2 메이드 인 UK 그레이 260,260000,280000,260,"뉴발란스 x 디스이즈네버댓 991v2 메이드 인 UK 그레이 260 사이즈입니다. 박스와 여분 신발끈, 택까지 모두 포함된 상품입니다. 2000년대 초반의 디자인 감성을 담아 출시된 모델로, 소장 가치가 높습니다. 문의 없으시면 바로 안전결제 해주시면 됩니다!
쿨거 네고 가능",False,https://fruitsfamily.com/product/65med/%EB%89%B4%EB%B0%9C%EB%9E%80%EC%8A%A4-x-%EB%94%94%EC%8A%A4%EC%9D%B4%EC%A6%88%EB%84%A4%EB%B2%84%EB%8C%93-991v2-%EB%A9%94%EC%9D%B4%EB%93%9C-%EC%9D%B8-uk-%EA%B7%B8%EB%A0%88%EC%9D%B4-260,2026-08-03,https://image.production.fruitsfamily.com/public/product/resized%40width620/Ftv6buBZI-6505b9ea20d5.jpg|https://image.production.fruitsfamily.com/public/product/resized%40width620/LukSkZ8_Pz-a7e97be4be47.jpg|https://image.production.fruitsfamily.com/public/product/resized%40width620/Oxwu-8De17-35a9dacae690.jpg|https://image.production.fruitsfamily.com/public/product/resized%40width620/wFNdTTDMgR-77ecaf4060df.jpg|https://image.production.fruitsfamily.com/public/product/resized%40width620/HLPbMYp-VV-63124c76daf9.jpg|https://image.production.fruitsfamily.com/public/product/resized%40width620/_HQ-iJozOx-27ea8951ad0a.jpg,data/images/new_balance/10340005_01.jpg|data/images/new_balance/10340005_02.jpg|data/images/new_balance/10340005_03.jpg
FRUITSFAMILY,10399200,New Balance,New Balance,"[US9,270] 뉴발란스 204L 스웨이드 머쉬룸 팝니다.",100000,,270,"✔ 중O나O / 후루O에서도 동시 판매 중입니다.
✔ 번개장터 특성상 타 플랫폼 대비 가격이 다소 높게 책정되어 있습니다.

ㅇㅊ 가격입니다.

집에서 한번 신어만 보고 사이즈가 작아서 판매합니다.

사진에 빨간원 표시한곳에 살짝 얼룩이 있습니다.

✔ 단순 변심에 의한 환불은 불가합니다.
✔ 가품일 경우 100% 환불 보장합니다.
✔ 직거래 / 택배거래 가능합니다.",False,https://fruitsfamily.com/product/66w2o/us9-270-%EB%89%B4%EB%B0%9C%EB%9E%80%EC%8A%A4-204l-%EC%8A%A4%EC%9B%A8%EC%9D%B4%EB%93%9C-%EB%A8%B8%EC%89%AC%EB%A3%B8-%ED%8C%9D%EB%8B%88%EB%8B%A4,2026-08-03,https://image.production.fruitsfamily.com/public/product/resized%40width620/QFeb41Wz7-a4a805092525.jpg|https://image.production.fruitsfamily.com/public/product/resized%40width620/yaZBMG2O83-4555d4bf977e.jpg|https://image.production.fruitsfamily.com/public/product/resized%40width620/wvLV110q8O-f71cff062a88.jpg|https://image.production.fruitsfamily.com/public/product/resized%40width620/TLGH5VXi3i-aa385475cc73.jpg|https://image.production.fruitsfamily.com/public/product/resized%40width620/tfoJAyFaor-35b647d5f928.jpg,data/images/new_balance/10399200_01.jpg|data/images/new_balance/10399200_02.jpg|data/images/new_balance/10399200_03.jpg
FRUITSFAMILY,9104052,New Balance,New Balance,뉴발란스 450 브라운 260,99000,109000,260,"뉴발란스 450 입니다.
희귀탬이고
날렵한 쉐입이 요즘 트랜드에 맞는 제품이에요.
사이즈는 w260입니다.",False,https://fruitsfamily.com/product/5f4qc/%EB%89%B4%EB%B0%9C%EB%9E%80%EC%8A%A4-450-%EB%B8%8C%EB%9D%BC%EC%9A%B4-260,2026-08-03,https://image.production.fruitsfamily.com/public/product/resized%40width620/2cIZjIO3z-e1f6937bbc7b.jpg|https://image.production.fruitsfamily.com/public/product/resized%40width620/y3biGBmrDY-a450aa19dff1.jpg|https://image.production.fruitsfamily.com/public/product/resized%40width620/I5-R8CpZpO-3c0fe9bf00bc.jpg,data/images/new_balance/9104052_01.jpg|data/images/new_balance/9104052_02.jpg|data/images/new_balance/9104052_03.jpg
FRUITSFAMILY,10298557,New Balance,New Balance,[270] 뉴발란스 993 그레이,180000,190000,270,"크림 구매 뉴발란스 993 그레이 270D 사이즈입니다.
깨끗하게 신었고 생활감 정도 있습니다.
부츠 구두류를 파게되어서 판매합니다. 편하게 문의 바랍니다. 감사합니다.",False,https://fruitsfamily.com/product/64qf1/270-%EB%89%B4%EB%B0%9C%EB%9E%80%EC%8A%A4-993-%EA%B7%B8%EB%A0%88%EC%9D%B4,2026-08-03,https://image.production.fruitsfamily.com/public/product/resized%40width620/S3vU6OwxQ-0c6c95c73841.jpg|https://image.production.fruitsfamily.com/public/product/resized%40width620/KheN-C5igX-de2ae1b3c612.jpg|https://image.production.fruitsfamily.com/public/product/resized%40width620/LyFzkc8gUF-b71b1db5b06c.jpg|https://image.production.fruitsfamily.com/public/product/resized%40width620/VAaoIFDa7P-5fe007d04685.jpg|https://image.production.fruitsfamily.com/public/product/resized%40width620/D1n5nRdrgz-cd980d0030da.jpg|https://image.production.fruitsfamily.com/public/product/resized%40width620/6_lUFue9lz-f08bafa4d7bd.jpg|https://image.production.fruitsfamily.com/public/product/resized%40width620/AdyaSgy9hP-42470db7a716.jpg|https://image.production.fruitsfamily.com/public/product/resized%40width620/IqKZh9GPCe-64b45594a6c1.jpg,data/images/new_balance/10298557_01.jpg|data/images/new_balance/10298557_02.jpg|data/images/new_balance/10298557_03.jpg
FRUITSFAMILY,8762886,New Balance,New Balance,뉴발란스 x 도쿄 디자인 스튜디오 ML610S 다크 머쉬룸,120000,150000,280,"도쿄 디자인 스튜디오 x 뉴발란스 컬렉션

뉴발란스 610 실루엣을 재해석한 제품으로 구성된 이 제품은 메쉬 언더레이와 스웨이드 오버레이로 이루어진 디자인은 유지됐으나, 슈레이스가 제거되어 슬립온 형태를 띕니다. 또한 칼라와 텅 안엔 패드를 덧붙여 편안한 착화감을 제공하며 납작한 실루엣이 매력적인 제품입니다. 

사이즈미스로 판매합니다. 

풀박스입니다",False,https://fruitsfamily.com/product/57thi/%EB%89%B4%EB%B0%9C%EB%9E%80%EC%8A%A4-x-%EB%8F%84%EC%BF%84-%EB%94%94%EC%9E%90%EC%9D%B8-%EC%8A%A4%ED%8A%9C%EB%94%94%EC%98%A4-ml610s-%EB%8B%A4%ED%81%AC-%EB%A8%B8%EC%89%AC%EB%A3%B8,2026-08-03,https://image.production.fruitsfamily.com/public/product/resized%40width620/tMOnoN4gc-a17c61ba8d6b.jpg|https://image.production.fruitsfamily.com/public/product/resized%40width620/saM8amAHhk-788048ba456b.jpg|https://image.production.fruitsfamily.com/public/product/resized%40width620/m9NE_NCpua-3bba497d5d1c.jpg|https://image.production.fruitsfamily.com/public/product/resized%40width620/0fAW10FQXj-ae9615508361.jpg|https://image.production.fruitsfamily.com/public/product/resized%40width620/g1ZZ_2YyvJ-62E9AF93-8139-4A22-8B4F-90C9D78E0AC2.jpg,data/images/new_balance/8762886_01.jpg|data/images/new_balance/8762886_02.jpg|data/images/new_balance/8762886_03.jpg
FRUITSFAMILY,8508130,New Balance,New Balance,[240] 뉴발란스 레이니어 로우 스웨이드,95000,,240,"브랜드 뉴발란스
제품명 레이니어 로우 버건디
사이즈 us6 240
상태 새상품
기타 비브람 아웃솔 
트레킹 하이킹 아웃도어 등산 그래놀라",False,https://fruitsfamily.com/product/52cwy/240-%EB%89%B4%EB%B0%9C%EB%9E%80%EC%8A%A4-%EB%A0%88%EC%9D%B4%EB%8B%88%EC%96%B4-%EB%A1%9C%EC%9A%B0-%EC%8A%A4%EC%9B%A8%EC%9D%B4%EB%93%9C,2026-08-03,https://image.production.fruitsfamily.com/public/product/resized%40width620/wTT3agDayr-E4C8B4A5-DE69-4B13-BECC-63F6D0EC4201.jpg|https://image.production.fruitsfamily.com/public/product/resized%40width620/kAOyXdaFQT-78DA8012-BC86-44C6-BEA1-745A98779CF7.jpg|https://image.production.fruitsfamily.com/public/product/resized%40width620/xLtL5hR7l-92C980A3-4D9B-419C-A861-DED4B1DE7475.jpg|https://image.production.fruitsfamily.com/public/product/resized%40width620/BeW1kMeubA-A07463B9-048A-4AB3-891A-6069F883CAE9.jpg|https://image.production.fruitsfamily.com/public/product/resized%40width620/annTWPy55q-75FB2AD5-CACD-470F-9927-7649EA9AC248.jpg|https://image.production.fruitsfamily.com/public/product/resized%40width620/rA4NwhjyJa-B6330C89-90DA-4D90-A9E5-30FCE5B2EE88.jpg|https://image.production.fruitsfamily.com/public/product/resized%40width620/oE6FXvHlVz-C5E7B162-F752-4889-B1BF-963523AACCBB.jpg|https://image.production.fruitsfamily.com/public/product/resized%40width620/migQ-E-wT-e1e84192742c.jpg,data/images/new_balance/8508130_01.jpg|data/images/new_balance/8508130_02.jpg|data/images/new_balance/8508130_03.jpg
FRUITSFAMILY,9991227,New Balance,New Balance,[255] 뉴발란스 550 트리플 블랙,95000,,255,에어포스는 흔하고 질리신 분들께 올블랙 신발로 추천합니다 굽도 있고 예뻐요 단종된 모델이라 힘들게 구했지만 한두번 신어보고 사이즈 미스나서 판매합니다ㅜ_ㅜ,False,https://fruitsfamily.com/product/5y5a3/255-%EB%89%B4%EB%B0%9C%EB%9E%80%EC%8A%A4-550-%ED%8A%B8%EB%A6%AC%ED%94%8C-%EB%B8%94%EB%9E%99,2026-08-03,https://image.production.fruitsfamily.com/public/product/resized%40width620/snRnpTl3y-de1fe90e5559.jpg|https://image.production.fruitsfamily.com/public/product/resized%40width620/7t6Tb4_rvl-720c34022e76.jpg|https://image.production.fruitsfamily.com/public/product/resized%40width620/RoU9fwJ_3H-fd9d9f6ecf8c.jpg|https://image.production.fruitsfamily.com/public/product/resized%40width620/TYtIq8E5UG-0e2bc84916ef.jpg|https://image.production.fruitsfamily.com/public/product/resized%40width620/FlM2Y7XL8g-c31c89a07781.jpg|https://image.production.fruitsfamily.com/public/product/resized%40width620/Fr0F7Qon8k-4e200075c0f6.jpg|https://image.production.fruitsfamily.com/public/product/resized%40width620/BtkvYszwQ4-3d051d4dac3d.jpg|https://image.production.fruitsfamily.com/public/product/resized%40width620/OIaXhWRYo1-000e068d8132.jpg|https://image.production.fruitsfamily.com/public/product/resized%40width620/GkcPuKs3KC-a3826f76f40d.jpg,data/images/new_balance/9991227_01.jpg|data/images/new_balance/9991227_02.jpg|data/images/new_balance/9991227_03.jpg
FRUITSFAMILY,10180170,New Balance,New Balance,뉴발란스 996 블랙 (260),80000,,260,"-발볼: D / 품번: CM996BP
-사이즈: 260
-실착: 1회

제가 판매하는 물품 대부분이 실착 횟수가 적어 상태가 굉장히 좋습니다.

*안전거래만 진행 / 직거래 가능 / 환불 불가
*판매 중인 다른 제품과 함께 구매하실 경우 최종 총금액에서 10% 할인
*택배 봉투 안에 비닐 등으로 한 번 더 담아서 보내드립니다",False,https://fruitsfamily.com/product/6272i/%EB%89%B4%EB%B0%9C%EB%9E%80%EC%8A%A4-996-%EB%B8%94%EB%9E%99-260,2026-08-03,https://image.production.fruitsfamily.com/public/product/resized%40width620/gUJacZAbo-cb76dae64086.jpg|https://image.production.fruitsfamily.com/public/product/resized%40width620/5cjtAMpLPX-0e7543b09e24.jpg|https://image.production.fruitsfamily.com/public/product/resized%40width620/-9wDdnc73S-a780acfe30fc.jpg,data/images/new_balance/10180170_01.jpg|data/images/new_balance/10180170_02.jpg|data/images/new_balance/10180170_03.jpg
FRUITSFAMILY,10027388,New Balance,New Balance,뉴발란스 1906r 피스타치오,230000,,255,"인기많은 제품이라 직구로도 해당 사이즈 품절입니다.  

한 번도 안신은 새신발이고 박스도 있어요! 

사이즈미스로 판매합니다.",False,https://fruitsfamily.com/product/5yx6k/%EB%89%B4%EB%B0%9C%EB%9E%80%EC%8A%A4-1906r-%ED%94%BC%EC%8A%A4%ED%83%80%EC%B9%98%EC%98%A4,2026-08-03,https://image.production.fruitsfamily.com/public/product/resized%40width620/ly8lXzsy2-819a8c4c673c.jpg|https://image.production.fruitsfamily.com/public/product/resized%40width620/Sp-k7FqbQg-0e8b651a4148.jpg|https://image.production.fruitsfamily.com/public/product/resized%40width620/AhL247z5pe-1bc18c4d33a0.jpg|https://image.production.fruitsfamily.com/public/product/resized%40width620/a0b3uFpD-4-ef377ae76c10.jpg|https://image.production.fruitsfamily.com/public/product/resized%40width620/mANWCh-0HD-644a479d5007.jpg,data/images/new_balance/10027388_01.jpg|data/images/new_balance/10027388_02.jpg|data/images/new_balance/10027388_03.jpg
FRUITSFAMILY,10160870,New Balance,New Balance,뉴발란스 2010 블랙 270사이즈,149000,,270,뉴발란스 2010 모델 블랙 색상 270사이즈입니다. 구매 후 2회 착용했으며 눈에 띄는 큰 오염이나 하자는 없습니다. 신발 박스도 함께 보내드립니다. 구매 원하시면 바로 안전결제 해주시면 됩니다!,False,https://fruitsfamily.com/product/61s6e/%EB%89%B4%EB%B0%9C%EB%9E%80%EC%8A%A4-2010-%EB%B8%94%EB%9E%99-270%EC%82%AC%EC%9D%B4%EC%A6%88,2026-08-03,https://image.production.fruitsfamily.com/public/product/resized%40width620/RzA5J0-rM-38eddc3c6169.jpg|https://image.production.fruitsfamily.com/public/product/resized%40width620/YPtt6G8I4F-5ec212d7a337.jpg|https://image.production.fruitsfamily.com/public/product/resized%40width620/0VzyVVNI1y-f10811a5ad34.jpg|https://image.production.fruitsfamily.com/public/product/resized%40width620/6PS860Di_O-2dc23f882e86.jpg|https://image.production.fruitsfamily.com/public/product/resized%40width620/7R0SSMc_0D-b3296e8c457a.jpg|https://image.production.fruitsfamily.com/public/product/resized%40width620/iOeaTjxWsF-e4a78350a8cd.jpg,data/images/new_balance/10160870_01.jpg|data/images/new_balance/10160870_02.jpg|data/images/new_balance/10160870_03.jpg
FRUITSFAMILY,10075171,New Balance,New Balance,뉴발란스 엑슬림 509 블랙 260 김도희,150000,,260,엑슬림 디렉터 김도희가 디자인한 뉴발란스의 509 블랙입니다. 착용 1회로 보시는 것처럼 아주 좋은 상태입니다!,False,https://fruitsfamily.com/product/5zy1v/%EB%89%B4%EB%B0%9C%EB%9E%80%EC%8A%A4-%EC%97%91%EC%8A%AC%EB%A6%BC-509-%EB%B8%94%EB%9E%99-260-%EA%B9%80%EB%8F%84%ED%9D%AC,2026-08-03,https://image.production.fruitsfamily.com/public/product/resized%40width620/SDn16L88X-ae262eee4b30.jpg|https://image.production.fruitsfamily.com/public/product/resized%40width620/W-Rjqwizot-6614dc616d77.jpg|https://image.production.fruitsfamily.com/public/product/resized%40width620/KeJceuR-s2-13fa32ead876.jpg|https://image.production.fruitsfamily.com/public/product/resized%40width620/v6pkttuR-a-bd7ba478ba47.jpg,data/images/new_balance/10075171_01.jpg|data/images/new_balance/10075171_02.jpg|data/images/new_balance/10075171_03.jpg
FRUITSFAMILY,8566843,New Balance,New Balance,뉴발란스 1880 v2 새상품,137000,,280,"공홈에서 구매 후 사이즈미스로 판매합니다. 
택만 제거된 상태에요.",False,https://fruitsfamily.com/product/53m7v/%EB%89%B4%EB%B0%9C%EB%9E%80%EC%8A%A4-1880-v2-%EC%83%88%EC%83%81%ED%92%88,2026-08-03,https://image.production.fruitsfamily.com/public/product/resized%40width620/TYi3YFm-u-68738c9ce5f4.jpg|https://image.production.fruitsfamily.com/public/product/resized%40width620/aRfBnRtjW9-1775356964579.jpg|https://image.production.fruitsfamily.com/public/product/resized%40width620/K-lZr5Ltrz-1775356748824.jpg,data/images/new_balance/8566843_01.jpg|data/images/new_balance/8566843_02.jpg|data/images/new_balance/8566843_03.jpg
FRUITSFAMILY,10065156,New Balance,New Balance,뉴발란스 442 그레이,100000,,260,"빈티지 뉴발란스 442 판매합니다. 미우미우 협업 모델이랑 비슷한 쉐입으로, 최근 여러 브랜드에서 442 같은 쉐입의 신발을 많이 내고 있습니다. 약간의 얼룩 빼고는 하자 없습니다. 빈티지샵에서 사고 사이즈 안 맞아서 판매합니다.

*구매의사 가지신 분들만 문의 부탁드립니다.
*찔러보기 후 잠수탈 시 차단하겠습니다.",False,https://fruitsfamily.com/product/5zqbo/%EB%89%B4%EB%B0%9C%EB%9E%80%EC%8A%A4-442-%EA%B7%B8%EB%A0%88%EC%9D%B4,2026-08-03,https://image.production.fruitsfamily.com/public/product/resized%40width620/k8XHfXgwA-375e380d1588.jpg|https://image.production.fruitsfamily.com/public/product/resized%40width620/b3T7Om6hoE-1ff9718df484.jpg|https://image.production.fruitsfamily.com/public/product/resized%40width620/lv4nAsR_NK-48251bc51e43.jpg|https://image.production.fruitsfamily.com/public/product/resized%40width620/8_oy7DZG9a-8cb6525c05d3.jpg,data/images/new_balance/10065156_01.jpg|data/images/new_balance/10065156_02.jpg|data/images/new_balance/10065156_03.jpg
FRUITSFAMILY,10360778,New Balance,New Balance,뉴발란스 990v6 280 판매,100000,105000,280,"뉴발란스 990v6 280 판매합니다
다른 신발이 많아서 판매합니다
뒤꿈치 푸착하였습니다~!
박스는 없어서 다른 박스에 넣어서 드리겠습니다
정품입니다
연락주세요~",False,https://fruitsfamily.com/product/662fe/%EB%89%B4%EB%B0%9C%EB%9E%80%EC%8A%A4-990v6-280-%ED%8C%90%EB%A7%A4,2026-08-03,https://image.production.fruitsfamily.com/public/product/resized%40width620/H1s0FGSxZ-32509ee12003.jpg|https://image.production.fruitsfamily.com/public/product/resized%40width620/cXl4aXyy4p-6e20148c4477.jpg|https://image.production.fruitsfamily.com/public/product/resized%40width620/6hLKX6KxGu-6eb40ebe3d5d.jpg|https://image.production.fruitsfamily.com/public/product/resized%40width620/IYOOSukHI7-bb5e524388b0.jpg,data/images/new_balance/10360778_01.jpg|data/images/new_balance/10360778_02.jpg|data/images/new_balance/10360778_03.jpg
FRUITSFAMILY,10388626,OOFOS,OOFOS,우포스 우아플러스 슬라이드,85000,,260,"작년 모델입니다.
전국 재고 남성사이즈 단하나도없는 제품입니다.
일본에서 구입했습니다.
서치후 가격비교해서 구매하시길바랍니다.
1회착용 매우 단시간. 궆높이 4.5cm 정도
블랙
m8 사이즈 국내기준 260",False,https://fruitsfamily.com/product/66nwy/%EC%9A%B0%ED%8F%AC%EC%8A%A4-%EC%9A%B0%EC%95%84%ED%94%8C%EB%9F%AC%EC%8A%A4-%EC%8A%AC%EB%9D%BC%EC%9D%B4%EB%93%9C,2026-08-03,https://image.production.fruitsfamily.com/public/product/resized%40width620/50mVorUV0-c9a7451f3907.jpg|https://image.production.fruitsfamily.com/public/product/resized%40width620/fxtQ16rSvQ-76d194ed1b81.jpg|https://image.production.fruitsfamily.com/public/product/resized%40width620/tdavOF7cAR-a70243c9ee84.jpg|https://image.production.fruitsfamily.com/public/product/resized%40width620/smHHfpnfwG-51978e39c160.jpg|https://image.production.fruitsfamily.com/public/product/resized%40width620/X1GvcIEZoc-57b2afbfd9aa.jpg|https://image.production.fruitsfamily.com/public/product/resized%40width620/hwmW8fFDH9-7c942fff81ab.jpg|https://image.production.fruitsfamily.com/public/product/resized%40width620/GLD4vQbs09-1fbdf49cce7a.jpg,data/images/oofos/10388626_01.jpg|data/images/oofos/10388626_02.jpg|data/images/oofos/10388626_03.jpg
FRUITSFAMILY,5004582,OOFOS,OOFOS,"OOFOS 우포스 오리지널 조리,쪼리,슬리퍼 나바호 커스텀",95000,,OS,"36 US M3W5 220
37 US M4W6 230
38 US M5W7 240
39 US M6W8 250
40 US M7W9 255 
41 US M8W10 260
42 US M9W11 270
43 US M10W12 280
44 US M11W13 290

•참고로 우포스는 .5단위 사이즈는 하나만 나오는 관계로 본인 발 사이즈가 5로 끝나시면 일업 권장 드립니다.

•패키지는 2022~2026년형(사진 참고) 폴리백 또는 박스 구성이며 매 입고시마다 랜덤으로 발송 제조국 또한 Korea, Vietnam 랜덤입니다

• 사진 터치후 보시면 신발과,스톤 전컬러 보실수 있습니다.

• 오더시 4~5일 소요 

• 컬러:블랙,노마드,에그녹 외 시중에 판매되고 있는 전 컬러 주문 가능 하나 판매 금액은 상이 할수 있습니다

• 스톤 컬러:블랙,터키,레드 

•네고 문의 답장X

• 2개 이상 구매시 택배비 무료

• 우체국(4000원),일반 편택(3500)

• 주문 예시:블랙 41,레드 스톤 

• 당일 재고가 없을 시 시간이 더 소요될 수 있으니 주문 전 문의하시고 다른 분들 찜하기 돼있는 관계로 문의 없는 결제는 자동 취소됩니다

• 본인 소유 우포스 제품도 작업 가능 (39000원) 왕복 택배비 본인 부담

• 가격은 시즌별 재고 여부에 따라 상이할수 있습니다

⚠️네고 문의 답장 안함,문의 후 잠수 차단",False,https://fruitsfamily.com/product/2z9k6/oofos-%EC%9A%B0%ED%8F%AC%EC%8A%A4-%EC%98%A4%EB%A6%AC%EC%A7%80%EB%84%90-%EC%A1%B0%EB%A6%AC-%EC%AA%BC%EB%A6%AC-%EC%8A%AC%EB%A6%AC%ED%8D%BC-%EB%82%98%EB%B0%94%ED%98%B8-%EC%BB%A4%EC%8A%A4%ED%85%80,2026-08-03,https://image.production.fruitsfamily.com/public/product/resized%40width620/UeC2gTVJ3a-776A825C-747A-410E-9BB9-9AA9EBD266E4.jpg|https://image.production.fruitsfamily.com/public/product/resized%40width620/jJNTkzvtRh-FF9342D5-ABFD-4F03-ACED-5CE8B015CDAD.jpg|https://image.production.fruitsfamily.com/public/product/resized%40width620/EJEorVmCrj-D44CE1C4-36CC-412C-B577-F5E0D30E0721.jpg|https://image.production.fruitsfamily.com/public/product/resized%40width620/Zt1LM8f1z-C850A9CA-E1C3-43F9-B469-2DE6D908BA80.jpg|https://image.production.fruitsfamily.com/public/product/resized%40width620/DYM05x8c0X-D91234E4-6EF7-46AB-A4D3-7D68CD5932D7.jpg|https://image.production.fruitsfamily.com/public/product/resized%40width620/lsQzYc__qP-59A53593-CD8B-45F7-8633-D8910A7422CF.jpg|https://image.production.fruitsfamily.com/public/product/resized%40width620/NxQxEo579q-41E80A95-2858-4522-8E2D-C4E2422F7DE9.jpg|https://image.production.fruitsfamily.com/public/product/resized%40width620/RHefZkTOW5-6406DBE4-1B52-48AC-8AA0-E0C2DFD9B432.jpg|https://image.production.fruitsfamily.com/public/product/resized%40width620/Hz-VIOYU5p-9087E283-9CCE-44E9-81C5-091E18ABB5ED.jpg,data/images/oofos/5004582_01.jpg|data/images/oofos/5004582_02.jpg|data/images/oofos/5004582_03.jpg
FRUITSFAMILY,10179494,OOFOS,OOFOS,우포스 솔로이스트 슬라이드 260 m8 w10,95000,,260,"우포스 솔로이스트 슬라이드 260 사이즈 입니다
편하게 신기 좋습니다
문의사항 채팅 주세요",False,https://fruitsfamily.com/product/626jq/%EC%9A%B0%ED%8F%AC%EC%8A%A4-%EC%86%94%EB%A1%9C%EC%9D%B4%EC%8A%A4%ED%8A%B8-%EC%8A%AC%EB%9D%BC%EC%9D%B4%EB%93%9C-260-m8-w10,2026-08-03,https://image.production.fruitsfamily.com/public/product/resized%40width620/ds5gxdgeU-81c4a4bc0acd.jpg|https://image.production.fruitsfamily.com/public/product/resized%40width620/jT1suga8e5-1b0b11aba69e.jpg|https://image.production.fruitsfamily.com/public/product/resized%40width620/FuV5YSApAW-1a88815b9838.jpg,data/images/oofos/10179494_01.jpg|data/images/oofos/10179494_02.jpg|data/images/oofos/10179494_03.jpg
FRUITSFAMILY,10374952,OOFOS,OOFOS,우포스 오리지날 블랙,110000,,300,"우포스 오리지날 블랙

300(M12/W14) 사이즈

새제품",False,https://fruitsfamily.com/product/66dd4/%EC%9A%B0%ED%8F%AC%EC%8A%A4-%EC%98%A4%EB%A6%AC%EC%A7%80%EB%82%A0-%EB%B8%94%EB%9E%99,2026-08-03,https://image.production.fruitsfamily.com/public/product/resized%40width620/LkObRLXkp-0cfbbff5b8dd.jpg|https://image.production.fruitsfamily.com/public/product/resized%40width620/EHPePpTR2F-8177eb2e7a04.jpg|https://image.production.fruitsfamily.com/public/product/resized%40width620/SALfE3IqH3-19524f018369.jpg,data/images/oofos/10374952_01.jpg|data/images/oofos/10374952_02.jpg|data/images/oofos/10374952_03.jpg
FRUITSFAMILY,10374062,OOFOS,OOFOS,우포스 울랄라 오메가 쪼리 230,70000,,230,"우포스 울랄라 오메가 블랙 230 사이즈 판매합니다. 

가볍고 부드러워 오래 신어도 발이 편안하고 굽이 있어 키도 보완되어 추천합니다! 밖에서 2-3회정도 착용후 신지 않아 사용감 적고 알코올로 표면 닦아 보관해둔 상태입니다! 10만원 전후로 구매했는데 상태대비 좋은 가격에 데려가세요! 비슷한 디자인의 다른 쪼리가 있어 좋은 컨디션과 가격에 판매합니다.. 판매 계획이 없었던지라 박스틑 버려서 다른 박스에 안전하게 포장해 보내드리겠습니다

교환 환불 x",False,https://fruitsfamily.com/product/66coe/%EC%9A%B0%ED%8F%AC%EC%8A%A4-%EC%9A%B8%EB%9E%84%EB%9D%BC-%EC%98%A4%EB%A9%94%EA%B0%80-%EC%AA%BC%EB%A6%AC-230,2026-08-03,https://image.production.fruitsfamily.com/public/product/resized%40width620/F9ilr2cjL-4a6704d1dcab.jpg|https://image.production.fruitsfamily.com/public/product/resized%40width620/rDtIRh8Ukz-27c926807970.jpg|https://image.production.fruitsfamily.com/public/product/resized%40width620/OmBwVxBypb-38e1268ec54a.jpg|https://image.production.fruitsfamily.com/public/product/resized%40width620/1IXsKGs5hg-70d4c3bc974c.jpg,data/images/oofos/10374062_01.jpg|data/images/oofos/10374062_02.jpg|data/images/oofos/10374062_03.jpg
FRUITSFAMILY,10395155,OOFOS,OOFOS,솔로이스트x우포스 250사이즈,150000,,250,"스크레치 찍힘 하자 없습니다!
전용 더스프백도 같이 있어요
상태는 사진 참고해쥬세여
5번정도 신었습니다",False,https://fruitsfamily.com/product/66syb/%EC%86%94%EB%A1%9C%EC%9D%B4%EC%8A%A4%ED%8A%B8x%EC%9A%B0%ED%8F%AC%EC%8A%A4-250%EC%82%AC%EC%9D%B4%EC%A6%88,2026-08-03,https://image.production.fruitsfamily.com/public/product/resized%40width620/hcZK3MK6U-818e9ac4ffe9.jpg|https://image.production.fruitsfamily.com/public/product/resized%40width620/BtkjOmg6Fw-c1df1114bf21.jpg,data/images/oofos/10395155_01.jpg|data/images/oofos/10395155_02.jpg
FRUITSFAMILY,10215964,OOFOS,OOFOS,우포스 x 예스아이씨 OOcloog 블랙 260,90000,100000,260,260사이즈 새상품입니다.,False,https://fruitsfamily.com/product/62yos/%EC%9A%B0%ED%8F%AC%EC%8A%A4-x-%EC%98%88%EC%8A%A4%EC%95%84%EC%9D%B4%EC%94%A8-oocloog-%EB%B8%94%EB%9E%99-260,2026-08-03,https://image.production.fruitsfamily.com/public/product/resized%40width620/-IBR8H5Vk-bd7c5e27dd8c.jpg|https://image.production.fruitsfamily.com/public/product/resized%40width620/6-vCr3-3av-d554996e1d5e.jpg|https://image.production.fruitsfamily.com/public/product/resized%40width620/7cL5Zm23fS-fe6e1ab89dd3.jpg,data/images/oofos/10215964_01.jpg|data/images/oofos/10215964_02.jpg|data/images/oofos/10215964_03.jpg
FRUITSFAMILY,9954370,OOFOS,OOFOS,우포스 울랄라 네온 베리 255,54000,60000,255,"우포스 울랄라 네온 베리 255 판매합니다
유니섹스 새상품
계좌거래시 수수료,배송비 면제",False,https://fruitsfamily.com/product/5xcua/%EC%9A%B0%ED%8F%AC%EC%8A%A4-%EC%9A%B8%EB%9E%84%EB%9D%BC-%EB%84%A4%EC%98%A8-%EB%B2%A0%EB%A6%AC-255,2026-08-03,https://image.production.fruitsfamily.com/public/product/resized%40width620/KjToNTzlU-497d71b1f284.jpg|https://image.production.fruitsfamily.com/public/product/resized%40width620/AQDt16UqRE-67a376ef745c.jpg|https://image.production.fruitsfamily.com/public/product/resized%40width620/F9IFwe9uDc-602dc405ebf5.jpg,data/images/oofos/9954370_01.jpg|data/images/oofos/9954370_02.jpg|data/images/oofos/9954370_03.jpg
FRUITSFAMILY,8903862,OOFOS,OOFOS,우포스x디스이즈네버댓 클로그 블랙 260사이즈,202500,225000,260,"우포스x디스이즈네버댓 클로그 블랙 260사이즈 
크림에서 구매한 정품입니다 
10회정도 착용하였으며 
하자,오염 없습니다 
현재는 품절되어 매물 구하기 힘든제품입니다 
주우재님이 착용했던 상품입니다 
박스없는 단품입니다

크록스 버켄스탁 룰루 오로라슈즈",False,https://fruitsfamily.com/product/5au9i/%EC%9A%B0%ED%8F%AC%EC%8A%A4x%EB%94%94%EC%8A%A4%EC%9D%B4%EC%A6%88%EB%84%A4%EB%B2%84%EB%8C%93-%ED%81%B4%EB%A1%9C%EA%B7%B8-%EB%B8%94%EB%9E%99-260%EC%82%AC%EC%9D%B4%EC%A6%88,2026-08-03,https://image.production.fruitsfamily.com/public/product/resized%40width620/sxXHyTkdz-3fb2c4f8031f.jpg|https://image.production.fruitsfamily.com/public/product/resized%40width620/XhagkU6hyl-147cd34e8ed0.jpg|https://image.production.fruitsfamily.com/public/product/resized%40width620/lPmfF9IVh5-6487a8e837b9.jpg,data/images/oofos/8903862_01.jpg|data/images/oofos/8903862_02.jpg|data/images/oofos/8903862_03.jpg
FRUITSFAMILY,10393257,OOFOS,OOFOS,폴리테루x우포스 클로그 블랙,120000,,250,"폴리테루와 우포스의 콜라보 클로그 블랙 색상입니다.
한번 신고 나갔고 상태 좋습니다.
저한테 커서 판매해요
편안한 착용감과 유니크한 디자인으로 어디에나 잘 어울립니다.
상태는 사진으로 확인해주세요.
구매 원하시면 바로 구매 해주시면 됩니다!",False,https://fruitsfamily.com/product/66rhl/%ED%8F%B4%EB%A6%AC%ED%85%8C%EB%A3%A8x%EC%9A%B0%ED%8F%AC%EC%8A%A4-%ED%81%B4%EB%A1%9C%EA%B7%B8-%EB%B8%94%EB%9E%99,2026-08-03,https://image.production.fruitsfamily.com/public/product/resized%40width620/SYPiI74wU-efa3b6e6cbf0.jpg|https://image.production.fruitsfamily.com/public/product/resized%40width620/oxNDj1qvnD-e157c5bed6aa.jpg,data/images/oofos/10393257_01.jpg|data/images/oofos/10393257_02.jpg
FRUITSFAMILY,10326972,OOFOS,OOFOS,(250/W8) 우포스 울랄라 오메가 노마드,145000,,250,"(W) 우포스 울랄라 오메가 노마드 
250 사이즈 판매합니다 ! 🤎

사이즈는 남여공용입니다.
정품 새상품입니다 !
* W8/EU39 *

새상품입니다.

구매 원하시는분 계시면 채팅 주세요 :)

🌱 택배 거래, ( 택배비 포함 )
      평일기준 서울/경기권 다음날 택배 받을 수      
      있습니다 ! 지방은 1-2일 소요될 수 있어요. 🙂

✨ 모든 제품 직접 구매하여 정품입니다 !

❄️ 직거래, 교환, 환불 불가능합니다.",False,https://fruitsfamily.com/product/65ccc/250-w8-%EC%9A%B0%ED%8F%AC%EC%8A%A4-%EC%9A%B8%EB%9E%84%EB%9D%BC-%EC%98%A4%EB%A9%94%EA%B0%80-%EB%85%B8%EB%A7%88%EB%93%9C,2026-08-03,https://image.production.fruitsfamily.com/public/product/resized%40width620/5Xn2p2slF-acce40d86643.jpg,data/images/oofos/10326972_01.jpg
FRUITSFAMILY,9562998,OOFOS,OOFOS,우포스 쪼리 슬리퍼 38,28800,36000,240,"우포스 쪼리 슬리퍼 38사이즈 판매합니다. 
베이지색상의 심플한 디자인으로 어떤 옷에도 잘 어울립니다. 
착용감 편하고 쿠션감이 좋아 데일리로 신기 좋습니다. 
구매 원하시면 바로 안전결제 해주시면 됩니다!",False,https://fruitsfamily.com/product/5oyuu/%EC%9A%B0%ED%8F%AC%EC%8A%A4-%EC%AA%BC%EB%A6%AC-%EC%8A%AC%EB%A6%AC%ED%8D%BC-38,2026-08-03,https://image.production.fruitsfamily.com/public/product/resized%40width620/_aaSBywER-0cee3b1e8fcd.jpg|https://image.production.fruitsfamily.com/public/product/resized%40width620/0GiGAWr1Hv-f3021034f85e.jpg|https://image.production.fruitsfamily.com/public/product/resized%40width620/RQxEiSGQ3Q-252ac3f4fb00.jpg|https://image.production.fruitsfamily.com/public/product/resized%40width620/pXp71a_ymb-13137c2d6d48.jpg|https://image.production.fruitsfamily.com/public/product/resized%40width620/JkviWrlgQl-3406a730bcb6.jpg|https://image.production.fruitsfamily.com/public/product/resized%40width620/Zy9x8bZ-dH-d3c6db3cf3dd.jpg|https://image.production.fruitsfamily.com/public/product/resized%40width620/rz7zet4U8-5fb7439673e8.jpg|https://image.production.fruitsfamily.com/public/product/resized%40width620/hFAf_GugVj-5c0d3d48ddea.jpg,data/images/oofos/9562998_01.jpg|data/images/oofos/9562998_02.jpg|data/images/oofos/9562998_03.jpg
FRUITSFAMILY,9383848,OOFOS,OOFOS,우포스 x 타카히로미야시타 더 솔로이스트 시그니쳐 슬라이더 블랙 화이트,149000,,240,"상태 9/10
M6-W8
박스x",False,https://fruitsfamily.com/product/5l4mg/%EC%9A%B0%ED%8F%AC%EC%8A%A4-x-%ED%83%80%EC%B9%B4%ED%9E%88%EB%A1%9C%EB%AF%B8%EC%95%BC%EC%8B%9C%ED%83%80-%EB%8D%94-%EC%86%94%EB%A1%9C%EC%9D%B4%EC%8A%A4%ED%8A%B8-%EC%8B%9C%EA%B7%B8%EB%8B%88%EC%B3%90-%EC%8A%AC%EB%9D%BC%EC%9D%B4%EB%8D%94-%EB%B8%94%EB%9E%99-%ED%99%94%EC%9D%B4%ED%8A%B8,2026-08-03,https://image.production.fruitsfamily.com/public/product/resized%40width620/BBJAMjhGB-f50b1fefdd6d.jpg|https://image.production.fruitsfamily.com/public/product/resized%40width620/jTLjXlSsrL-70cf9a1ec8af.jpg|https://image.production.fruitsfamily.com/public/product/resized%40width620/49oCcYiH1a-6ef785af3b0f.jpg,data/images/oofos/9383848_01.jpg|data/images/oofos/9383848_02.jpg|data/images/oofos/9383848_03.jpg
FRUITSFAMILY,10088863,OOFOS,OOFOS,(43)우포스 오리지널 플리플랍 쪼리 블랙,39000,43000,280,사용감 있으나 상태 양호합니다,False,https://fruitsfamily.com/product/608m7/43-%EC%9A%B0%ED%8F%AC%EC%8A%A4-%EC%98%A4%EB%A6%AC%EC%A7%80%EB%84%90-%ED%94%8C%EB%A6%AC%ED%94%8C%EB%9E%8D-%EC%AA%BC%EB%A6%AC-%EB%B8%94%EB%9E%99,2026-08-03,https://image.production.fruitsfamily.com/public/product/resized%40width620/U5DYJUM244-0e0cca873a09.jpg|https://image.production.fruitsfamily.com/public/product/resized%40width620/LMimwUhLZ-57480882c3d5.jpg|https://image.production.fruitsfamily.com/public/product/resized%40width620/WknTl0M9jN-15fbe04663e6.jpg|https://image.production.fruitsfamily.com/public/product/resized%40width620/S0PN2cZJdQ-3a46d09d6087.jpg,data/images/oofos/10088863_01.jpg|data/images/oofos/10088863_02.jpg|data/images/oofos/10088863_03.jpg
FRUITSFAMILY,9658234,OOFOS,OOFOS,새상품_ 우포스 230 올리브 드랩 컬러,55200,69000,230,"OOFOS
OOFOS OORIGINAL FLIP FLOP
우포스 오리지널 플립 플랍 

🩶컬러:: 올리브 드랩
📏사이즈:: 230

풀박스 새상품입니다

* 교환, 환불 불가합니다
*안전결제로만 거래합니다
*택배거래만 가능합니다 (직거래,퀵 안해요)

#우포스230 #우포스그레이 #우포스",False,https://fruitsfamily.com/product/5r0ca/%EC%83%88%EC%83%81%ED%92%88-%EC%9A%B0%ED%8F%AC%EC%8A%A4-230-%EC%98%AC%EB%A6%AC%EB%B8%8C-%EB%93%9C%EB%9E%A9-%EC%BB%AC%EB%9F%AC,2026-08-03,https://image.production.fruitsfamily.com/public/product/resized%40width620/nNlXVzGGF-e401aad53ed3.jpg|https://image.production.fruitsfamily.com/public/product/resized%40width620/CyPntTVOFo-a96866e5408b.jpg|https://image.production.fruitsfamily.com/public/product/resized%40width620/gaXhT71OvK-688070bcb4ee.jpg|https://image.production.fruitsfamily.com/public/product/resized%40width620/etu5n63F8W-3c4e5762b5a8.jpg|https://image.production.fruitsfamily.com/public/product/resized%40width620/AIPCQRVe5D-c79b7a0e4cf4.jpg|https://image.production.fruitsfamily.com/public/product/resized%40width620/k_9-7G9AEe-ce379dfbf704.jpg|https://image.production.fruitsfamily.com/public/product/resized%40width620/4dOUo_ODXC-9529e1722a5f.jpg,data/images/oofos/9658234_01.jpg|data/images/oofos/9658234_02.jpg|data/images/oofos/9658234_03.jpg
FRUITSFAMILY,10074877,OOFOS,OOFOS,우포스 슬리퍼 230,15000,25000,230,"M4-M6
EU37
230
사진 더 필요하시면 말씀해주세요!",False,https://fruitsfamily.com/product/5zxtp/%EC%9A%B0%ED%8F%AC%EC%8A%A4-%EC%8A%AC%EB%A6%AC%ED%8D%BC-230,2026-08-03,https://image.production.fruitsfamily.com/public/product/resized%40width620/VDBNB1JRU-e832d1c3cebb.jpg|https://image.production.fruitsfamily.com/public/product/resized%40width620/l-HcHm2tGD-0c271891b9c3.jpg,data/images/oofos/10074877_01.jpg|data/images/oofos/10074877_02.jpg
FRUITSFAMILY,9951085,OOFOS,OOFOS,우포스 / 우포스 x 꼬르소꼬모 / 260,150000,160000,260,"미시착 새상품 판매합니다
m8w10 260사이즈",False,https://fruitsfamily.com/product/5xab1/%EC%9A%B0%ED%8F%AC%EC%8A%A4-%EC%9A%B0%ED%8F%AC%EC%8A%A4-x-%EA%BC%AC%EB%A5%B4%EC%86%8C%EA%BC%AC%EB%AA%A8-260,2026-08-03,https://image.production.fruitsfamily.com/public/product/resized%40width620/jMTOPBocL-57f96fd10e49.jpg,data/images/oofos/9951085_01.jpg
FRUITSFAMILY,9819696,OOFOS,OOFOS,우포스 x 폴리테루 (새상품),180000,,240,"사이즈 미스로 판매합니다 ㅠㅠ 
240이고 크림에서 구매했습니다 그대로 드려요 

##새상품 230으로 교환도 가능합니다!",False,https://fruitsfamily.com/product/5ugxc/%EC%9A%B0%ED%8F%AC%EC%8A%A4-x-%ED%8F%B4%EB%A6%AC%ED%85%8C%EB%A3%A8-%EC%83%88%EC%83%81%ED%92%88,2026-08-03,https://image.production.fruitsfamily.com/public/product/resized%40width620/hYMrk8wDT-9c99c9b3e002.jpg,data/images/oofos/9819696_01.jpg
FRUITSFAMILY,9520269,OOFOS,OOFOS,우포스 슬라이드 EU37 (230),32000,,230,"사진그대로고 구매 의사있으시다면 바로 구매해주세요

몇번 안신었는데 (5회 미만) 밝은 색이라 한 번의 착용에도 개인마다 상태가 다르게 느껴질 수 있을 것 같아 설명보다는 사진으로 참고해주시면 감사하겠습니다

상태 여쭤보셔도 주관적으로는 좋다고 말씀드릴 수 있는데 중고거래 특성상 개개인마다 입장이 다르니 참고하셔서 구매하시면 좋을 듯 합니다

사이즈는 EU37 보통 230정도라고 합니다
교환 환불이 어려워 사이즈 시착 또는 충분한 검색 후 구매하시면 좋을 것 같습니다",False,https://fruitsfamily.com/product/5o1vx/%EC%9A%B0%ED%8F%AC%EC%8A%A4-%EC%8A%AC%EB%9D%BC%EC%9D%B4%EB%93%9C-eu37-230,2026-08-03,https://image.production.fruitsfamily.com/public/product/resized%40width620/BwTNFrPJc-1995afd0e1e8.jpg|https://image.production.fruitsfamily.com/public/product/resized%40width620/TMkDnXHX9U-00d8ed528f77.jpg|https://image.production.fruitsfamily.com/public/product/resized%40width620/M9na62V2So-83569ba68a49.jpg,data/images/oofos/9520269_01.jpg|data/images/oofos/9520269_02.jpg|data/images/oofos/9520269_03.jpg
FRUITSFAMILY,9372037,OOFOS,OOFOS,(구매) 우포스 x 솔로이스트 구합니다!!!,9999999,,290,선제시해주세요!!! US M11 원합니다,False,https://fruitsfamily.com/product/5kvid/%EA%B5%AC%EB%A7%A4-%EC%9A%B0%ED%8F%AC%EC%8A%A4-x-%EC%86%94%EB%A1%9C%EC%9D%B4%EC%8A%A4%ED%8A%B8-%EA%B5%AC%ED%95%A9%EB%8B%88%EB%8B%A4,2026-08-03,https://image.production.fruitsfamily.com/public/product/resized%40width620/oxcGmbNkl-c9c23e9feba9.jpg,data/images/oofos/9372037_01.jpg
FRUITSFAMILY,9917264,Crocs,Crocs,크리스토퍼케인x크록스 콜라보 런웨이 37사이즈 정품,150000,290000,240,"크리스토퍼케인x크록스 콜라보 런웨이 제품 
37사이즈 새상품 정품 

더스트백,상자,신발 받은 그대로 보내드려요 
마이테레사 직구로 50만원 후반대 구입 
택 그대로 달려있는 새상품
교환 및 환불 불가능 
네고 문의 안받아요 
택배비 미포함",False,https://fruitsfamily.com/product/5wk7k/%ED%81%AC%EB%A6%AC%EC%8A%A4%ED%86%A0%ED%8D%BC%EC%BC%80%EC%9D%B8x%ED%81%AC%EB%A1%9D%EC%8A%A4-%EC%BD%9C%EB%9D%BC%EB%B3%B4-%EB%9F%B0%EC%9B%A8%EC%9D%B4-37%EC%82%AC%EC%9D%B4%EC%A6%88-%EC%A0%95%ED%92%88,2026-08-03,https://image.production.fruitsfamily.com/public/product/resized%40width620/RXEcJbsth-74c5ba39ebef.jpg|https://image.production.fruitsfamily.com/public/product/resized%40width620/nA-OMMUYYn-e5dbc7a549e2.jpg|https://image.production.fruitsfamily.com/public/product/resized%40width620/PeHl-wnhIc-dc0c43d0ef40.jpg|https://image.production.fruitsfamily.com/public/product/resized%40width620/HU0IprO6k6-5868e7d61535.jpg|https://image.production.fruitsfamily.com/public/product/resized%40width620/GPi1e5mJHl-2f47563b08ca.jpg|https://image.production.fruitsfamily.com/public/product/resized%40width620/VOxhzPgstf-2adade8df72d.jpg|https://image.production.fruitsfamily.com/public/product/resized%40width620/APKxyv6pys-71f4e85c0c1a.jpg|https://image.production.fruitsfamily.com/public/product/resized%40width620/Y-UxdLewqZ-db66c4a5af04.jpg|https://image.production.fruitsfamily.com/public/product/resized%40width620/mXw-5B5YTm-edfde2d14be5.jpg|https://image.production.fruitsfamily.com/public/product/resized%40width620/0fB_AkeZvl-2e786eef2734.jpg,data/images/crocs/9917264_01.jpg|data/images/crocs/9917264_02.jpg|data/images/crocs/9917264_03.jpg
FRUITSFAMILY,10274669,Crocs,Crocs,"크록스 살레헤 뱀버리 X 주니퍼 올리브 색상 260 사이즈 판매해요
",160000,200000,260,"크록스 살레헤 뱀버리 X 주니퍼 올리브 색상 260 사이즈 판매해요
박스와 구성품 모두 포함되어 있어요
사진에서 보이는 것처럼 깔끔한 상태를 유지하고 있어요 크림에서 구매했습니다.
독특한 디자인으로 어떤 코디에도 포인트를 줄 수 있는 신발이에요
1회 착용했습니다.(거의 새제품이라고 보시면 될것 같습니다)
11번가에서 30만원에 판매중인 제품입니다.",False,https://fruitsfamily.com/product/647zh/%ED%81%AC%EB%A1%9D%EC%8A%A4-%EC%82%B4%EB%A0%88%ED%97%A4-%EB%B1%80%EB%B2%84%EB%A6%AC-x-%EC%A3%BC%EB%8B%88%ED%8D%BC-%EC%98%AC%EB%A6%AC%EB%B8%8C-%EC%83%89%EC%83%81-260-%EC%82%AC%EC%9D%B4%EC%A6%88-%ED%8C%90%EB%A7%A4%ED%95%B4%EC%9A%94,2026-08-03,https://image.production.fruitsfamily.com/public/product/resized%40width620/IJw6z8u3x-c032797cbb87.jpg|https://image.production.fruitsfamily.com/public/product/resized%40width620/F3qUHP5h__-d1f300e83df8.jpg|https://image.production.fruitsfamily.com/public/product/resized%40width620/dxGULtI6Bm-854b9054169e.jpg|https://image.production.fruitsfamily.com/public/product/resized%40width620/bQp6XfTaC7-bbab644ca934.jpg|https://image.production.fruitsfamily.com/public/product/resized%40width620/tOIC0nonV5-21fe5d4fb386.jpg|https://image.production.fruitsfamily.com/public/product/resized%40width620/VCcsVdWuvY-d3fb4171c9ba.jpg,data/images/crocs/10274669_01.jpg|data/images/crocs/10274669_02.jpg|data/images/crocs/10274669_03.jpg
FRUITSFAMILY,10275538,Crocs,Crocs,빔즈 크록스,180000,200000,280,"빔즈 크록스

상태 좋은 중고/10사이즈/부속품 없음

24년에 발매된 빔즈 코라보 크록스 입니다
디자인 보시면 아시겠지만 4계절 모두 활용가능한 모델 입니다
발매당시에는 나온지도 몰랐다가, 올해 구매하고 10회 미만 착용하였습니다
깔끔하게 세탁한 상태입니다",False,https://fruitsfamily.com/product/648nm/%EB%B9%94%EC%A6%88-%ED%81%AC%EB%A1%9D%EC%8A%A4,2026-08-03,https://image.production.fruitsfamily.com/public/product/resized%40width620/EnGqX_HlY-098b755a1e20.jpg|https://image.production.fruitsfamily.com/public/product/resized%40width620/bXO05K6nLd-367edfe0bd8d.jpg|https://image.production.fruitsfamily.com/public/product/resized%40width620/ABoknXIuHm-7e4014b25b57.jpg|https://image.production.fruitsfamily.com/public/product/resized%40width620/VjU2GuUYXw-a4e6de1fc9bf.jpg|https://image.production.fruitsfamily.com/public/product/resized%40width620/L5SVD8k1rC-c3d845b13493.jpg|https://image.production.fruitsfamily.com/public/product/resized%40width620/pWXWquL8m6-393fa2d6e42f.jpg|https://image.production.fruitsfamily.com/public/product/resized%40width620/px4mQTtMw3-5e2266dc5276.jpg,data/images/crocs/10275538_01.jpg|data/images/crocs/10275538_02.jpg|data/images/crocs/10275538_03.jpg
FRUITSFAMILY,9045172,Crocs,Crocs,(W) 크록스 x 에스엠에프케이 클래식 베이 클로그 블랙 글리터 240,210000,,240,"240 사이즈 공홈 품절

몇 번 안 신어서 
상태 좋음!",False,https://fruitsfamily.com/product/5dvas/w-%ED%81%AC%EB%A1%9D%EC%8A%A4-x-%EC%97%90%EC%8A%A4%EC%97%A0%EC%97%90%ED%94%84%EC%BC%80%EC%9D%B4-%ED%81%B4%EB%9E%98%EC%8B%9D-%EB%B2%A0%EC%9D%B4-%ED%81%B4%EB%A1%9C%EA%B7%B8-%EB%B8%94%EB%9E%99-%EA%B8%80%EB%A6%AC%ED%84%B0-240,2026-08-03,https://image.production.fruitsfamily.com/public/product/resized%40width620/7SaIycFTLp-349dbda50e07.jpg|https://image.production.fruitsfamily.com/public/product/resized%40width620/wKJHgFt5D-13526a01bdaa.jpg|https://image.production.fruitsfamily.com/public/product/resized%40width620/B0kxeXgFwy-9d281b5460f8.jpg|https://image.production.fruitsfamily.com/public/product/resized%40width620/PR5uXmnZ3s-1333326420fb.jpg|https://image.production.fruitsfamily.com/public/product/resized%40width620/9q89GidlJe-2e1e15a9fd6c.jpg|https://image.production.fruitsfamily.com/public/product/resized%40width620/soQH8vXA0M-a28703b5a648.jpg|https://image.production.fruitsfamily.com/public/product/resized%40width620/9T-hsw7x_m-1fd436ec8536.jpg|https://image.production.fruitsfamily.com/public/product/resized%40width620/TC2CkhDAl3-86f6ae9d2ce0.jpg,data/images/crocs/9045172_01.jpg|data/images/crocs/9045172_02.jpg|data/images/crocs/9045172_03.jpg
FRUITSFAMILY,10066450,Crocs,Crocs,크록스 x 리바이스 올 터레인 클로그 네이비 270,145000,,270,"사이즈 270
구매후 봄에 몇번 신다가 다른 크록스만 신어 손이 잘 안가게 되어서 판매합니다
택,구매할때 같이 들어있는 지비츠3종,솔드아웃 검수증있습니다
마지막 사진같은 벌어짐은 처음부터 있었는데
찾아보니 리바이스 콜라보 제품에서 벌어짐 현상있는 걸로 알고있습니다",False,https://fruitsfamily.com/product/5zrbm/%ED%81%AC%EB%A1%9D%EC%8A%A4-x-%EB%A6%AC%EB%B0%94%EC%9D%B4%EC%8A%A4-%EC%98%AC-%ED%84%B0%EB%A0%88%EC%9D%B8-%ED%81%B4%EB%A1%9C%EA%B7%B8-%EB%84%A4%EC%9D%B4%EB%B9%84-270,2026-08-03,https://image.production.fruitsfamily.com/public/product/resized%40width620/kbSwmCAj9-fb33f1867eae.jpg|https://image.production.fruitsfamily.com/public/product/resized%40width620/HQYFD-U6Y_-f31efbdb21f8.jpg|https://image.production.fruitsfamily.com/public/product/resized%40width620/JYNxjCtCg6-3ce4378fda31.jpg|https://image.production.fruitsfamily.com/public/product/resized%40width620/vRGE5WMwIZ-4d16d61ac68c.jpg|https://image.production.fruitsfamily.com/public/product/resized%40width620/gAvavlX2K-0768afd9dc5d.jpg,data/images/crocs/10066450_01.jpg|data/images/crocs/10066450_02.jpg|data/images/crocs/10066450_03.jpg
FRUITSFAMILY,9785002,Crocs,Crocs,크록스 코블러 하이킹 부츠 (마운틴 부츠),50000,,270,"빈티지 크록스 코블러 하이커 부츠입니다.

엄청 경량입니다. 내부에 얇은 내피가 있는 걸로 봐서 추계나 동계에 적합할 거 같습니다.

Size: 270",False,https://fruitsfamily.com/product/5tq5m/%ED%81%AC%EB%A1%9D%EC%8A%A4-%EC%BD%94%EB%B8%94%EB%9F%AC-%ED%95%98%EC%9D%B4%ED%82%B9-%EB%B6%80%EC%B8%A0-%EB%A7%88%EC%9A%B4%ED%8B%B4-%EB%B6%80%EC%B8%A0,2026-08-03,https://image.production.fruitsfamily.com/public/product/resized%40width620/tu4SIjTqOA-eda6ea1b6afb.jpg|https://image.production.fruitsfamily.com/public/product/resized%40width620/FJdEZcrc0d-e47e0ca47df7.jpg|https://image.production.fruitsfamily.com/public/product/resized%40width620/RwXsr_t8VB-4daac4a9c714.jpg|https://image.production.fruitsfamily.com/public/product/resized%40width620/pzahApR_KC-6a8ba3d57b7a.jpg|https://image.production.fruitsfamily.com/public/product/resized%40width620/BdiIAXHAf--3b4e6af7d58a.jpg|https://image.production.fruitsfamily.com/public/product/resized%40width620/e0IF2zY3Km-76a2aad763ac.jpg|https://image.production.fruitsfamily.com/public/product/resized%40width620/98h7d1iRHy-d8db4dcf7f85.jpg,data/images/crocs/9785002_01.jpg|data/images/crocs/9785002_02.jpg|data/images/crocs/9785002_03.jpg
FRUITSFAMILY,9600156,Crocs,Crocs,크록스 헬로키티 앤 프렌즈 클래식 플랫폼 클로그 240,124000,,240,"택 달린 미착용 새제품입니다!

크록스 공식 홈페이지에서 구매한 제품입니다!

바로 구매하실분만 연락주세요!

🚫 찔러보기 / 비매너 바로 차단
🚫 직거래 X, 예약 X, 교신 X
🚫 구매 후 교환 및 환불 불가",False,https://fruitsfamily.com/product/5prj0/%ED%81%AC%EB%A1%9D%EC%8A%A4-%ED%97%AC%EB%A1%9C%ED%82%A4%ED%8B%B0-%EC%95%A4-%ED%94%84%EB%A0%8C%EC%A6%88-%ED%81%B4%EB%9E%98%EC%8B%9D-%ED%94%8C%EB%9E%AB%ED%8F%BC-%ED%81%B4%EB%A1%9C%EA%B7%B8-240,2026-08-03,https://image.production.fruitsfamily.com/public/product/resized%40width620/-0WqwIjKX-d18b22c91e62.jpg|https://image.production.fruitsfamily.com/public/product/resized%40width620/Xccr-lOPF1-0871e3de59cf.jpg|https://image.production.fruitsfamily.com/public/product/resized%40width620/uwcRSjdKMy-707525571967.jpg|https://image.production.fruitsfamily.com/public/product/resized%40width620/WpHeXh-FU2-0cdbc2585ee6.jpg,data/images/crocs/9600156_01.jpg|data/images/crocs/9600156_02.jpg|data/images/crocs/9600156_03.jpg
FRUITSFAMILY,9821267,Crocs,Crocs,크록스 X 빔즈 클래식 올 터레인 마운틴 파카 클로그 그레이(빔즈크록스),250000,,260,크록스랑 빔즈 콜라보한 제품입니다! 사이즈는 260(US7)입니다. 크림에서 구매 이후 한 번도 신지 않은 새제품입니다. 제품 택부터 크림 택 그리고 박스까지 온전한 제품입니다. 택배비는 제가 부담이며 네고 가능합니다.,False,https://fruitsfamily.com/product/5ui4z/%ED%81%AC%EB%A1%9D%EC%8A%A4-x-%EB%B9%94%EC%A6%88-%ED%81%B4%EB%9E%98%EC%8B%9D-%EC%98%AC-%ED%84%B0%EB%A0%88%EC%9D%B8-%EB%A7%88%EC%9A%B4%ED%8B%B4-%ED%8C%8C%EC%B9%B4-%ED%81%B4%EB%A1%9C%EA%B7%B8-%EA%B7%B8%EB%A0%88%EC%9D%B4-%EB%B9%94%EC%A6%88%ED%81%AC%EB%A1%9D%EC%8A%A4,2026-08-03,https://image.production.fruitsfamily.com/public/product/resized%40width620/s808nHRSJ-8461e4f48388.jpg|https://image.production.fruitsfamily.com/public/product/resized%40width620/82NSDy-Rkf-12c3feff5f59.jpg|https://image.production.fruitsfamily.com/public/product/resized%40width620/l8lyfviUHC-28cb0697bf6c.jpg|https://image.production.fruitsfamily.com/public/product/resized%40width620/4w-kPwqQ3w-757459f40ca1.jpg|https://image.production.fruitsfamily.com/public/product/resized%40width620/jLs3pSYlen-095001f0b13e.jpg|https://image.production.fruitsfamily.com/public/product/resized%40width620/_Cuu5AOJuH-9e5f859b4b41.jpg,data/images/crocs/9821267_01.jpg|data/images/crocs/9821267_02.jpg|data/images/crocs/9821267_03.jpg
FRUITSFAMILY,10308585,Crocs,Crocs,크록스 Crocs glitter rain sandal,36000,45000,245,ttul이란 빈티지샵에서 샀습니다 마지막 사진에 사이즈 상세 정보 있습니다,False,https://fruitsfamily.com/product/64y5l/%ED%81%AC%EB%A1%9D%EC%8A%A4-crocs-glitter-rain-sandal,2026-08-03,https://image.production.fruitsfamily.com/public/product/resized%40width620/A2-20yqmf-21e421b17b9e.jpg|https://image.production.fruitsfamily.com/public/product/resized%40width620/4h7u1Jqnww-923c749f4f22.jpg|https://image.production.fruitsfamily.com/public/product/resized%40width620/_rC9hdLVJs-bdf1e354200f.jpg|https://image.production.fruitsfamily.com/public/product/resized%40width620/jymbdKe0pc-edb73ca86416.jpg|https://image.production.fruitsfamily.com/public/product/resized%40width620/cPbqMjuvA4-2ff1bff866c3.jpg,data/images/crocs/10308585_01.jpg|data/images/crocs/10308585_02.jpg|data/images/crocs/10308585_03.jpg
FRUITSFAMILY,2612866,Crocs,Crocs,신품급중고 크록스 마스터마인드 클래식 클로그 240 US5,170000,,240,"정품 세제품 크록스 x 마스터마인드 클래식 클로그 

US5 240mm입니다

2회착용밖에 안되는 신품급입니다

사진 참고하시구요 구입당시 비닐 탭 고리 다있습니다

직거래는 용인쪽이나 분당 쪽에서 하구요

꼭 구입하실분만 깔끔하게 문의주세요 ~",False,https://fruitsfamily.com/product/1k03m/%EC%8B%A0%ED%92%88%EA%B8%89%EC%A4%91%EA%B3%A0-%ED%81%AC%EB%A1%9D%EC%8A%A4-%EB%A7%88%EC%8A%A4%ED%84%B0%EB%A7%88%EC%9D%B8%EB%93%9C-%ED%81%B4%EB%9E%98%EC%8B%9D-%ED%81%B4%EB%A1%9C%EA%B7%B8-240-us5,2026-08-03,https://image.production.fruitsfamily.com/public/product/resized%40width620/qGsEKuszTO-9FD01A00-5EA6-4FDD-A196-D2C090C3ADE3.jpg|https://image.production.fruitsfamily.com/public/product/resized%40width620/M-bnuHD8M3-46E000B5-EB37-4B37-A997-06C0ACBE88F6.jpg|https://image.production.fruitsfamily.com/public/product/resized%40width620/VUsBo1gLq--15CC1746-A2FB-4DB5-9559-C235E6FDC893.jpg|https://image.production.fruitsfamily.com/public/product/resized%40width620/b4bW4fPT1y-D86D353D-4D59-48C8-A6E8-1AD5881012FC.jpg|https://image.production.fruitsfamily.com/public/product/resized%40width620/DVURlYBNba-2FB4AEB5-966C-4F92-B577-7CB3E51E05E5.jpg|https://image.production.fruitsfamily.com/public/product/resized%40width620/lFpdb16nZs-DC0F01ED-5CC0-472C-84A0-36FB87BF39AB.jpg,data/images/crocs/2612866_01.jpg|data/images/crocs/2612866_02.jpg|data/images/crocs/2612866_03.jpg
FRUITSFAMILY,10382873,Crocs,Crocs,크록스에코 265-270,45000,,265,"크록스 에코 클로그 블랙 색상이에요
사진에서 보이는 것처럼 깔끔한 상태의 제품입니다
편안한 착용감과 활동성을 자랑하는 크록스 에코 클로그로
데일리 슈즈로 활용하기 좋아요",False,https://fruitsfamily.com/product/66jh5/%ED%81%AC%EB%A1%9D%EC%8A%A4%EC%97%90%EC%BD%94-265-270,2026-08-03,https://image.production.fruitsfamily.com/public/product/resized%40width620/Kq-_HiHnP-c278b86a8c06.jpg|https://image.production.fruitsfamily.com/public/product/resized%40width620/gzyW9iul42-f2bbdaf2a677.jpg|https://image.production.fruitsfamily.com/public/product/resized%40width620/hBQmIU4Hg3-89325c535cfa.jpg|https://image.production.fruitsfamily.com/public/product/resized%40width620/ofUqItLre6-17337f0f51f1.jpg|https://image.production.fruitsfamily.com/public/product/resized%40width620/sVmgZExKfX-dc41365bf83b.jpg,data/images/crocs/10382873_01.jpg|data/images/crocs/10382873_02.jpg|data/images/crocs/10382873_03.jpg
FRUITSFAMILY,9835060,Crocs,Crocs,크록스 스톰프 메리제인 230,35000,,230,"2-3시간 정도 실내에서만 잠깐 착용하여
새상품 급으로 상태는 좋아요

✔️상태:: 9.5/10

📏사이즈::230 / 굽 5.5cm

* 교환, 환불 불가합니다
*안전결제로만 거래합니다
*택배거래만 가능합니다 (직거래,퀵 안해요)

#크록스230 #크록스메리제인 #크록스통굽",False,https://fruitsfamily.com/product/5uss4/%ED%81%AC%EB%A1%9D%EC%8A%A4-%EC%8A%A4%ED%86%B0%ED%94%84-%EB%A9%94%EB%A6%AC%EC%A0%9C%EC%9D%B8-230,2026-08-03,https://image.production.fruitsfamily.com/public/product/resized%40width620/liFvLle99-e1f65e2f4105.jpg|https://image.production.fruitsfamily.com/public/product/resized%40width620/TeTEbanHCD-8ed075f8121f.jpg|https://image.production.fruitsfamily.com/public/product/resized%40width620/B2vC8rIJsz-ed959f2fc4ab.jpg|https://image.production.fruitsfamily.com/public/product/resized%40width620/kW4lIt_6nn-5b550b94a643.jpg|https://image.production.fruitsfamily.com/public/product/resized%40width620/dqeqBlw7sd-4616c3cd0596.jpg|https://image.production.fruitsfamily.com/public/product/resized%40width620/DWmUxT59mx-b241a1ffe259.jpg|https://image.production.fruitsfamily.com/public/product/resized%40width620/zXvZJcnUnm-640bcd7243ad.jpg,data/images/crocs/9835060_01.jpg|data/images/crocs/9835060_02.jpg|data/images/crocs/9835060_03.jpg
FRUITSFAMILY,10112156,Crocs,Crocs,빈티지 크록스 웨지힐 W4,30000,35000,OS,"개인 매물로 구매했는데 사이즈가 작아 판매합니다.

W4사이즈로 대략 210정도 됩니다.",False,https://fruitsfamily.com/product/60ql8/%EB%B9%88%ED%8B%B0%EC%A7%80-%ED%81%AC%EB%A1%9D%EC%8A%A4-%EC%9B%A8%EC%A7%80%ED%9E%90-w4,2026-08-03,https://image.production.fruitsfamily.com/public/product/resized%40width620/qSXly3Ubr-2d58e86ff78b.jpg|https://image.production.fruitsfamily.com/public/product/resized%40width620/QjlLs4jgN2-a52a0cb4ab68.jpg|https://image.production.fruitsfamily.com/public/product/resized%40width620/68ivSJNsVu-86dfa0b0e353.jpg,data/images/crocs/10112156_01.jpg|data/images/crocs/10112156_02.jpg|data/images/crocs/10112156_03.jpg
FRUITSFAMILY,9919880,Crocs,Crocs,내림종료  240 택새 크록스 후라체2 플랫 젤리슈즈,66000,,240,"270 사이즈 입니다.
진 챠콜 컬러 
블랙 까지는 아니나 진한 챠콜 컬러 
후라체2 슈즈 중 단일 색상이 거의
나오지 않아요.
다양한 컬러 등은 많으나
단일  컬러는 단종 인듯 합니다.

@ 교신 체팅 보네지 마세요.^^

1. 구매 후 교환 교신 환불 반품 등
    되지 않아요 . 상담 시 자세한      
    문의 해 주세요.
2. 제품 상담은 채팅 내에서
    상담 하겠습니다.
3. 개인 카톡 주시는 분들 신고
     차단 합니다.
4. 빈티지 제품 특성상 구매 후 
     교환 환불 불가합니다.           
     신중한 구매 부탁드립니다.
5. 실측 사이즈 1~3cm 오차가 
      발생할 수 있습니다.
6. 휴대폰으로 촬영하기 때문에 
     색상 차이가 있을 수 있습니다.
7. 미세한 오염이 있을 수도 있습니다.
    (혹여 발견하지 못한 하자가 있을 수 
     있습니다.)
8.자세한 사항은 채팅 부탁드립니다. 
7.가능 시간 - every day 11~09pm - 
9.최대한 빠르게 답변해드립니다!!",False,https://fruitsfamily.com/product/5wm88/%EB%82%B4%EB%A6%BC%EC%A2%85%EB%A3%8C-240-%ED%83%9D%EC%83%88-%ED%81%AC%EB%A1%9D%EC%8A%A4-%ED%9B%84%EB%9D%BC%EC%B2%B42-%ED%94%8C%EB%9E%AB-%EC%A0%A4%EB%A6%AC%EC%8A%88%EC%A6%88,2026-08-03,https://image.production.fruitsfamily.com/public/product/resized%40width620/Dvbmi2Etf-59a9196825da.jpg|https://image.production.fruitsfamily.com/public/product/resized%40width620/00ovAfuHot-956b825fa0f1.jpg|https://image.production.fruitsfamily.com/public/product/resized%40width620/datqxOdu00-11b25268f73a.jpg|https://image.production.fruitsfamily.com/public/product/resized%40width620/erALtzadEp-70ba0a4954a9.jpg|https://image.production.fruitsfamily.com/public/product/resized%40width620/aYjMs6P8uV-8c92aeef79d1.jpg|https://image.production.fruitsfamily.com/public/product/resized%40width620/QM5mYLCpHP-c2a71de3d925.jpg|https://image.production.fruitsfamily.com/public/product/resized%40width620/OciLBqLDpY-56659b57208b.jpg,data/images/crocs/9919880_01.jpg|data/images/crocs/9919880_02.jpg|data/images/crocs/9919880_03.jpg
FRUITSFAMILY,9857290,Crocs,Crocs,크록스 갤러리슈 290,108000,135000,290,"크록스 갤러리슈 290
시착만 해보았습니다
풀박  그대로 드립니다.

상태 좋습니다",False,https://fruitsfamily.com/product/5v9xm/%ED%81%AC%EB%A1%9D%EC%8A%A4-%EA%B0%A4%EB%9F%AC%EB%A6%AC%EC%8A%88-290,2026-08-03,https://image.production.fruitsfamily.com/public/product/resized%40width620/XzaXSHb85-f45651e5064e.jpg|https://image.production.fruitsfamily.com/public/product/resized%40width620/sMPa_e_DP7-3ec55a77801a.jpg|https://image.production.fruitsfamily.com/public/product/resized%40width620/sVqv5XEMqh-f60e5c513e96.jpg,data/images/crocs/9857290_01.jpg|data/images/crocs/9857290_02.jpg|data/images/crocs/9857290_03.jpg
FRUITSFAMILY,10112393,Crocs,Crocs,크록스 트레일브레이크2 우먼스 여성용 플랫폼 샌들 - 클레이그레이,259000,269000,260,"✶ CROCS 트레일브레이크2 우먼스 여성용 플랫폼 샌들 - 클레이그레이
✶ 상품번호 : 209988-0Y8
✶ 사이즈 : 260
✶ 상태 : 새상품 (미착용) / 박스 포함
✶ 발송 : 솔드아웃 트레이드 박스에 함께 담아 발송
✶ Product Info
스타일과 기능을 모두 갖춘 아웃도어 슈즈, Traibreak 2
메쉬 어퍼와 러버 아웃솔을 사용해 뛰어난 통기성과 내구성을 자랑하며, 일상은 물론 아웃도어 활동에도 적합한 아이템입니다.
✶ 조절 가능한 슈레이스로 발에 맞게 핏감을 조절할 수 있어 안정감 있는 착용감을 제공합니다.
✶ 컬러 블로킹 디자인으로 스타일리시한 포인트를 더해줍니다.
✶ 새상품 그대로, 정품 박스 포함하여 보내드립니다.
✶ 사이즈 260 단일 사이즈 판매입니다.
※ 조명 및 모니터 환경에 따라 실제 색상과 다르게 보일 수 있습니다. 정확한 색상은 제품 단독 이미지를 참고해 주세요.
※ 배송 과정 중 신발 박스에 약간의 손상이 발생할 수 있으니 미리 양해 부탁드립니다.",False,https://fruitsfamily.com/product/60qrt/%ED%81%AC%EB%A1%9D%EC%8A%A4-%ED%8A%B8%EB%A0%88%EC%9D%BC%EB%B8%8C%EB%A0%88%EC%9D%B4%ED%81%AC2-%EC%9A%B0%EB%A8%BC%EC%8A%A4-%EC%97%AC%EC%84%B1%EC%9A%A9-%ED%94%8C%EB%9E%AB%ED%8F%BC-%EC%83%8C%EB%93%A4-%ED%81%B4%EB%A0%88%EC%9D%B4%EA%B7%B8%EB%A0%88%EC%9D%B4,2026-08-03,https://image.production.fruitsfamily.com/public/product/resized%40width620/4hMD54DH6-1784085596903-k5pcgu26d.png|https://image.production.fruitsfamily.com/public/product/resized%40width620/pypedjK5SK-1784085596903-7l0rvwlar.png|https://image.production.fruitsfamily.com/public/product/resized%40width620/kRtOJfAi1R-1784085604096-77wow4xlu.jpg|https://image.production.fruitsfamily.com/public/product/resized%40width620/0anleQZ5AV-1784085604095-k2br9ybc0.webp.jpg|https://image.production.fruitsfamily.com/public/product/resized%40width620/ChqORMAh-q-1784085604096-rd1bj6cju.jpg,data/images/crocs/10112393_01.jpg|data/images/crocs/10112393_02.jpg|data/images/crocs/10112393_03.jpg
FRUITSFAMILY,9266491,Crocs,Crocs,크록스 쥬시꾸뛰르 클래식 베이 클로그 멀티 핑크,150000,,230,"크림 구매 후 보관만 한 새상품

-앞코 살짝 까짐 있음
(마지막 사진 참고/구매할때부터 있었습니다)

-품번 211104-90H

-사이즈 230(US 6W)

일택 3000
쿨거시 택포
(안전결제로 바로 결제 해주시면 됩니다)",False,https://fruitsfamily.com/product/5im2j/%ED%81%AC%EB%A1%9D%EC%8A%A4-%EC%A5%AC%EC%8B%9C%EA%BE%B8%EB%9B%B0%EB%A5%B4-%ED%81%B4%EB%9E%98%EC%8B%9D-%EB%B2%A0%EC%9D%B4-%ED%81%B4%EB%A1%9C%EA%B7%B8-%EB%A9%80%ED%8B%B0-%ED%95%91%ED%81%AC,2026-08-03,https://image.production.fruitsfamily.com/public/product/resized%40width620/wlqWtoBqM-78a2b56b1305.jpg|https://image.production.fruitsfamily.com/public/product/resized%40width620/4TJYAHs_HT-b32922d62871.jpg|https://image.production.fruitsfamily.com/public/product/resized%40width620/IAIszbwmrC-96fe041e4266.jpg|https://image.production.fruitsfamily.com/public/product/resized%40width620/P7Z1lxdapT-54ac2f8b11b9.jpg|https://image.production.fruitsfamily.com/public/product/resized%40width620/aFL8IZDw5O-9cb6e78c660f.jpg|https://image.production.fruitsfamily.com/public/product/resized%40width620/joq-BsQI4c-cc71e2767fe9.jpg|https://image.production.fruitsfamily.com/public/product/resized%40width620/LVAZMr7y0F-2791fc1d86a0.jpg|https://image.production.fruitsfamily.com/public/product/resized%40width620/X5dQ3a3gUI-54bd88acb74d.jpg|https://image.production.fruitsfamily.com/public/product/resized%40width620/qO1zXD_juN-fdad053ba2fe.jpg,data/images/crocs/9266491_01.jpg|data/images/crocs/9266491_02.jpg|data/images/crocs/9266491_03.jpg
FRUITSFAMILY,9104952,Crocs,Crocs,270 새제품) 크록스 x 딩윤 장 디퓨저 클로그 모브 뮬 슬리퍼 이지,155000,,270,"Crocs x Dingyun Zhang 
Diffuser Clog Mauve Mist - 209552-5PS

YEEZY디자이너 딩윤 장 콜라보 제품입니다. 
270 미시착 새제품입니다. 
쉐이프 귀여워요. 
지비츠 부착가능합니다.

평소 크록스 사이즈로 가시면 되십니다

｡･:*:･ﾟ★,｡･:*:･ﾟ☆　｡･:*:･ﾟ★,｡･:*:･ﾟ☆
🚛 택배 : 3,000원 
🐾 직거 : 부산 사직역 ~ 미남역 부근",False,https://fruitsfamily.com/product/5f5fc/270-%EC%83%88%EC%A0%9C%ED%92%88-%ED%81%AC%EB%A1%9D%EC%8A%A4-x-%EB%94%A9%EC%9C%A4-%EC%9E%A5-%EB%94%94%ED%93%A8%EC%A0%80-%ED%81%B4%EB%A1%9C%EA%B7%B8-%EB%AA%A8%EB%B8%8C-%EB%AE%AC-%EC%8A%AC%EB%A6%AC%ED%8D%BC-%EC%9D%B4%EC%A7%80,2026-08-03,https://image.production.fruitsfamily.com/public/product/resized%40width620/Y0V8eb70G-691e78d2dfc8.jpg|https://image.production.fruitsfamily.com/public/product/resized%40width620/8-c7IUpcIW-b4fe9e4a213a.jpg|https://image.production.fruitsfamily.com/public/product/resized%40width620/ZYHH1IzmmR-610f3b270e0c.jpg|https://image.production.fruitsfamily.com/public/product/resized%40width620/eRYWTJTNlE-259f20117082.jpg|https://image.production.fruitsfamily.com/public/product/resized%40width620/3h8exg5RTh-1553a72684ce.jpg|https://image.production.fruitsfamily.com/public/product/resized%40width620/lENbrlKtAa-856a22bae683.jpg|https://image.production.fruitsfamily.com/public/product/resized%40width620/-rjkyuQkb_-2605d45637fe.jpg|https://image.production.fruitsfamily.com/public/product/resized%40width620/J1rH_Dfon--f2ca3a6285a9.jpg,data/images/crocs/9104952_01.jpg|data/images/crocs/9104952_02.jpg|data/images/crocs/9104952_03.jpg
FRUITSFAMILY,10401118,Crocs,Crocs,Lego X crocs bricks clog,200000,,300,"제품명: 레고 x 크록스 브릭스 클로그
 구매 시기: 5월
 구성품: 신발 단품 + 정품 박스 풀구성
 구매가: 299000 
사이즈: 300

 상태 설명: 지금은 구하기 힘든 한정판 제품입니다.
 제품 특성상 실루엣이 엄청 크고 묵직하며, 착용 시 발이 아파 안쪽 발등 닿는 부분을 잘라내는 수선을 거쳤습니다. (사진 상세 참고 부탁드립니다.)
 이 하자를 제외하고는 박스 포함 상태 깔끔합니다.

 감안해서 가격 대폭 낮춰서 싸게 처분하니, 소품용이나 감성용으로 찾으시는 분들 연락 주세요!",False,https://fruitsfamily.com/product/66xjy/lego-x-crocs-bricks-clog,2026-08-03,https://image.production.fruitsfamily.com/public/product/resized%40width620/J1swArqhY-23818bd97461.jpg|https://image.production.fruitsfamily.com/public/product/resized%40width620/-Q6uhMCNf2-0128358d1d3e.jpg|https://image.production.fruitsfamily.com/public/product/resized%40width620/Urnu-rq2Ai-7d1c9b498e3a.jpg|https://image.production.fruitsfamily.com/public/product/resized%40width620/vQl-KCS142-869d9d66affd.jpg,data/images/crocs/10401118_01.jpg|data/images/crocs/10401118_02.jpg|data/images/crocs/10401118_03.jpg
FRUITSFAMILY,8806084,Crocs,Crocs,키티 크록스 230,126900,141000,230,"택X 

새상품인데 보관만 하다가 판매합니당 
230사이즈 

에눌교신운포X
사이즈문의X",False,https://fruitsfamily.com/product/58qtg/%ED%82%A4%ED%8B%B0-%ED%81%AC%EB%A1%9D%EC%8A%A4-230,2026-08-03,https://image.production.fruitsfamily.com/public/product/resized%40width620/BY_mHscLu3-C7DD3A5F-B26B-41CD-84B5-2B7D986EF3B5.jpg|https://image.production.fruitsfamily.com/public/product/resized%40width620/5f8-smx1mP-F9CD64C3-C8A5-471C-A7DC-E7E8CAD742E6.jpg|https://image.production.fruitsfamily.com/public/product/resized%40width620/y3thKfl2tZ-E1614BDC-6723-4EAF-9B16-698FAFF14997.jpg,data/images/crocs/8806084_01.jpg|data/images/crocs/8806084_02.jpg|data/images/crocs/8806084_03.jpg
FRUITSFAMILY,9750515,Hunter,Hunter,HUNTER X 10 CORSO COMO 레인 부츠,250000,,260,"HUNTER X 10 CORSO COMO 레인 부츠 260

Condition : 10/10

박스 포함",False,https://fruitsfamily.com/product/5szjn/hunter-x-10-corso-como-%EB%A0%88%EC%9D%B8-%EB%B6%80%EC%B8%A0,2026-08-03,https://image.production.fruitsfamily.com/public/product/resized%40width620/_Va4_M-oC-f2d16f57aef7.jpg|https://image.production.fruitsfamily.com/public/product/resized%40width620/Alnf4LxXam-d23d39be4c7f.jpg|https://image.production.fruitsfamily.com/public/product/resized%40width620/HdkFEC1Wvn-cda715322106.jpg|https://image.production.fruitsfamily.com/public/product/resized%40width620/Nm8g3KAGYE-352df79677a8.jpg|https://image.production.fruitsfamily.com/public/product/resized%40width620/xvvhRk66k-b2003aee7a10.jpg,data/images/hunter/9750515_01.jpg|data/images/hunter/9750515_02.jpg|data/images/hunter/9750515_03.jpg
FRUITSFAMILY,10411464,Hunter,Hunter,헌터 오리지널 2.0 쇼트 부츠 UFS7000RMABLK,180000,,250,"헌터 오리지널 2.0 쇼트 부츠입니다. 제품받고 집에서 시착만해본 새제품입니다.
언제든 편하게 문의주세요.",False,https://fruitsfamily.com/product/675jc/%ED%97%8C%ED%84%B0-%EC%98%A4%EB%A6%AC%EC%A7%80%EB%84%90-2-0-%EC%87%BC%ED%8A%B8-%EB%B6%80%EC%B8%A0-ufs7000rmablk,2026-08-03,https://image.production.fruitsfamily.com/public/product/resized%40width620/nlRFyNRo--e012db090a5f.jpg|https://image.production.fruitsfamily.com/public/product/resized%40width620/uIfbei_uQY-191d990a302b.jpg|https://image.production.fruitsfamily.com/public/product/resized%40width620/IqhQQLxubf-a250744aea4d.jpg|https://image.production.fruitsfamily.com/public/product/resized%40width620/V6iCKAh3Jo-943595287c1d.jpg|https://image.production.fruitsfamily.com/public/product/resized%40width620/r3RnSOYzGq-7a1f0cc7e186.jpg|https://image.production.fruitsfamily.com/public/product/resized%40width620/ni2KK2smKf-8b49924f96d7.jpg,data/images/hunter/10411464_01.jpg|data/images/hunter/10411464_02.jpg|data/images/hunter/10411464_03.jpg
FRUITSFAMILY,9962271,Hunter,Hunter,헌터 여성 롱레인부츠 235 플리스 삭스 레인부츠 LB87,120000,,235,"헌터 여성 삭스 롱레인부츠
무광 그린색상 W23177 
플리스 워머레드삭스 포함
삭스착용시 겨울까지 착용가능

UK4 EU37 실착235mm
부츠높이 39.5cm (굽3cm포함)
사용조금 상태양호 
*마지막사진 착샷 참조",False,https://fruitsfamily.com/product/5xixr/%ED%97%8C%ED%84%B0-%EC%97%AC%EC%84%B1-%EB%A1%B1%EB%A0%88%EC%9D%B8%EB%B6%80%EC%B8%A0-235-%ED%94%8C%EB%A6%AC%EC%8A%A4-%EC%82%AD%EC%8A%A4-%EB%A0%88%EC%9D%B8%EB%B6%80%EC%B8%A0-lb87,2026-08-03,https://image.production.fruitsfamily.com/public/product/resized%40width620/iz7UBQcRi-f2538fedb3ef.jpg|https://image.production.fruitsfamily.com/public/product/resized%40width620/bhiDLBrXz_-cf445bbf1b84.jpg|https://image.production.fruitsfamily.com/public/product/resized%40width620/HUA6iKOa2K-61369fc19909.jpg|https://image.production.fruitsfamily.com/public/product/resized%40width620/eCWOvAT5ey-0a6a6e3b5d99.jpg|https://image.production.fruitsfamily.com/public/product/resized%40width620/4BDOb6OzVQ-5641641ced6d.jpg|https://image.production.fruitsfamily.com/public/product/resized%40width620/WXUlMjuw7u-5de615144c18.jpg|https://image.production.fruitsfamily.com/public/product/resized%40width620/Yii2rOC0q2-c34b0d2f664f.jpg|https://image.production.fruitsfamily.com/public/product/resized%40width620/wmyESXcb0c-db7baf6ae3c4.jpg|https://image.production.fruitsfamily.com/public/product/resized%40width620/g5GKRV3NzU-0e1ecde07957.jpg,data/images/hunter/9962271_01.jpg|data/images/hunter/9962271_02.jpg|data/images/hunter/9962271_03.jpg
FRUITSFAMILY,10010296,Hunter,Hunter,Hunter 발레리나슈즈 us7,80000,100000,240,"네온 컬러에다가 뒷버클 포인트로 아주 예뻐요 
희귀매물인데 사이즈가 맞지 않아 내놔요",False,https://fruitsfamily.com/product/5yjzs/hunter-%EB%B0%9C%EB%A0%88%EB%A6%AC%EB%82%98%EC%8A%88%EC%A6%88-us7,2026-08-03,https://image.production.fruitsfamily.com/public/product/resized%40width620/K5-iG3-Tv-a256d7d13cad.jpg|https://image.production.fruitsfamily.com/public/product/resized%40width620/8u8x-qMx1x-f7281068137b.jpg|https://image.production.fruitsfamily.com/public/product/resized%40width620/zciUy1kNYJ-7683d74e92ca.jpg,data/images/hunter/10010296_01.jpg|data/images/hunter/10010296_02.jpg|data/images/hunter/10010296_03.jpg
FRUITSFAMILY,9932773,Hunter,Hunter,Hunter original tall rain boots,67500,75000,240,"Hunter original tall rain boots

size uk5 (240mm)

📌헌터 오리지널 톨 레인부츠로 무릎 아래까지 오는 높은 기장감의 클래식한 디자인입니다 빈티지한 핑크 컬러감과 자연스러운 빈티지에이징으로 멋스럽네요",False,https://fruitsfamily.com/product/5ww6d/hunter-original-tall-rain-boots,2026-08-03,https://image.production.fruitsfamily.com/public/product/resized%40width620/unv1LZ7g3-49d734fa3581.jpg|https://image.production.fruitsfamily.com/public/product/resized%40width620/2EhGn7gRAf-a161dd630619.jpg|https://image.production.fruitsfamily.com/public/product/resized%40width620/pr-c8E6QzM-287661de63ed.jpg|https://image.production.fruitsfamily.com/public/product/resized%40width620/fOYxtwskL6-06364a4e9ed5.jpg|https://image.production.fruitsfamily.com/public/product/resized%40width620/L2B3Y6IlQ8-d187d3f92b2a.jpg,data/images/hunter/9932773_01.jpg|data/images/hunter/9932773_02.jpg|data/images/hunter/9932773_03.jpg
FRUITSFAMILY,3983652,Hunter,Hunter,Hunter boots & Hunter winter socks,55000,95000,230,"Hunter shoes pink & Hunter winter socks
실착 2-3번
• size (cm)
S 230

상세사항 - 채팅문의
배송비 착불 가능",False,https://fruitsfamily.com/product/2ddt0/hunter-boots-hunter-winter-socks,2026-08-03,https://image.production.fruitsfamily.com/public/product/resized%40width620/IVc3WN3Ift-DAA6B7AE-02C1-4FBA-9E50-E1903E383225.jpg|https://image.production.fruitsfamily.com/public/product/resized%40width620/bVsEQSTSVJ-879FA33F-8B78-48A7-8822-A969EFE8BDFF.jpg|https://image.production.fruitsfamily.com/public/product/resized%40width620/hSx6n8hoRf-3D779E73-BCE8-4633-BE82-6EBC14D7C3CC.jpg|https://image.production.fruitsfamily.com/public/product/resized%40width620/DGnSkNsXk-6688E988-8A61-448A-AA90-D881447C0B72.jpg,data/images/hunter/3983652_01.jpg|data/images/hunter/3983652_02.jpg|data/images/hunter/3983652_03.jpg
FRUITSFAMILY,10200156,Hunter,Hunter,헌터 레인부츠 오리지널,59000,70000,OS,"얼룩이 조금 있어 싸게 드립니다
정가는 20만원대에요
깨끗한 편인데 
환불 불가하니 예민한 분들은 피해주셔요!

사이즈 uk5",False,https://fruitsfamily.com/product/62mho/%ED%97%8C%ED%84%B0-%EB%A0%88%EC%9D%B8%EB%B6%80%EC%B8%A0-%EC%98%A4%EB%A6%AC%EC%A7%80%EB%84%90,2026-08-03,https://image.production.fruitsfamily.com/public/product/resized%40width620/ngtRqZgpz-0c27a0da980e.jpg|https://image.production.fruitsfamily.com/public/product/resized%40width620/m0U5TegZIr-cc3997f5272f.jpg|https://image.production.fruitsfamily.com/public/product/resized%40width620/JtIRTMUBi3-d90491bb0456.jpg|https://image.production.fruitsfamily.com/public/product/resized%40width620/RjE2GOXKSR-03270ea3fe60.jpg|https://image.production.fruitsfamily.com/public/product/resized%40width620/lCSQGjWCLh-a603ff30ddcc.jpg,data/images/hunter/10200156_01.jpg|data/images/hunter/10200156_02.jpg|data/images/hunter/10200156_03.jpg
FRUITSFAMILY,6694082,Hunter,Hunter,헌터 핑크 부츠 미디부츠 미들부츠 레인부츠 오리지날 숏,60000,,235,"사진 그대로 상태
무신사 구매
몇번 안 신고 보관만 했어요
박스도 보관중입니다

교환환불 불가",False,https://fruitsfamily.com/product/3zh6q/%ED%97%8C%ED%84%B0-%ED%95%91%ED%81%AC-%EB%B6%80%EC%B8%A0-%EB%AF%B8%EB%94%94%EB%B6%80%EC%B8%A0-%EB%AF%B8%EB%93%A4%EB%B6%80%EC%B8%A0-%EB%A0%88%EC%9D%B8%EB%B6%80%EC%B8%A0-%EC%98%A4%EB%A6%AC%EC%A7%80%EB%82%A0-%EC%88%8F,2026-08-03,https://image.production.fruitsfamily.com/public/product/resized%40width620/2rlBOp26c_-B523ACA9-17A3-454A-AB76-E46BD020552D.jpg|https://image.production.fruitsfamily.com/public/product/resized%40width620/N9fbr08DjIp-F620AAAA-7691-4B2C-ABB5-32A02C81E8B3.jpg|https://image.production.fruitsfamily.com/public/product/resized%40width620/nfJ9IxJkYd-4851E4F0-F41A-4178-A5F1-FB749EDDA51D.jpg|https://image.production.fruitsfamily.com/public/product/resized%40width620/PrgzEWQFXw-2D032D1A-E670-41A8-9217-96B03F62FCA7.jpg|https://image.production.fruitsfamily.com/public/product/resized%40width620/5FLqKOrJj2-7410F779-D6EB-464D-A569-9318ACC5DE71.jpg|https://image.production.fruitsfamily.com/public/product/resized%40width620/gAutpO5YaNu-1CEF8242-1C99-4F7D-8FD1-2EFF104A4B6B.jpg|https://image.production.fruitsfamily.com/public/product/resized%40width620/gKpcHj77N9z-1D38FBDA-F8DB-4216-821C-B05ACBF91B72.jpg|https://image.production.fruitsfamily.com/public/product/resized%40width620/USOFswYf3G-B71B6CA3-546B-44E4-AC74-AD6B39193F50.jpg|https://image.production.fruitsfamily.com/public/product/resized%40width620/-LSMMzQxBWP-DFAEA765-7A8D-4014-BD68-1A28B5EA1B0E.jpg|https://image.production.fruitsfamily.com/public/product/resized%40width620/D0w-5m8w2j-FB558452-4746-48EA-82E9-F638863858E6.jpg,data/images/hunter/6694082_01.jpg|data/images/hunter/6694082_02.jpg|data/images/hunter/6694082_03.jpg
FRUITSFAMILY,8478596,Hunter,Hunter,[새상품급] W230 블랙 / 헌터 코만도 첼시 레인부츠,91000,149000,230,"헌터 코만도 첼시 레인부츠 블랙 판매합니다.

- FOURLAB에서 구입한 헌터 코리아 정품 제품
- 여성 230 사이즈
- 1회 착용, 상태 깨끗, 새상품급
- 박스 풀 보관

** 환불 불가 **",False,https://fruitsfamily.com/product/51q4k/%EC%83%88%EC%83%81%ED%92%88%EA%B8%89-w230-%EB%B8%94%EB%9E%99-%ED%97%8C%ED%84%B0-%EC%BD%94%EB%A7%8C%EB%8F%84-%EC%B2%BC%EC%8B%9C-%EB%A0%88%EC%9D%B8%EB%B6%80%EC%B8%A0,2026-08-03,https://image.production.fruitsfamily.com/public/product/resized%40width620/H7hQBw3YA5-BF507251-358D-4C25-9163-6F2A6702E0B2.jpg|https://image.production.fruitsfamily.com/public/product/resized%40width620/n-VPNhqGTv-21696621-F861-4F51-9547-4A474CA65A7D.jpg|https://image.production.fruitsfamily.com/public/product/resized%40width620/4y_36GTTb8-E51BA70A-C77E-401E-A7A4-A15DD484B710.jpg|https://image.production.fruitsfamily.com/public/product/resized%40width620/Rajvzt-qds-3F151751-4C03-4F03-90DA-13C0BA561E30.jpg|https://image.production.fruitsfamily.com/public/product/resized%40width620/AzLjoPSFdb-D5C3DC3B-6196-487D-9EF3-2073FEF76049.jpg|https://image.production.fruitsfamily.com/public/product/resized%40width620/ThEPyQOSn--25ABA0E7-E06F-4F7B-9106-28CAB81B33AD.jpg|https://image.production.fruitsfamily.com/public/product/resized%40width620/NhznxTYPWg-E69A91C0-7814-476C-AEAD-53CB0B89CAF7.jpg|https://image.production.fruitsfamily.com/public/product/resized%40width620/ltdvG-Ucs0-49F30075-92FA-4BAF-AFC3-C201276E1737.jpg|https://image.production.fruitsfamily.com/public/product/resized%40width620/XInzjUX-EW-3B194EC8-677E-4BE4-AC13-B2381D536D7B.jpg,data/images/hunter/8478596_01.jpg|data/images/hunter/8478596_02.jpg|data/images/hunter/8478596_03.jpg
FRUITSFAMILY,10364898,Hunter,Hunter,헌터레인부츠 오리지널 러버 레이스업 부츠 38 (235-240),75000,,240,"미국매장구매 사이즈 EU38 (235-240)

실착용 2-3회 상태매우 좋습니다
오래된 단종 모델이다보니 세월의 흔적상 
마지막 사진에 내부안감 들뜸있으니 참고해주세요",False,https://fruitsfamily.com/product/665lu/%ED%97%8C%ED%84%B0%EB%A0%88%EC%9D%B8%EB%B6%80%EC%B8%A0-%EC%98%A4%EB%A6%AC%EC%A7%80%EB%84%90-%EB%9F%AC%EB%B2%84-%EB%A0%88%EC%9D%B4%EC%8A%A4%EC%97%85-%EB%B6%80%EC%B8%A0-38-235-240,2026-08-03,https://image.production.fruitsfamily.com/public/product/resized%40width620/sL_144NwH-275c2e7d3144.jpg|https://image.production.fruitsfamily.com/public/product/resized%40width620/1rsca6156-b088cc4fa62d.jpg|https://image.production.fruitsfamily.com/public/product/resized%40width620/aKtnchedV5-278019af7509.jpg|https://image.production.fruitsfamily.com/public/product/resized%40width620/fW1Bf1nm3R-2de8c8403971.jpg|https://image.production.fruitsfamily.com/public/product/resized%40width620/QOuPtI99mM-6379020e4e68.jpg|https://image.production.fruitsfamily.com/public/product/resized%40width620/nJZEzmZ9Ql-eb81aa478ff2.jpg|https://image.production.fruitsfamily.com/public/product/resized%40width620/QuetrgY6CI-4e0b394af406.jpg|https://image.production.fruitsfamily.com/public/product/resized%40width620/UkbeqBqY1X-d38e79089769.jpg,data/images/hunter/10364898_01.jpg|data/images/hunter/10364898_02.jpg|data/images/hunter/10364898_03.jpg
FRUITSFAMILY,10142161,Hunter,Hunter,헌터 오리지날 숏 레인부츠 (국내미발매),75000,,230,"헌터 오리지날 숏 레인부츠 
37사이즈 (230-240)
사용감 없는 제품입니다(단시간 실착)

국내 미발매 제품으로 출시되지않은 컬러입니다

꼭 구매의사 있으신분만 문의사항 있을시 메세지 부탁드립니다",False,https://fruitsfamily.com/product/61dqp/%ED%97%8C%ED%84%B0-%EC%98%A4%EB%A6%AC%EC%A7%80%EB%82%A0-%EC%88%8F-%EB%A0%88%EC%9D%B8%EB%B6%80%EC%B8%A0-%EA%B5%AD%EB%82%B4%EB%AF%B8%EB%B0%9C%EB%A7%A4,2026-08-03,https://image.production.fruitsfamily.com/public/product/resized%40width620/9lqzTnSkG-7be2976bf261.jpg|https://image.production.fruitsfamily.com/public/product/resized%40width620/fMvvYmWLsf-816b9f0a2ab8.jpg|https://image.production.fruitsfamily.com/public/product/resized%40width620/sDtqW6qeTm-a59e70514839.jpg|https://image.production.fruitsfamily.com/public/product/resized%40width620/Jn8ME4wdSe-7d6491479a2d.jpg|https://image.production.fruitsfamily.com/public/product/resized%40width620/fK2sepXMET-c6c086e38b82.jpg|https://image.production.fruitsfamily.com/public/product/resized%40width620/duf60Ed8xF-9f0bef9676b1.jpg|https://image.production.fruitsfamily.com/public/product/resized%40width620/hzCUl4z0AQ-57093d5643ad.jpg|https://image.production.fruitsfamily.com/public/product/resized%40width620/Zulkz8rHJ1-eb063e9650fa.jpg,data/images/hunter/10142161_01.jpg|data/images/hunter/10142161_02.jpg|data/images/hunter/10142161_03.jpg
FRUITSFAMILY,8296117,Hunter,Hunter,헌터부츠 US6 UK5,85000,,240,"사용감 존재합니다 네고 택포 환불 안됩니다 

궁금하신점 문의바랍니다",False,https://fruitsfamily.com/product/4xtbp/%ED%97%8C%ED%84%B0%EB%B6%80%EC%B8%A0-us6-uk5,2026-08-03,https://image.production.fruitsfamily.com/public/product/resized%40width620/QreiQawItO-2F4113E4-FFD2-46CF-A30A-B43EFD9D74BA.jpg|https://image.production.fruitsfamily.com/public/product/resized%40width620/4p-Ao34oep-8D619B05-D88B-45A1-8A61-AE4D986272D1.jpg|https://image.production.fruitsfamily.com/public/product/resized%40width620/a2_43Ev1RV-B7FA0F0E-069E-4F84-83EF-93EB1EDDB99A.jpg|https://image.production.fruitsfamily.com/public/product/resized%40width620/bY0i7a1txM-9E4A2851-C223-478D-953D-C70AE76DD659.jpg|https://image.production.fruitsfamily.com/public/product/resized%40width620/bl1ECJ4_H4-407191C2-F6D1-4286-8E7E-3C3396810479.jpg|https://image.production.fruitsfamily.com/public/product/resized%40width620/0ne2bb9yx4-6D4C78D3-358C-45F4-B9ED-54874ABB2C9E.jpg,data/images/hunter/8296117_01.jpg|data/images/hunter/8296117_02.jpg|data/images/hunter/8296117_03.jpg
FRUITSFAMILY,10413622,Hunter,Hunter,헌터 Hunter 숏 레인부츠 사이드 어드저스터블,40000,,260,"헌터의 숏 레인부츠 장화입니다

작년 5월 무신사에서 구매하고, 비올 때 서너번 정도 신은 것 같습니다

재질 특성상 잘 더러워지지도 않고, 열심히 닦아서 상태 정말 좋습니다

UK7 / 260 사이즈 정사이즈 가시면 될 것 같습니다

평일에 이천시 신둔면, 주말에 숭실대학교 근처에서 직거래 가능합니다",False,https://fruitsfamily.com/product/6777a/%ED%97%8C%ED%84%B0-hunter-%EC%88%8F-%EB%A0%88%EC%9D%B8%EB%B6%80%EC%B8%A0-%EC%82%AC%EC%9D%B4%EB%93%9C-%EC%96%B4%EB%93%9C%EC%A0%80%EC%8A%A4%ED%84%B0%EB%B8%94,2026-08-03,https://image.production.fruitsfamily.com/public/product/resized%40width620/giMo8Jl2d-19cfcd266893.jpg|https://image.production.fruitsfamily.com/public/product/resized%40width620/fnTk7NoKSh-84264f77e92b.jpg|https://image.production.fruitsfamily.com/public/product/resized%40width620/G7kKkuU5n1-cf99d6475fb1.jpg|https://image.production.fruitsfamily.com/public/product/resized%40width620/SoagX2hOU0-f60c167907b2.jpg|https://image.production.fruitsfamily.com/public/product/resized%40width620/2wdPzwZvjM-72ba44eed2e9.jpg|https://image.production.fruitsfamily.com/public/product/resized%40width620/PYRL0rT0uq-f3789cf0e3dd.jpg|https://image.production.fruitsfamily.com/public/product/resized%40width620/NidlH2tus5-dbda3369c32f.jpg,data/images/hunter/10413622_01.jpg|data/images/hunter/10413622_02.jpg|data/images/hunter/10413622_03.jpg
FRUITSFAMILY,10412495,Hunter,Hunter,헌터 플레이 톨 아젤리아핑크 UK3사이즈,100000,,230,"한남 헌터 매장에서 구매했던 헌터 플레이톨 아젤리아 핑크 색상 입니다
UK3 사이즈 입니다 ! 크게 나온편이라 230사이즈 정도입니다
실착 1회 후 보관만 하던 제품이고, 한국에서 더이상 안나오는 컬러입니다 !! 
편하게 연락주세요🙂",False,https://fruitsfamily.com/product/676bz/%ED%97%8C%ED%84%B0-%ED%94%8C%EB%A0%88%EC%9D%B4-%ED%86%A8-%EC%95%84%EC%A0%A4%EB%A6%AC%EC%95%84%ED%95%91%ED%81%AC-uk3%EC%82%AC%EC%9D%B4%EC%A6%88,2026-08-03,https://image.production.fruitsfamily.com/public/product/resized%40width620/bZjGEQASv-7a5b1c3c6e1c.jpg|https://image.production.fruitsfamily.com/public/product/resized%40width620/YewruJm2jy-2c9ad92fc54f.jpg,data/images/hunter/10412495_01.jpg|data/images/hunter/10412495_02.jpg
FRUITSFAMILY,5108146,Hunter,Hunter,헌터 오리지날 플레이 톨 레인부츠,77000,115000,230,"사놓고 한번 착용하고 구성품 그대로 안망가지게 다 넣어서 포장 박스 그대로해서 보관해두었습니다
정가 169000 에 구매해서 올려놓은가격 많이 내려놓은 상태입니다 
구매하실분만 문의주세요!

(ㄱㅈ거래 선호, 네고문의 x)",False,https://fruitsfamily.com/product/31hgy/%ED%97%8C%ED%84%B0-%EC%98%A4%EB%A6%AC%EC%A7%80%EB%82%A0-%ED%94%8C%EB%A0%88%EC%9D%B4-%ED%86%A8-%EB%A0%88%EC%9D%B8%EB%B6%80%EC%B8%A0,2026-08-03,https://image.production.fruitsfamily.com/public/product/resized%40width620/8zx1lsUtxY-C6FD5E56-5AC3-4223-AA30-F2C314DB3C9B.jpg|https://image.production.fruitsfamily.com/public/product/resized%40width620/e9ZtijF93Q-6DFB0158-5B16-406B-8DCE-47F242E32B66.jpg|https://image.production.fruitsfamily.com/public/product/resized%40width620/3S16oBVQcm-363DF25B-CC30-4FC1-A951-725EE0DAB1F0.jpg|https://image.production.fruitsfamily.com/public/product/resized%40width620/eymQJp7TbV-FD654AC6-AC72-49BB-BF20-87D7F16085CD.jpg,data/images/hunter/5108146_01.jpg|data/images/hunter/5108146_02.jpg|data/images/hunter/5108146_03.jpg
FRUITSFAMILY,8544338,Hunter,Hunter,새상품) 헌터 블룸 샌들,54000,60000,250,"헌터 샌들 라일락 색상입니다
새 상품이고 박스에 담겨 있습니다
UK6/EU39/US8 사이즈입니다
가볍고 편안하게 신을 수 있습니다.
여름 샌들 준비하세용💜",False,https://fruitsfamily.com/product/534uq/%EC%83%88%EC%83%81%ED%92%88-%ED%97%8C%ED%84%B0-%EB%B8%94%EB%A3%B8-%EC%83%8C%EB%93%A4,2026-08-03,https://image.production.fruitsfamily.com/public/product/resized%40width620/HBuz-NSWaz-BB66306A-86D7-4B28-98A7-DFC60825BE20.jpg|https://image.production.fruitsfamily.com/public/product/resized%40width620/Y3yOmb9urU-EACE1680-B787-4AC1-8FD6-1B99CBE3EB77.jpg|https://image.production.fruitsfamily.com/public/product/resized%40width620/rKvvBU-mOX-602D3BB6-D55F-4704-BE59-ADCD2F97AA91.jpg|https://image.production.fruitsfamily.com/public/product/resized%40width620/gd7xPGtQ_v-FD520D32-08B4-421B-BE0A-49E7FCA66955.jpg|https://image.production.fruitsfamily.com/public/product/resized%40width620/adNA04r3op-738D2FBB-0B22-476A-B2F6-E953620FC82B.jpg,data/images/hunter/8544338_01.jpg|data/images/hunter/8544338_02.jpg|data/images/hunter/8544338_03.jpg
FRUITSFAMILY,9999775,Hunter,Hunter,헌터부츠 오리지날 톨 250,80000,100000,250,"헌터부츠 오리지날 톨 250사이즈 
작년 구매 
 집안에서만 몇번 신어보고 외출은 한번도 안했어요 
상태보시면 거의 새것이에요 
박스는 없어요

ㅇㅊ시 네고 가능합니다",False,https://fruitsfamily.com/product/5ybvj/%ED%97%8C%ED%84%B0%EB%B6%80%EC%B8%A0-%EC%98%A4%EB%A6%AC%EC%A7%80%EB%82%A0-%ED%86%A8-250,2026-08-03,https://image.production.fruitsfamily.com/public/product/resized%40width620/zaMDCcJgd-4fcda428ca77.jpg|https://image.production.fruitsfamily.com/public/product/resized%40width620/G10_5WSRJ1-764dfda469ca.jpg|https://image.production.fruitsfamily.com/public/product/resized%40width620/coTAoKxCuB-538ac00cec4d.jpg|https://image.production.fruitsfamily.com/public/product/resized%40width620/N5LbXaVqLz-a58054ee316f.jpg|https://image.production.fruitsfamily.com/public/product/resized%40width620/mgEUCK3nYI-d995b2ab91b9.jpg|https://image.production.fruitsfamily.com/public/product/resized%40width620/vAlRyJrJ3t-0b831e2a9d5a.jpg|https://image.production.fruitsfamily.com/public/product/resized%40width620/NzvGD6hLXH-d5b3c2f13161.jpg,data/images/hunter/9999775_01.jpg|data/images/hunter/9999775_02.jpg|data/images/hunter/9999775_03.jpg
FRUITSFAMILY,5473824,Hunter,Hunter,HUNTER 헌터 오리지널 첼시 부츠 우먼,89100,99000,245,"헌터 오리지널 첼시 부츠 새제품

사이즈: w uk5, us7, eu38",False,https://fruitsfamily.com/product/39bmo/hunter-%ED%97%8C%ED%84%B0-%EC%98%A4%EB%A6%AC%EC%A7%80%EB%84%90-%EC%B2%BC%EC%8B%9C-%EB%B6%80%EC%B8%A0-%EC%9A%B0%EB%A8%BC,2026-08-03,https://image.production.fruitsfamily.com/public/product/resized%40width620/xTWohH57WE-E60838B2-7390-44D4-BCB5-72C91A2DBFEB.jpg|https://image.production.fruitsfamily.com/public/product/resized%40width620/RC_fJ-FDv7-9ADDE11E-8AB0-42ED-B275-0E92990F8399.jpg|https://image.production.fruitsfamily.com/public/product/resized%40width620/C6lqlZgAAo-E757DCC2-330A-4D63-A996-129FF81CA8CA.jpg|https://image.production.fruitsfamily.com/public/product/resized%40width620/5gGMHiwcoQ-C7F574A5-3B5B-4B7B-AD3D-85DF6331246E.jpg|https://image.production.fruitsfamily.com/public/product/resized%40width620/CHVuaSQ9yz-A930FCB4-0325-4BFC-A657-D5C50C6C8C7C.jpg|https://image.production.fruitsfamily.com/public/product/resized%40width620/55UUvXiW6f-7B3BEEA3-9AD4-4FE7-A17B-8C1FCFB0898A.jpg,data/images/hunter/5473824_01.jpg|data/images/hunter/5473824_02.jpg|data/images/hunter/5473824_03.jpg
FRUITSFAMILY,9996570,Hunter,Hunter,헌터 뮬 그레이 235,30000,,235,헌터 뮬 235사이즈 안신는 신발 정리중입니다. 실착 횟수 몇번되지 않아 뒷굽 닳음 없고 다이소에서 레인부츠 클리너 사서 닦으시면 깨끗할거에요. 옥,False,https://fruitsfamily.com/product/5y9ei/%ED%97%8C%ED%84%B0-%EB%AE%AC-%EA%B7%B8%EB%A0%88%EC%9D%B4-235,2026-08-03,https://image.production.fruitsfamily.com/public/product/resized%40width620/SXJb2H0lo-52ad2df49c12.jpg|https://image.production.fruitsfamily.com/public/product/resized%40width620/uPLwz-LZA0-9082d254a289.jpg|https://image.production.fruitsfamily.com/public/product/resized%40width620/tEXRb7zTDO-926ca902d740.jpg,data/images/hunter/9996570_01.jpg|data/images/hunter/9996570_02.jpg|data/images/hunter/9996570_03.jpg
FRUITSFAMILY,8884817,Hunter,Hunter,헌터 오리지날 숏 레인부츠 카키,90000,,250,"헌터 레인부츠 판매합니다.
정말 예쁜데 직업 특성 상 부츠를 신을 일이 없어 내놓습니다
작년 장마철에 2-3번 신은 거 같아요 인플루언서 찻샷 입니다.
상태 깨끗하고 택배 5/1 부터 가능합니다

240 신는데 250 잘 맞아요(사이즈 문의 안 받습니다.)",False,https://fruitsfamily.com/product/5afkh/%ED%97%8C%ED%84%B0-%EC%98%A4%EB%A6%AC%EC%A7%80%EB%82%A0-%EC%88%8F-%EB%A0%88%EC%9D%B8%EB%B6%80%EC%B8%A0-%EC%B9%B4%ED%82%A4,2026-08-03,https://image.production.fruitsfamily.com/public/product/resized%40width620/c5jAVZBm1-d434ecd61d49.jpg|https://image.production.fruitsfamily.com/public/product/resized%40width620/62RUuKKO_t-5a695efe03c7.jpg|https://image.production.fruitsfamily.com/public/product/resized%40width620/qB5Ve6xb9-3bc8b9a35302.jpg|https://image.production.fruitsfamily.com/public/product/resized%40width620/Z90EYWOdEG-a217ff4a877c.jpg|https://image.production.fruitsfamily.com/public/product/resized%40width620/cL0-nrL8fg-e786552b37e6.jpg|https://image.production.fruitsfamily.com/public/product/resized%40width620/ToYg0RVQiF-0f7d6a47b118.jpg,data/images/hunter/8884817_01.jpg|data/images/hunter/8884817_02.jpg|data/images/hunter/8884817_03.jpg
FRUITSFAMILY,10190931,Puma,Puma,PUMA OSU,140000,,250,"PUMA OSU
Size : 250
Condition : B",False,https://fruitsfamily.com/product/62fdf/puma-osu,2026-08-03,https://image.production.fruitsfamily.com/public/product/resized%40width620/sGcTkj0aca-1784541394040-wb7ytonbn.png|https://image.production.fruitsfamily.com/public/product/resized%40width620/0C0BCWXUig-1784541394057-lpihymd5l.png|https://image.production.fruitsfamily.com/public/product/resized%40width620/JxC-JPGagV-1784541394059-0auarovqf.png|https://image.production.fruitsfamily.com/public/product/resized%40width620/pzs6hgvG1u-1784541394061-48vvvbph3.png|https://image.production.fruitsfamily.com/public/product/resized%40width620/E4pWMjK_d_-1784541394063-hv0ku8s61.png|https://image.production.fruitsfamily.com/public/product/resized%40width620/L-ZbIT4REf-1784541394065-ev3ux9g3r.png|https://image.production.fruitsfamily.com/public/product/resized%40width620/v9uTmfwhGR-1784541394067-a988hz9uw.png|https://image.production.fruitsfamily.com/public/product/resized%40width620/OHof6lbECQ-1784541394068-0leznujag.png|https://image.production.fruitsfamily.com/public/product/resized%40width620/_yJx-EQIt5-1784541394070-dfj8vrwqn.png|https://image.production.fruitsfamily.com/public/product/resized%40width620/jLJ1oy8LRW-1784541394072-vvuny5q7r.png,data/images/puma/10190931_01.jpg|data/images/puma/10190931_02.jpg|data/images/puma/10190931_03.jpg
FRUITSFAMILY,2255421,Puma,Puma,푸마 슬링 (2000s),110000,,230,"명칭 - PUMA Slingy (2000s)

크기 - 230mm

상태 - 사용감 적음 9/10

푸마의 샌들과 펌프스의 중간, 슬링이입니다. 지금껏 후루츠패밀리 업로드 때 한글 이름을 제목으로 적어 왔는데 처음으로 고민이 됩니다. 

몇 푸마의 신발 중, 로고에 세로선을 넣은 디자인이 나비의 날개 같다는 생각이 드는데 공감이 되실꺼라 봅니다!",False,https://fruitsfamily.com/product/1ccal/%ED%91%B8%EB%A7%88-%EC%8A%AC%EB%A7%81-2000s,2026-08-03,https://image.production.fruitsfamily.com/public/product/resized%40width620/BL18NEu0nf-C33A8229-82E1-44FE-97CC-D89D74296423.jpg|https://image.production.fruitsfamily.com/public/product/resized%40width620/Kt6sYzkS8o-5D2E123D-3E29-426F-8406-0E80DEA30394.jpg|https://image.production.fruitsfamily.com/public/product/resized%40width620/gx1pR_J6CX-49B5C732-2FD3-41D1-9A7B-EF691928D558.jpg|https://image.production.fruitsfamily.com/public/product/resized%40width620/lIzFkahNrG-135F66E6-F94D-4A09-98C7-BA8579D0CF2C.jpg|https://image.production.fruitsfamily.com/public/product/resized%40width620/NfI8iq2-gR-07BB1D54-4BAC-4F66-922D-24A06C5B849B.jpg|https://image.production.fruitsfamily.com/public/product/resized%40width620/iiNT_BeIxq-38A3E671-CF16-48AA-BD9A-F6139F9C0BC7.jpg|https://image.production.fruitsfamily.com/public/product/resized%40width620/H-oQ-jl0ql-7C1898AA-60F5-499D-AC13-619DD95BEDE0.jpg,data/images/puma/2255421_01.jpg|data/images/puma/2255421_02.jpg|data/images/puma/2255421_03.jpg
FRUITSFAMILY,7794344,Puma,Puma,푸마 asana 230,115000,130000,230,"puma asana 230

price 130,000

size 230

#puma #pumaasana #asana
#pumaspeedcat #speedcat
#푸마 #푸마230 #230
#드리프트캣 #스피드캣 #퓨처캣
#하이탑 #하이탑230 #부츠 #부츠230
#복싱화 #레슬링화

택사이즈 230

빈티지 특성상 명시되지 않은 미세한 흔적 오염등이 있을 수 있습니다

구매원하시면 문의주세요",False,https://fruitsfamily.com/product/4n25k/%ED%91%B8%EB%A7%88-asana-230,2026-08-03,https://image.production.fruitsfamily.com/public/product/resized%40width620/Q_9YlACjDe-1770891169315.jpg|https://image.production.fruitsfamily.com/public/product/resized%40width620/CoXao4gYdn-1770891169349.jpg|https://image.production.fruitsfamily.com/public/product/resized%40width620/7hg66qjzM7-1770891169380.png|https://image.production.fruitsfamily.com/public/product/resized%40width620/QdSbxJ0SZY-1770891169412.png|https://image.production.fruitsfamily.com/public/product/resized%40width620/vWSRmqIoLp-1770891169444.png|https://image.production.fruitsfamily.com/public/product/resized%40width620/_OA4DZkolo-1770891169477.png|https://image.production.fruitsfamily.com/public/product/resized%40width620/XEqHbB4ner-1770891169507.png|https://image.production.fruitsfamily.com/public/product/resized%40width620/87jTULFnjl2-1770891169543.png|https://image.production.fruitsfamily.com/public/product/resized%40width620/Qo3OkJeUi-1770891169574.png,data/images/puma/7794344_01.jpg|data/images/puma/7794344_02.jpg|data/images/puma/7794344_03.jpg
FRUITSFAMILY,10005617,Puma,Puma,[260] 푸마 프렌치 77 화이트 레더,90000,,260,"브랜드: Puma
제품명: French 77 White Leather
사이즈: 260
상태: 7/10
구성: 단품
가격: 90,000

—

푸마 프렌치 77입니다
80년대 출시된 코트 스니커 실루엣을 기반으로 합니다

White. Leather Upper. Olive Sole
Low-top. Lace-up
화이트 레더 바디에 3선 스티칭과 올리브 톤 미드솔이 포인트인 구성입니다

혀 부분 가죽 갈라짐 존재합니다

🦶 정사이즈 착용 권장

문의는 채팅 부탁드립니다

(16)",False,https://fruitsfamily.com/product/5ygdt/260-%ED%91%B8%EB%A7%88-%ED%94%84%EB%A0%8C%EC%B9%98-77-%ED%99%94%EC%9D%B4%ED%8A%B8-%EB%A0%88%EB%8D%94,2026-08-03,https://image.production.fruitsfamily.com/public/product/resized%40width620/udWMDVNgr-38246fab0bb4.jpg|https://image.production.fruitsfamily.com/public/product/resized%40width620/pUz8x11LgQ-f29e4855fcec.jpg|https://image.production.fruitsfamily.com/public/product/resized%40width620/TR1L3-BrFI-2e353477ebfc.jpg|https://image.production.fruitsfamily.com/public/product/resized%40width620/d2WqrQpOKf-6072dbe4781c.jpg|https://image.production.fruitsfamily.com/public/product/resized%40width620/bcqPwsk2NJ-a5331b7654eb.jpg|https://image.production.fruitsfamily.com/public/product/resized%40width620/fk9yVzxbnP-f9bcf632e48d.jpg|https://image.production.fruitsfamily.com/public/product/resized%40width620/HkjevP1slq-4c6288eef812.jpg|https://image.production.fruitsfamily.com/public/product/resized%40width620/3-pLq_Nmo_-9dbfaf589246.jpg,data/images/puma/10005617_01.jpg|data/images/puma/10005617_02.jpg|data/images/puma/10005617_03.jpg
FRUITSFAMILY,9922830,Puma,Puma,PUMA GESELLE,150000,,230,"PUMA GESELLE
Size : 230
Condition : B",False,https://fruitsfamily.com/product/5woi6/puma-geselle,2026-08-03,https://image.production.fruitsfamily.com/public/product/resized%40width620/YCjL9WJ0p-005cb4e09550.jpg|https://image.production.fruitsfamily.com/public/product/resized%40width620/nIioI8RBrQ-b61786f7da9b.jpg|https://image.production.fruitsfamily.com/public/product/resized%40width620/HuubaPlHYJ-805aa0402fee.jpg|https://image.production.fruitsfamily.com/public/product/resized%40width620/gpiUyf1UQW-6f14478a2c83.jpg|https://image.production.fruitsfamily.com/public/product/resized%40width620/fI9Vh__FS6-ce45394a6cb1.jpg|https://image.production.fruitsfamily.com/public/product/resized%40width620/n1iEKgyK7E-fbb8a48d04e0.jpg|https://image.production.fruitsfamily.com/public/product/resized%40width620/CeXApqZdTO-fa8042197fdd.jpg|https://image.production.fruitsfamily.com/public/product/resized%40width620/fbBXUlib6r-e3c6e4842383.jpg,data/images/puma/9922830_01.jpg|data/images/puma/9922830_02.jpg|data/images/puma/9922830_03.jpg
FRUITSFAMILY,9417770,Puma,Puma,퓨마 플랫 슈즈,120000,,245,"퓨마의 화이트 플랫슈즈 입니다.
흰색과 하늘색 색상 조화가 돋보이며
발바닥 쿠션과 뒷꿈치 패드가 발을 안정적으로 잡아줍니다.

화이트 색상임에도 전체적으로 오염없이 아주 좋은 상태 유지중입니다.

왼쪽 앞부분 스웨이드의 약간의 손상있습니다(마지막 사진)

240-245 추천드립니다.

*빈티지 특성상 교환이나 환불은 어렵습니다.",False,https://fruitsfamily.com/product/5lusq/%ED%93%A8%EB%A7%88-%ED%94%8C%EB%9E%AB-%EC%8A%88%EC%A6%88,2026-08-03,https://image.production.fruitsfamily.com/public/product/resized%40width620/tw53BASPT-eccb09738a53.jpg|https://image.production.fruitsfamily.com/public/product/resized%40width620/92rSdOn62G-5365a674104f.jpg|https://image.production.fruitsfamily.com/public/product/resized%40width620/JbIxIN9A_6-4fab6768ca63.jpg|https://image.production.fruitsfamily.com/public/product/resized%40width620/Bo3s-6Jz2g-b1beb9423cb6.jpg|https://image.production.fruitsfamily.com/public/product/resized%40width620/udPboNeFLK-14613306c1a5.jpg|https://image.production.fruitsfamily.com/public/product/resized%40width620/lxoVQVS-sX-f498b3e2cc32.jpg|https://image.production.fruitsfamily.com/public/product/resized%40width620/YzcgJGGPFD-ea42ec243a77.jpg|https://image.production.fruitsfamily.com/public/product/resized%40width620/UBJNv0klVB-6704c411d6e6.jpg,data/images/puma/9417770_01.jpg|data/images/puma/9417770_02.jpg|data/images/puma/9417770_03.jpg
FRUITSFAMILY,7334133,Puma,Puma,Puma fenty 리한나 콜라보 스니커즈 힐,360000,,OS,"Size : eu39
* 구매 전 문의

 puma x rihanna 콜라보 리미티드 스니커즈 힐 
- 지퍼 피어싱 참 디테일 
- 리한나 직접 디자인 참여, fenty의 아이코닉함이 반영된 스포티한 디자인
- 한정판으로 출시되었던 레어한 매물
- 부츠 형식으로 230부터 다양하게 즐기기 좋은 사이즈
- 풀박스 보유중

상점 공지 숙지 후 구매의사 확정되신분만 연락바랍니다

#vintage #fenty #puma",False,https://fruitsfamily.com/product/4d71x/puma-fenty-%EB%A6%AC%ED%95%9C%EB%82%98-%EC%BD%9C%EB%9D%BC%EB%B3%B4-%EC%8A%A4%EB%8B%88%EC%BB%A4%EC%A6%88-%ED%9E%90,2026-08-03,https://image.production.fruitsfamily.com/public/product/resized%40width620/gN1fV47cYH-DAB6B9BA-E83C-418B-A40F-7A63F68A04FD.jpg|https://image.production.fruitsfamily.com/public/product/resized%40width620/eefXAP49-6-A40CB21F-74C3-4AA4-BE66-819F2F0C3D52.jpg|https://image.production.fruitsfamily.com/public/product/resized%40width620/VclxfTIAKR-5DB9E553-1A27-47F4-91C0-D66BD72A360C.jpg|https://image.production.fruitsfamily.com/public/product/resized%40width620/-dDNPZPaOc-176A2651-63D2-4F08-BC12-A8AFC849F3FF.jpg|https://image.production.fruitsfamily.com/public/product/resized%40width620/7TOB2rwbE6-9F50FE39-8B3E-4B78-B525-95167BCC7009.jpg|https://image.production.fruitsfamily.com/public/product/resized%40width620/FUQFxSr9cz-57AB1EF0-F866-4CB1-90DA-FC72754268F9.jpg|https://image.production.fruitsfamily.com/public/product/resized%40width620/__fYSmUi6In-C4A5E8FC-A57F-4EB7-8D85-0569B1D68EDF.jpg|https://image.production.fruitsfamily.com/public/product/resized%40width620/RiRmQDkuO0-91AA270B-84DF-47B4-BCC8-EE3F63CE3163.jpg|https://image.production.fruitsfamily.com/public/product/resized%40width620/J5l50BrNrQ5-45C8C6C9-B128-4230-8CAF-848A76CA9E6B.jpg,data/images/puma/7334133_01.jpg|data/images/puma/7334133_02.jpg|data/images/puma/7334133_03.jpg
FRUITSFAMILY,10373532,Puma,Puma,푸마 스피드캣 뮬 우먼스 에스프레소 245,90000,,245,"실착 2회, Puma 로제 콜라보 슈즈
색상 Espresso Bean-Haute Coffee",False,https://fruitsfamily.com/product/66c9o/%ED%91%B8%EB%A7%88-%EC%8A%A4%ED%94%BC%EB%93%9C%EC%BA%A3-%EB%AE%AC-%EC%9A%B0%EB%A8%BC%EC%8A%A4-%EC%97%90%EC%8A%A4%ED%94%84%EB%A0%88%EC%86%8C-245,2026-08-03,https://image.production.fruitsfamily.com/public/product/resized%40width620/FwfxWk0Zv-8f5492aea3ab.jpg|https://image.production.fruitsfamily.com/public/product/resized%40width620/8ibxjkx6wm-5916de21acaf.jpg|https://image.production.fruitsfamily.com/public/product/resized%40width620/nYP5MPxqG7-9310d0cba9d7.jpg|https://image.production.fruitsfamily.com/public/product/resized%40width620/4LHEP-qajb-d266bd7e9926.jpg|https://image.production.fruitsfamily.com/public/product/resized%40width620/kxjqTCsjC7-6e2184a9a35c.jpg|https://image.production.fruitsfamily.com/public/product/resized%40width620/uaZOFKUKB9-cb7b326b95f2.jpg|https://image.production.fruitsfamily.com/public/product/resized%40width620/xnf-0n2WJ7-b44314dcc90c.jpg|https://image.production.fruitsfamily.com/public/product/resized%40width620/SgkLAekL4l-1e3a7fc2a086.jpg|https://image.production.fruitsfamily.com/public/product/resized%40width620/7IfWkN3PNI-4f1963e927e4.jpg,data/images/puma/10373532_01.jpg|data/images/puma/10373532_02.jpg|data/images/puma/10373532_03.jpg
FRUITSFAMILY,10216201,Puma,Puma,퓨마 스쿠데리아 페라리 드리프트 캣 5 블랙 9사이즈,101200,110000,270,"퓨마 스쿠데리아 페라리 드리프트 캣 5 블랙 9사이즈
퓨마 스쿠데리아 페라리 드리프트 캣 5 블랙 9사이즈입니다.
날렵하고 스포티한 로우톱 프로필에 딥한 블랙 컬러 어퍼, 그리고 페라리 특유의 스쿠데리아 노란 방패 로고와 레드 컬러 스우시/라인 포인트가 임팩트 있게 들어간 스니커즈입니다. 어퍼의 기하학적 타공 디테일이 통기성과 함께 레이싱 감성을 극대화해 줍니다.
드라이빙 슈즈 기반으로 설계되어 발을 감싸는 착화감이 훌륭합니다.
갑피 까짐이나 아웃솔 대형 마모 없이 전체적으로 무척 깨끗한 컨디션을 유지하고 있습니다.

제품단품

사이즈

9사이즈
(개인적으로 270~75사이즈 까지 추천드립니다.)

10/9점

• 새상품 / 미사용 제품도 있습니다.
• 빈티지 특성상 제품마다 컨디션이 다를 수 있습니다.
• 착샷 제공은 불가합니다.
• 사이즈 상담은 받지 않습니다.
(표기된 상세 사이즈를 꼭 참고해주세요 ❗️)
• 사용감이 있을 수 있습니다.
• 최대한 하자 / 사용 흔적은 사진으로 안내드리겠습니다.
(간혹 놓치는 부분이 있을 수 있습니다 😥)
• 무리한 에누리 문의는 정중히 거절합니다.
• 쿨거래 시 운포 진행 가능합니다.
(상황에 따라 판매자 재량으로 가격 조정 드릴 수 있습니다.)

🏠 오프라인 구매 안내

• 오프라인 방문 구매 가능합니다.
다만,최소 3일이나 늦어도 2일전에는 연락 주셔야합니다.

• 물건 대부분은 사무실에 전부다 보관중이라
오프라인에 가지고 있지 않습니다.

• 위치는 서울 대학로입니다.
자세한 위치는 예약시 안내 해드리겠습니다.",False,https://fruitsfamily.com/product/62yvd/%ED%93%A8%EB%A7%88-%EC%8A%A4%EC%BF%A0%EB%8D%B0%EB%A6%AC%EC%95%84-%ED%8E%98%EB%9D%BC%EB%A6%AC-%EB%93%9C%EB%A6%AC%ED%94%84%ED%8A%B8-%EC%BA%A3-5-%EB%B8%94%EB%9E%99-9%EC%82%AC%EC%9D%B4%EC%A6%88,2026-08-03,https://image.production.fruitsfamily.com/public/product/resized%40width620/mJBHlBk4Y-474a94a2dcf6.jpg|https://image.production.fruitsfamily.com/public/product/resized%40width620/49BeCo9wUd-8779ca0117cc.jpg|https://image.production.fruitsfamily.com/public/product/resized%40width620/ekp8YrtkqX-03735b1ea4a3.jpg|https://image.production.fruitsfamily.com/public/product/resized%40width620/GDM80kD2RJ-1924a7803261.jpg|https://image.production.fruitsfamily.com/public/product/resized%40width620/N-SICmjBZy-f6d09a8c5a1f.jpg|https://image.production.fruitsfamily.com/public/product/resized%40width620/CU6eDD2M0_-0c41825a13b4.jpg|https://image.production.fruitsfamily.com/public/product/resized%40width620/Men5T6sWLp-c09634aa6929.jpg|https://image.production.fruitsfamily.com/public/product/resized%40width620/miAU1Gi8pH-0c7c44eeda18.jpg|https://image.production.fruitsfamily.com/public/product/resized%40width620/3j3OoSOZdo-700fa243171e.jpg,data/images/puma/10216201_01.jpg|data/images/puma/10216201_02.jpg|data/images/puma/10216201_03.jpg
FRUITSFAMILY,9722156,Puma,Puma,PUMA x MIHARA YASUHIRO MY-60,180000,,230,"PUMA x MIHARA YASUHIRO MY-60 MID
Size : 230
Condition : A",False,https://fruitsfamily.com/product/5sdnw/puma-x-mihara-yasuhiro-my-60,2026-08-03,https://image.production.fruitsfamily.com/public/product/resized%40width620/LGKkiiDAT-c6da29ed4581.jpg|https://image.production.fruitsfamily.com/public/product/resized%40width620/461TdHR-Lv-7a1496801353.jpg|https://image.production.fruitsfamily.com/public/product/resized%40width620/437GpwqFym-4bf95cbb8e9d.jpg|https://image.production.fruitsfamily.com/public/product/resized%40width620/wtP5TEklBO-aaa10a462f9a.jpg|https://image.production.fruitsfamily.com/public/product/resized%40width620/wtXibBVmTD-a16e6b6464fc.jpg|https://image.production.fruitsfamily.com/public/product/resized%40width620/MVB-6n93gq-65c32c5704ea.jpg|https://image.production.fruitsfamily.com/public/product/resized%40width620/PEbjWtrh2J-0c2dc2603c33.jpg|https://image.production.fruitsfamily.com/public/product/resized%40width620/VYDaYTxuM3-d8c834ffe534.jpg|https://image.production.fruitsfamily.com/public/product/resized%40width620/TsgnEzEEKn-d65907761fbd.jpg|https://image.production.fruitsfamily.com/public/product/resized%40width620/8qaEuS4k_T-b853753dc0f3.jpg,data/images/puma/9722156_01.jpg|data/images/puma/9722156_02.jpg|data/images/puma/9722156_03.jpg
FRUITSFAMILY,7107065,Puma,Puma,푸마 x 오픈 Yy 스피드캣 프레리 탄 매트 실버,170000,,235,"사이즈:235

특별한 하자 없고 스웨이드 특성상 약간의 때 있어요.
(사진 참고해주세요!)

기존에 들어있던 여유분 베이지색끈 있습니다.",False,https://fruitsfamily.com/product/48buh/%ED%91%B8%EB%A7%88-x-%EC%98%A4%ED%94%88-yy-%EC%8A%A4%ED%94%BC%EB%93%9C%EC%BA%A3-%ED%94%84%EB%A0%88%EB%A6%AC-%ED%83%84-%EB%A7%A4%ED%8A%B8-%EC%8B%A4%EB%B2%84,2026-08-03,https://image.production.fruitsfamily.com/public/product/resized%40width620/Zeg58wgBzY-9F5DDB69-867D-4A30-9D43-1FF471101B54.jpg|https://image.production.fruitsfamily.com/public/product/resized%40width620/pkdJSsrTOS-77DABFD6-3F06-470B-9371-2F04580A2E69.jpg|https://image.production.fruitsfamily.com/public/product/resized%40width620/wq3sRbYO4Q-7EC20332-F6E1-4AF7-9824-62EE8A5306EA.jpg|https://image.production.fruitsfamily.com/public/product/resized%40width620/qvtm-50qIi-E7D4F94B-5A7E-41DC-A6D5-A3D5E9EEB09A.jpg|https://image.production.fruitsfamily.com/public/product/resized%40width620/9_0XSJ2mfa-981192D0-E363-4A35-A21C-D4259F6C6316.jpg|https://image.production.fruitsfamily.com/public/product/resized%40width620/pWSXhNvteV-234BC5CA-B8A0-4D79-8472-B5ACFD78B8A2.jpg,data/images/puma/7107065_01.jpg|data/images/puma/7107065_02.jpg|data/images/puma/7107065_03.jpg
FRUITSFAMILY,9809116,Puma,Puma,푸마 모스트로 페이 레이스 블랙 230,129000,170000,230,"국내 미발매 상품입니다!!
검색해보시면 아시겠지만 구매가격보다 
저렴하게 판매합니다!
Uk4 (230)  새상품",False,https://fruitsfamily.com/product/5u8rg/%ED%91%B8%EB%A7%88-%EB%AA%A8%EC%8A%A4%ED%8A%B8%EB%A1%9C-%ED%8E%98%EC%9D%B4-%EB%A0%88%EC%9D%B4%EC%8A%A4-%EB%B8%94%EB%9E%99-230,2026-08-03,https://image.production.fruitsfamily.com/public/product/resized%40width620/S6DuA_21x-cbc22a6beea6.jpg|https://image.production.fruitsfamily.com/public/product/resized%40width620/bUQTllRHG-edcdd03e060d.jpg|https://image.production.fruitsfamily.com/public/product/resized%40width620/989tiVrOE-bae803446213.jpg|https://image.production.fruitsfamily.com/public/product/resized%40width620/qtWDjd7-z2-c608f72f18aa.jpg,data/images/puma/9809116_01.jpg|data/images/puma/9809116_02.jpg|data/images/puma/9809116_03.jpg
FRUITSFAMILY,9370416,Puma,Puma,푸마 매그맥스 나이트로 2 - 화이트:실버 미스트(270),130500,145000,270,"러닝할 때 5회 정도 착용하고 발에 맞지 않은 것 같아 보관중입니다
흰색이라 오염은 어쩔 수 없네요
기능성 보고 운동할 때 막 신으실 분들은 괜찮을 것 같아요",False,https://fruitsfamily.com/product/5ku9c/%ED%91%B8%EB%A7%88-%EB%A7%A4%EA%B7%B8%EB%A7%A5%EC%8A%A4-%EB%82%98%EC%9D%B4%ED%8A%B8%EB%A1%9C-2-%ED%99%94%EC%9D%B4%ED%8A%B8-%EC%8B%A4%EB%B2%84-%EB%AF%B8%EC%8A%A4%ED%8A%B8-270,2026-08-03,https://image.production.fruitsfamily.com/public/product/resized%40width620/o28Q1IitQ-f8f65b2c404e.jpg|https://image.production.fruitsfamily.com/public/product/resized%40width620/X2oKsCLEG-06b2e1849d61.jpg|https://image.production.fruitsfamily.com/public/product/resized%40width620/HxaFunmnyf-a3aa2bb28ec7.jpg|https://image.production.fruitsfamily.com/public/product/resized%40width620/xzb8GAbd1u-6442491d1f5e.jpg|https://image.production.fruitsfamily.com/public/product/resized%40width620/pZhQl9bXSK-331fac52a3f2.jpg|https://image.production.fruitsfamily.com/public/product/resized%40width620/srK0klZPrG-f42f5f1fb4cc.jpg|https://image.production.fruitsfamily.com/public/product/resized%40width620/ypusG6cFtt-49e5329f7825.jpg|https://image.production.fruitsfamily.com/public/product/resized%40width620/RXWuvaaVtn-4f9bf5418ef0.jpg|https://image.production.fruitsfamily.com/public/product/resized%40width620/9VQ6eTP1Gq-6b34d8d4d524.jpg|https://image.production.fruitsfamily.com/public/product/resized%40width620/-8vzhfRSOB-bfeb3f800bf7.jpg,data/images/puma/9370416_01.jpg|data/images/puma/9370416_02.jpg|data/images/puma/9370416_03.jpg
FRUITSFAMILY,7929387,Puma,Puma,00s 퓨마 Puma 플랫 슬립온,125000,156000,235,"00s 퓨마 Puma 플랫 슬립온 제품으로, 2000년대 초반 특유의 실험적인 라이프스타일 라인이 잘 드러나는 모델입니다. 표기 사이즈는 UK 4.5 / US W 7 / FR 37.5 / JPN 23.5로 여성 235 정도의 정사이즈 감이며, 발볼이 슬림하게 나온 플랫 구조라 230–235 사이 착용하시는 분들께 안정적으로 추천드립니다.

2000년대 퓨마는 스피드캣, 퓨쳐캣 등 모터스포츠 기반의 슬림하고 유선형 실루엣을 중심으로 다양한 패션 슈즈를 전개하던 시기였고, 현재 빈티지 시장에서 해당 시기 모델들이 재조명 받으며 점점 가치가 올라가고 있습니다. 특히 퓨쳐캣과 스피드캣 계열이 강하게 각광받는 요즘, 이처럼 남들과 겹치지 않는 플랫 슬립온 디자인은 오히려 더 유니크한 선택지가 됩니다.

앞코 전체에 에스닉 무드의 촘촘한 자수 스티치 패턴이 들어가 있어 단순한 플랫 슈즈가 아닌 하나의 오브제로 느껴지는 디테일을 보여주며, 측면에는 퓨마 폼스트립 라인을 스티치로 표현했습니다. 러프하게 마감된 엣지 디테일과 반투명 브라운 검솔이 00s 특유의 과도기적 감성을 완성하며, 힐과 아웃솔에 들어간 퓨마 로고 또한 자연스러운 에이징이 더해져 빈티지 무드를 강조합니다.

전체적으로 사용감이 다분한 제품으로,(깔창은 다른깔창으로 대체) 가죽의 마모 및 색 빠짐 등 세월에 따른 흔적이 존재하니 예민하신 분들은 피하시길 권합니다. 다만 이런 에이징을 멋으로 즐기실 분께는 지금 시점에서 충분히 매력적인 00s 퓨마 빈티지 슈즈입니다.

🔊팔로우 하시고 유지시 저희 상점에서 구매하시는 상품은 계속 2000원 할인하여 구매 가능하십니다.
(결제 전 미리 말씀 주세요)

💎전 상품 택배비 포함입니다.
💎수수료는 제가 부담합니다.
💎교환, 환불 불가합니다.
💎 사진과 실물 간 약간의 색감 차이가 있을 수 있습니다.
💎구매 전 반드시 실측 확인 부탁드립니다.
💎죄송하지만 네고는 받지 않습니다.

#퓨마 #puma #230 #235 #플랫슈즈 #퓨쳐캣 #스피드캣 #프라다",False,https://fruitsfamily.com/product/4pycr/00s-%ED%93%A8%EB%A7%88-puma-%ED%94%8C%EB%9E%AB-%EC%8A%AC%EB%A6%BD%EC%98%A8,2026-08-03,https://image.production.fruitsfamily.com/public/product/resized%40width620/gNbbz_q0Dl-D55E5BFC-67AD-441E-95CF-C5FD628802B6.jpg|https://image.production.fruitsfamily.com/public/product/resized%40width620/AsvUpFpaqQ-4C0D1398-31F8-4F85-ABE0-F6AEDC984957.jpg|https://image.production.fruitsfamily.com/public/product/resized%40width620/I8ZDFVXiaE-C329AF5E-467D-4F77-BA9C-2BA9C236772F.jpg|https://image.production.fruitsfamily.com/public/product/resized%40width620/6IbXZFWB6--04B5693E-746E-4D0D-9703-16084BFDFF21.jpg|https://image.production.fruitsfamily.com/public/product/resized%40width620/UULje6i0s6-28EC147D-617F-43DE-84E9-399BC19F7223.jpg|https://image.production.fruitsfamily.com/public/product/resized%40width620/OVJLLmzkKo-98FA342E-1725-4A80-BA7D-B65E84F5DA9C.jpg|https://image.production.fruitsfamily.com/public/product/resized%40width620/I-CQgx0RV-DED37419-3D6C-4382-A45A-5656435A9BF1.jpg|https://image.production.fruitsfamily.com/public/product/resized%40width620/kRYl30VUfc-F437A8D5-AD2E-4B35-B6BE-F91A88C87424.jpg|https://image.production.fruitsfamily.com/public/product/resized%40width620/C69xQDaO9x-755CCB12-AEB9-4463-A0A8-4329ACD81991.jpg,data/images/puma/7929387_01.jpg|data/images/puma/7929387_02.jpg|data/images/puma/7929387_03.jpg
FRUITSFAMILY,10312255,Puma,Puma,푸마 스피드캣 뮬 225 에스프레소 빈 새상품,92000,100000,225,"시착만 해본 새상품 
제 발 모양에 안 어울려서 판매합니다
택 O 박스 O",False,https://fruitsfamily.com/product/650zj/%ED%91%B8%EB%A7%88-%EC%8A%A4%ED%94%BC%EB%93%9C%EC%BA%A3-%EB%AE%AC-225-%EC%97%90%EC%8A%A4%ED%94%84%EB%A0%88%EC%86%8C-%EB%B9%88-%EC%83%88%EC%83%81%ED%92%88,2026-08-03,https://image.production.fruitsfamily.com/public/product/resized%40width620/cdUpRGmXu-7bd8c52ac38b.jpg|https://image.production.fruitsfamily.com/public/product/resized%40width620/qKA4juOHbP-801565382e9d.jpg|https://image.production.fruitsfamily.com/public/product/resized%40width620/mvkIRZ8j5G-7226c70b426b.jpg,data/images/puma/10312255_01.jpg|data/images/puma/10312255_02.jpg|data/images/puma/10312255_03.jpg
FRUITSFAMILY,10073234,Puma,Puma,8/3 하루)푸마 아카이브 빈티지 부츠 Phantom moto boots,185000,240000,OS,"소중하게 모아온 신발들을 정리하고 있습니다. 
프로필에서 독특한 피스들 구경해보세요:)

2006년에 출시된 푸마 팬텀 모토 부츠(Puma Phantom Moto Boots), 아카이브 빈티지 입니다

타 플랫폼과 동시 진행합니다

강렬한 녹색 컬러와 독특한 스트랩 디테일이 특징인 아카이브 패션 아이템입니다.
돋보적인 피스를 찾고 계신 분들께 추천드립니다
희귀한 빈티지 모델입니다.

벨크로를 풀고 지퍼를 여닫는 형태이며, 쉐잎이 정말 돋보적인 부츠입니다. 색도 예쁘고 차분한 초록색이에요!

연식이 있다보니 외부에는 염색약 뭉침, 약간의 떨어짐 등이 있습니다. 약간 떨어진 부분은 신발용 본드로 수선 가능한 정도인것 같습니다. 외부의 떨어짐은 사진이 거의 전부입니다!
안쪽도 손으로 꾹 눌러봤을 때 아주 약간의 끈적임이 있으나 습도 조절만 잘 해주시면 괜찮을거 같습니다! 
저도 처음 받았을 때보단 신문지 넣고 건조하게 해줬더니 많이 나아진거같아요

사이즈는 eu39, 245-250정도입니다. 저는 240-245신는데 크게 산거라 245-250분들 사이즈 조언은 힘드나 얇쌍하게 빠지진 않은 거 같습니다! 

해외 플랫폼에서 정말 힘들게 구한 매물인데 급전으로 처분합니다ㅠㅜ
27만원대에 구했고 구매 후 시착1회 실착 횟수는 없습니다. 착용은 가능할 거 같습니다!
오래된 아카이브 빈티지이다 보니 컨디션 확인! 부탁드립니다
중고 특성상 취소/ 환불 어려우니 신중한 구매 부탁드립니다",False,https://fruitsfamily.com/product/5zwk2/8-3-%ED%95%98%EB%A3%A8-%ED%91%B8%EB%A7%88-%EC%95%84%EC%B9%B4%EC%9D%B4%EB%B8%8C-%EB%B9%88%ED%8B%B0%EC%A7%80-%EB%B6%80%EC%B8%A0-phantom-moto-boots,2026-08-03,https://image.production.fruitsfamily.com/public/product/resized%40width620/Tccvrj7dF-bb25a8d74295.jpg|https://image.production.fruitsfamily.com/public/product/resized%40width620/Sxdv1iIc98-fced41fd86f7.jpg|https://image.production.fruitsfamily.com/public/product/resized%40width620/Y1XgBeO2uN-470d7a19915b.jpg|https://image.production.fruitsfamily.com/public/product/resized%40width620/Mhd5VAAMZf-48eacd3ac7ad.jpg|https://image.production.fruitsfamily.com/public/product/resized%40width620/SasI3P_wZx-ae21c179061c.jpg|https://image.production.fruitsfamily.com/public/product/resized%40width620/UJzinDnwMs-7ef4e8b14387.jpg|https://image.production.fruitsfamily.com/public/product/resized%40width620/xnime6itmv-b0120d2fa687.jpg|https://image.production.fruitsfamily.com/public/product/resized%40width620/G7LfXDBkMn-22bd3c53b5ec.jpg|https://image.production.fruitsfamily.com/public/product/resized%40width620/Tx3epM_-wn-1cb917c87a10.jpg|https://image.production.fruitsfamily.com/public/product/resized%40width620/cjZaQp55yO-dcb062fd9a0a.jpg,data/images/puma/10073234_01.jpg|data/images/puma/10073234_02.jpg|data/images/puma/10073234_03.jpg
FRUITSFAMILY,9494881,Puma,Puma,[새 상품] 푸마 스피드캣 고 우먼 240,105000,,240,"푸마 스피드캣 고 우먼입니다

사이즈 240 
택만 자른 새 상품 

abc마트 gs 수원점 구매 

중고거래 상 교환,환불 불가입니다
택배비 있어요",False,https://fruitsfamily.com/product/5niap/%EC%83%88-%EC%83%81%ED%92%88-%ED%91%B8%EB%A7%88-%EC%8A%A4%ED%94%BC%EB%93%9C%EC%BA%A3-%EA%B3%A0-%EC%9A%B0%EB%A8%BC-240,2026-08-03,https://image.production.fruitsfamily.com/public/product/resized%40width620/ijnUyYtJ4-583f217ff9f9.jpg|https://image.production.fruitsfamily.com/public/product/resized%40width620/mCI6XyPHsb-aa504cc2ad0e.jpg|https://image.production.fruitsfamily.com/public/product/resized%40width620/QiHLBQUyx1-4fc8a063babe.jpg|https://image.production.fruitsfamily.com/public/product/resized%40width620/4NabZr645m-3dbe889ab82e.jpg|https://image.production.fruitsfamily.com/public/product/resized%40width620/OGH3MgtVea-21598becd3a6.jpg|https://image.production.fruitsfamily.com/public/product/resized%40width620/nzRiE3BZZ8-e0f37ddfb255.jpg,data/images/puma/9494881_01.jpg|data/images/puma/9494881_02.jpg|data/images/puma/9494881_03.jpg
FRUITSFAMILY,10385297,Puma,Puma,Puma mostro perf 푸마 모스트로 퍼프,100000,130000,250,일본에서 구매 후 집에서만 착용해서 새상품이에요~!,False,https://fruitsfamily.com/product/66lch/puma-mostro-perf-%ED%91%B8%EB%A7%88-%EB%AA%A8%EC%8A%A4%ED%8A%B8%EB%A1%9C-%ED%8D%BC%ED%94%84,2026-08-03,https://image.production.fruitsfamily.com/public/product/resized%40width620/zSyoB0rMf-7beffcaa5cc7.jpg|https://image.production.fruitsfamily.com/public/product/resized%40width620/NCpZcCuL-X-0988f9149811.jpg|https://image.production.fruitsfamily.com/public/product/resized%40width620/EmwbYaGj8t-57fcb355b2c3.jpg,data/images/puma/10385297_01.jpg|data/images/puma/10385297_02.jpg|data/images/puma/10385297_03.jpg
FRUITSFAMILY,5906740,Puma,Puma,PUMA x OY 콜라보 스피드캣 한정 285 사이즈,145000,200000,285,"퓨마 OY 콜라보 한정판 스피드캣 285사이즈입니다! 아실분들은 아시겠지만 스피드캣 유행시에 한정으로 나와서 바로 매진된 상품이에요! 유니크한 디자인과 퀄리티는 일반 스피드캣에서는 찾을 수 없죠! 현재 남성사이즈는 가격 점점 산으로가고있고 285사이즈는 매물조차 없습니다! 풀박스 택 크림택 전부 포함해서 드려요~~
2회착용해 사실상 새제품입니다",False,https://fruitsfamily.com/product/3ilo4/puma-x-oy-%EC%BD%9C%EB%9D%BC%EB%B3%B4-%EC%8A%A4%ED%94%BC%EB%93%9C%EC%BA%A3-%ED%95%9C%EC%A0%95-285-%EC%82%AC%EC%9D%B4%EC%A6%88,2026-08-03,https://image.production.fruitsfamily.com/public/product/resized%40width620/CmWFRDi7l1-1758693878499.jpg|https://image.production.fruitsfamily.com/public/product/resized%40width620/3KDGpcwldB-1758693878536.jpg|https://image.production.fruitsfamily.com/public/product/resized%40width620/MxfsJjy_Bc-1758693878568.jpg|https://image.production.fruitsfamily.com/public/product/resized%40width620/_NiozLRtEt-1758693878598.jpg|https://image.production.fruitsfamily.com/public/product/resized%40width620/EFuR_m7Zmm-1758693878626.jpg|https://image.production.fruitsfamily.com/public/product/resized%40width620/kFXhPx2aD0-1758693878650.jpg|https://image.production.fruitsfamily.com/public/product/resized%40width620/PgwlfKnBJA-1758693878660.jpg,data/images/puma/5906740_01.jpg|data/images/puma/5906740_02.jpg|data/images/puma/5906740_03.jpg
FRUITSFAMILY,10351298,Puma,Puma,푸마 리플리 캣 로우 옐로우 295 (285 290),135000,,295,"puma repli cat low 295

price 135,000

size 295

#replicat #드리프트캣 #스피드캣

푸마의 드라이빙 슈즈 중 하나인 리플리 캣입니다
날렵한 듯 통통한 디자인이 매력적인 모델입니다
295 사이즈는 구하기 특히 더 어려울 거 같네요

택사이즈 295
택사이즈 295이나 285 혹은 290에게 추천

빈티지 특성상 명시되지 않은 미세한 흔적 오염등이 있을 수 있습니다

구매원하시면 문의주세요",False,https://fruitsfamily.com/product/65v42/%ED%91%B8%EB%A7%88-%EB%A6%AC%ED%94%8C%EB%A6%AC-%EC%BA%A3-%EB%A1%9C%EC%9A%B0-%EC%98%90%EB%A1%9C%EC%9A%B0-295-285-290,2026-08-03,https://image.production.fruitsfamily.com/public/product/resized%40width620/YAMLhEuXV-38a99d62b5bf.jpg|https://image.production.fruitsfamily.com/public/product/resized%40width620/T9zwwWVnS4-842d9b173e9c.jpg|https://image.production.fruitsfamily.com/public/product/resized%40width620/5w7AvGIpKN-a298d6bfd1a7.jpg|https://image.production.fruitsfamily.com/public/product/resized%40width620/nX75MHTXDR-95552bb282ad.jpg|https://image.production.fruitsfamily.com/public/product/resized%40width620/O4dZ-cOjga-8b4633073b39.jpg|https://image.production.fruitsfamily.com/public/product/resized%40width620/Tk3jNlk_pf-4d05652f1f5f.jpg|https://image.production.fruitsfamily.com/public/product/resized%40width620/wC2_0I9e4e-5cbeaf623835.jpg|https://image.production.fruitsfamily.com/public/product/resized%40width620/DC5SC14J8K-5c08266fae60.jpg|https://image.production.fruitsfamily.com/public/product/resized%40width620/Gxn_2ezQo7-41340015a981.jpg,data/images/puma/10351298_01.jpg|data/images/puma/10351298_02.jpg|data/images/puma/10351298_03.jpg
FRUITSFAMILY,10413120,ASICS,Asics,아식스x비비안 웨스트우드 젤 카야노 27 DE 옥스 브라운(280),200000,,280,"❌에눌❌
❌사이즈 문의❌

사용감 적은 상태 좋은 중고.
사이즈 US 10(280)
구성품 없음. 신발 단품.

⚠️에눌, 홀드, 교환 문의 안 받습니다.
      에눌 문의 하지 말아주세요!
⚠️제발 부탁드립니다.
     구매결정이 되신 분만 연락주세요.
     서로 시간 낭비하지 않게 기재된 내용
     꼼꼼히 살펴보시고 연락부탁드립니다.
⚠️예의없고 의미없이 찔러만 보시는분들
      바로 차단합니다.ㅣ",False,https://fruitsfamily.com/product/676tc/%EC%95%84%EC%8B%9D%EC%8A%A4x%EB%B9%84%EB%B9%84%EC%95%88-%EC%9B%A8%EC%8A%A4%ED%8A%B8%EC%9A%B0%EB%93%9C-%EC%A0%A4-%EC%B9%B4%EC%95%BC%EB%85%B8-27-de-%EC%98%A5%EC%8A%A4-%EB%B8%8C%EB%9D%BC%EC%9A%B4-280,2026-08-03,https://image.production.fruitsfamily.com/public/product/resized%40width620/Wfbim3Lyv-d39e3cd670cd.jpg|https://image.production.fruitsfamily.com/public/product/resized%40width620/6H1EKZOneW-789f4bb9acfa.jpg|https://image.production.fruitsfamily.com/public/product/resized%40width620/6wAWzpQq4k-6c6d555b9f3e.jpg|https://image.production.fruitsfamily.com/public/product/resized%40width620/3RDSBTAUdS-e2cb47985247.jpg|https://image.production.fruitsfamily.com/public/product/resized%40width620/ASnCUMgZWN-cb749078fe24.jpg|https://image.production.fruitsfamily.com/public/product/resized%40width620/zKNniDf2gM-e3da8f901cff.jpg|https://image.production.fruitsfamily.com/public/product/resized%40width620/QgD__Vm-ob-a895852351ee.jpg,data/images/asics/10413120_01.jpg|data/images/asics/10413120_02.jpg|data/images/asics/10413120_03.jpg
FRUITSFAMILY,10273903,ASICS,Asics,ASICS HADASHIFINE745(W),150000,,235,"ASICS HADASHIFINE745(W)
Size : 235
Condition : S",False,https://fruitsfamily.com/product/647e7/asics-hadashifine745-w,2026-08-03,https://image.production.fruitsfamily.com/public/product/resized%40width620/_zQ09eVbPk-1784980880441-27auagvxm.png|https://image.production.fruitsfamily.com/public/product/resized%40width620/vH-BK9nRJQ-1784980880414-u1feao7dp.png|https://image.production.fruitsfamily.com/public/product/resized%40width620/GU2NNbNrDX-1784980880427-jr6rhlfhk.png|https://image.production.fruitsfamily.com/public/product/resized%40width620/AtWlf74D0a-1784980880431-uxh6gk22c.png|https://image.production.fruitsfamily.com/public/product/resized%40width620/ilnAWWDdsz-1784980880433-b22mtjagk.png|https://image.production.fruitsfamily.com/public/product/resized%40width620/4NZCcqJHEZ-1784980880435-aac91qykq.png|https://image.production.fruitsfamily.com/public/product/resized%40width620/SgHvX1_Cr6-1784980880436-9kyd32g8l.png|https://image.production.fruitsfamily.com/public/product/resized%40width620/P91EsxXGdP-1784980880437-2f7w61r6d.png|https://image.production.fruitsfamily.com/public/product/resized%40width620/xQDjkPQiLB-1784980880439-hqo6tpk8n.png|https://image.production.fruitsfamily.com/public/product/resized%40width620/TpvBQS41e2-1784980880442-45zlb823y.png,data/images/asics/10273903_01.jpg|data/images/asics/10273903_02.jpg|data/images/asics/10273903_03.jpg
FRUITSFAMILY,10405377,ASICS,Asics,아식스 언어펙티드 젤카야노14 실버문,122000,,260,"7번 정도 착용하였습니다 !
약간 사용감 있지만, 상태 괜찮은 편이에용!",False,https://fruitsfamily.com/product/670u9/%EC%95%84%EC%8B%9D%EC%8A%A4-%EC%96%B8%EC%96%B4%ED%8E%99%ED%8B%B0%EB%93%9C-%EC%A0%A4%EC%B9%B4%EC%95%BC%EB%85%B814-%EC%8B%A4%EB%B2%84%EB%AC%B8,2026-08-03,https://image.production.fruitsfamily.com/public/product/resized%40width620/z81_S_Vj4-5bbf1bcb2ff1.jpg|https://image.production.fruitsfamily.com/public/product/resized%40width620/pGR0Wsh9SJ-d7a27703b2ea.jpg|https://image.production.fruitsfamily.com/public/product/resized%40width620/tYN3uQ-hU5-9745027aeb97.jpg|https://image.production.fruitsfamily.com/public/product/resized%40width620/k9Aqk0cKD0-fc10c1753b07.jpg|https://image.production.fruitsfamily.com/public/product/resized%40width620/3sXYbwR_Zq-e979b2145e7a.jpg|https://image.production.fruitsfamily.com/public/product/resized%40width620/ArIi_ahYtW-906558f526c7.jpg|https://image.production.fruitsfamily.com/public/product/resized%40width620/LiRERCbGM8-fd6b3c5238ee.jpg|https://image.production.fruitsfamily.com/public/product/resized%40width620/bOb26eUHzv-d0c1f968da8f.jpg|https://image.production.fruitsfamily.com/public/product/resized%40width620/XnaLvhzS1k-8a5e6e823cb1.jpg|https://image.production.fruitsfamily.com/public/product/resized%40width620/FRrtr6Hzi9-982098665d55.jpg,data/images/asics/10405377_01.jpg|data/images/asics/10405377_02.jpg|data/images/asics/10405377_03.jpg
FRUITSFAMILY,10281013,ASICS,Asics,키코 아식스 젤퀀텀 블랙270,180000,190000,270,"키코 아식스 젤퀀텀모델입니다.
정사~반업 정도 하여서 신으면 편하게 신기 좋습니다. 후르츠내에서 구매 후 10회착정도하다가
코디가 저한텐 어려워서 팝니다.

박스 택 크림택 동봉하여 송부드립니다.",False,https://fruitsfamily.com/product/64cvp/%ED%82%A4%EC%BD%94-%EC%95%84%EC%8B%9D%EC%8A%A4-%EC%A0%A4%ED%80%80%ED%85%80-%EB%B8%94%EB%9E%99270,2026-08-03,https://image.production.fruitsfamily.com/public/product/resized%40width620/4e2beLfe1-1236ad8e6230.jpg|https://image.production.fruitsfamily.com/public/product/resized%40width620/MDDPOb8dv2-9e81df54a362.jpg|https://image.production.fruitsfamily.com/public/product/resized%40width620/ZyNHbV2LWj-70a0e2bff577.jpg|https://image.production.fruitsfamily.com/public/product/resized%40width620/OY8rJq8tCP-0594bcac5fcd.jpg|https://image.production.fruitsfamily.com/public/product/resized%40width620/f9pizI0cg_-621e1fe23c21.jpg,data/images/asics/10281013_01.jpg|data/images/asics/10281013_02.jpg|data/images/asics/10281013_03.jpg
FRUITSFAMILY,9613032,ASICS,Asics,Asics indoor shoes,200000,,240,"Asics indoor shoes
Size : 240
Condition : A",False,https://fruitsfamily.com/product/5q1go/asics-indoor-shoes,2026-08-03,https://image.production.fruitsfamily.com/public/product/resized%40width620/kPovRTnfq-88f638f3f2fe.jpg|https://image.production.fruitsfamily.com/public/product/resized%40width620/USfYYRI2Mo-9ec4651fc068.jpg|https://image.production.fruitsfamily.com/public/product/resized%40width620/Mi6s6K1Qw8-18fb2b208bb1.jpg|https://image.production.fruitsfamily.com/public/product/resized%40width620/o9SLu3O9YB-56f547455f26.jpg|https://image.production.fruitsfamily.com/public/product/resized%40width620/CVl6YYUv3w-d4ea8305f926.jpg|https://image.production.fruitsfamily.com/public/product/resized%40width620/9-9GD827M2-fb4f403ed059.jpg|https://image.production.fruitsfamily.com/public/product/resized%40width620/puaQEEsYKa-a72589c11f63.jpg|https://image.production.fruitsfamily.com/public/product/resized%40width620/LBRKbpn9f5-4e30f40f4711.jpg|https://image.production.fruitsfamily.com/public/product/resized%40width620/oeixo6E4cM-7a840a08d700.jpg|https://image.production.fruitsfamily.com/public/product/resized%40width620/e9qUwAbaB6-ee73aa7a42a2.jpg,data/images/asics/9613032_01.jpg|data/images/asics/9613032_02.jpg|data/images/asics/9613032_03.jpg
FRUITSFAMILY,9871262,ASICS,Asics,아식스 세실리에 반센 젤 터레인 MT 미드나잇 (245),205000,220000,245,"아식스 x 세실리에 반센 젤 터레인 MT 미드나잇 245

Asics × Cecilie Bahnsen Gel-Terrain MT Midnight
1203A743-400

외부 실착 3회 정도로 컨디션 좋아요
박스 포함입니다.

본인 235~240인데 해당슈즈 작게나와서 245 구매했습니다. 
많이 작게 나온것 같지는 않아서 235~245 다 가능할듯해요

< 245 현재 크림 가격 30마넌대 중반 >

컨디션 사진 상세히 첨부했습니다.
구매 원하시면 바로 결제 해주시면 됩니다~!",False,https://fruitsfamily.com/product/5vkpq/%EC%95%84%EC%8B%9D%EC%8A%A4-%EC%84%B8%EC%8B%A4%EB%A6%AC%EC%97%90-%EB%B0%98%EC%84%BC-%EC%A0%A4-%ED%84%B0%EB%A0%88%EC%9D%B8-mt-%EB%AF%B8%EB%93%9C%EB%82%98%EC%9E%87-245,2026-08-03,https://image.production.fruitsfamily.com/public/product/resized%40width620/cg4fXGXcE-4fe48b451593.jpg|https://image.production.fruitsfamily.com/public/product/resized%40width620/gLrR-tsy58-0bbaac4c2cc1.jpg|https://image.production.fruitsfamily.com/public/product/resized%40width620/qnmQCvvYip-215959c9b869.jpg|https://image.production.fruitsfamily.com/public/product/resized%40width620/tBqpSPte3-132a0ca3ad05.jpg|https://image.production.fruitsfamily.com/public/product/resized%40width620/MoDWFwR6c-db61a44bc5db.jpg|https://image.production.fruitsfamily.com/public/product/resized%40width620/Zipm-eUFiE-c32e58fd6722.jpg|https://image.production.fruitsfamily.com/public/product/resized%40width620/EALsbAoi3D-24e077feab62.jpg|https://image.production.fruitsfamily.com/public/product/resized%40width620/Q6svnXmfqq-deecef0035f1.jpg|https://image.production.fruitsfamily.com/public/product/resized%40width620/OD7mZyonoW-f22b04b6e8af.jpg|https://image.production.fruitsfamily.com/public/product/resized%40width620/kfFtLyAIHG-e861e9b34636.jpg,data/images/asics/9871262_01.jpg|data/images/asics/9871262_02.jpg|data/images/asics/9871262_03.jpg
FRUITSFAMILY,10268011,ASICS,Asics,아식스 키코 헤븐 페일 아쿠아 240,370000,400000,240,"몇번 안 신었지만 손이 잘 안 가 판매합니다 
상태 좋아용",False,https://fruitsfamily.com/product/642uj/%EC%95%84%EC%8B%9D%EC%8A%A4-%ED%82%A4%EC%BD%94-%ED%97%A4%EB%B8%90-%ED%8E%98%EC%9D%BC-%EC%95%84%EC%BF%A0%EC%95%84-240,2026-08-03,https://image.production.fruitsfamily.com/public/product/resized%40width620/ChdCehhtB-87c27c0bca36.jpg|https://image.production.fruitsfamily.com/public/product/resized%40width620/479j5ukT76-6edb7edc5648.jpg|https://image.production.fruitsfamily.com/public/product/resized%40width620/YhwDye3IXR-0b9e3706308a.jpg,data/images/asics/10268011_01.jpg|data/images/asics/10268011_02.jpg|data/images/asics/10268011_03.jpg
FRUITSFAMILY,9873322,ASICS,Asics,아식스 세실리안 반센 250,250000,,250,4개월 전 소장 목적으로 중고거래로 구매 후 착용 안 함,False,https://fruitsfamily.com/product/5vmay/%EC%95%84%EC%8B%9D%EC%8A%A4-%EC%84%B8%EC%8B%A4%EB%A6%AC%EC%95%88-%EB%B0%98%EC%84%BC-250,2026-08-03,https://image.production.fruitsfamily.com/public/product/resized%40width620/cBKLCfJecd-b27e51dd6ad7.jpg|https://image.production.fruitsfamily.com/public/product/resized%40width620/fwn5Plu22-78cf77e77e5d.jpg|https://image.production.fruitsfamily.com/public/product/resized%40width620/UZFChfsz4N-324ce3c057ba.jpg|https://image.production.fruitsfamily.com/public/product/resized%40width620/4BEwHqZzD7-cd22bfac6fdb.jpg|https://image.production.fruitsfamily.com/public/product/resized%40width620/pry3OtHZcb-c4ef44c911ce.jpg,data/images/asics/9873322_01.jpg|data/images/asics/9873322_02.jpg|data/images/asics/9873322_03.jpg
FRUITSFAMILY,10284882,ASICS,Asics,아식스 노바블라스트 5 블랙 290,90000,,290,"아식스 노블5 러닝화 와이드 버전입니다

5km 실착3번후 사이즈가 커서 정리합니다",False,https://fruitsfamily.com/product/64fv6/%EC%95%84%EC%8B%9D%EC%8A%A4-%EB%85%B8%EB%B0%94%EB%B8%94%EB%9D%BC%EC%8A%A4%ED%8A%B8-5-%EB%B8%94%EB%9E%99-290,2026-08-03,https://image.production.fruitsfamily.com/public/product/resized%40width620/pQyV2uFUV-1b0a6013f64e.jpg|https://image.production.fruitsfamily.com/public/product/resized%40width620/pDXo5wn7X2-c3d389fdf7c7.jpg|https://image.production.fruitsfamily.com/public/product/resized%40width620/LaOIUEDcvN-5551af317f17.jpg,data/images/asics/10284882_01.jpg|data/images/asics/10284882_02.jpg|data/images/asics/10284882_03.jpg
FRUITSFAMILY,10285808,ASICS,Asics,아식스 x 언어펙티드 젤 카야노14 그린 280,135000,150000,280,"팔로우 하시고 더 많은 운동화 의류 구경오세요^^ 

사이즈 280 사이즈입니다^^

사용감 많지 않으며 박스도 그대로 보관중입니다.
3-5회 착용한것같습니다.

크림시세 참고해주세요.",False,https://fruitsfamily.com/product/64gkw/%EC%95%84%EC%8B%9D%EC%8A%A4-x-%EC%96%B8%EC%96%B4%ED%8E%99%ED%8B%B0%EB%93%9C-%EC%A0%A4-%EC%B9%B4%EC%95%BC%EB%85%B814-%EA%B7%B8%EB%A6%B0-280,2026-08-03,https://image.production.fruitsfamily.com/public/product/resized%40width620/JJZhZabLB-a0ce4c6abf67.jpg|https://image.production.fruitsfamily.com/public/product/resized%40width620/Xmk9OMzk74-f8aee0df04be.jpg|https://image.production.fruitsfamily.com/public/product/resized%40width620/Hg-VJot2C--0d3fb9104261.jpg|https://image.production.fruitsfamily.com/public/product/resized%40width620/C_QC_mNCZt-42c0e0c316db.jpg|https://image.production.fruitsfamily.com/public/product/resized%40width620/a5-jY4pPSX-23f70e5fd81e.jpg|https://image.production.fruitsfamily.com/public/product/resized%40width620/AeVcvpmdv--d1d4696eb039.jpg|https://image.production.fruitsfamily.com/public/product/resized%40width620/LuhrU5yqNa-90d23967cefe.jpg|https://image.production.fruitsfamily.com/public/product/resized%40width620/lDLUTAfz8u-199be1d89b85.jpg|https://image.production.fruitsfamily.com/public/product/resized%40width620/bEFM7-LA2a-e3d447cb27b2.jpg|https://image.production.fruitsfamily.com/public/product/resized%40width620/qQhtnm0YHO-ceb23aa5fc64.jpg,data/images/asics/10285808_01.jpg|data/images/asics/10285808_02.jpg|data/images/asics/10285808_03.jpg
FRUITSFAMILY,10411806,ASICS,Asics,아식스 x 페이퍼걸 파리 x 빔즈 GT-2160 화이트 실버 265,150000,,265,"일본 발매 제품입니다
몇 번 안 신었고 박스 여분끈 탭 풀박스
265사이즈",False,https://fruitsfamily.com/product/675su/%EC%95%84%EC%8B%9D%EC%8A%A4-x-%ED%8E%98%EC%9D%B4%ED%8D%BC%EA%B1%B8-%ED%8C%8C%EB%A6%AC-x-%EB%B9%94%EC%A6%88-gt-2160-%ED%99%94%EC%9D%B4%ED%8A%B8-%EC%8B%A4%EB%B2%84-265,2026-08-03,https://image.production.fruitsfamily.com/public/product/resized%40width620/xBdv66LHv-71683deb1ed8.jpg|https://image.production.fruitsfamily.com/public/product/resized%40width620/7VeAP4S2Jy-13c998135576.jpg|https://image.production.fruitsfamily.com/public/product/resized%40width620/DJQfo5YQ4Q-b4dc4b8e6ec3.jpg|https://image.production.fruitsfamily.com/public/product/resized%40width620/MB0Mwvsplu-23fa6efef888.jpg|https://image.production.fruitsfamily.com/public/product/resized%40width620/pRb19qJSJ7-64dc4640f4c7.jpg,data/images/asics/10411806_01.jpg|data/images/asics/10411806_02.jpg|data/images/asics/10411806_03.jpg
FRUITSFAMILY,10371426,ASICS,Asics,아식스x키코 코스타디노브 265,220000,,265,"3회 미만 착용 

상태 최상급

정품 박스에 깨끗이 보관 중

38만원 주고 샀는데 싸게 내놓습니다
사실분만 채팅 부탁합니다*^^*",False,https://fruitsfamily.com/product/66an6/%EC%95%84%EC%8B%9D%EC%8A%A4x%ED%82%A4%EC%BD%94-%EC%BD%94%EC%8A%A4%ED%83%80%EB%94%94%EB%85%B8%EB%B8%8C-265,2026-08-03,https://image.production.fruitsfamily.com/public/product/resized%40width620/_PjPZWePm-f7bd83a44954.jpg|https://image.production.fruitsfamily.com/public/product/resized%40width620/c7rBMz1AaD-b0f22135ac6d.jpg|https://image.production.fruitsfamily.com/public/product/resized%40width620/BpWAU2j1XL-84557a8cf35c.jpg|https://image.production.fruitsfamily.com/public/product/resized%40width620/yE54hAdLp6-79d62e09d6ef.jpg,data/images/asics/10371426_01.jpg|data/images/asics/10371426_02.jpg|data/images/asics/10371426_03.jpg
FRUITSFAMILY,10308143,ASICS,Asics,아식스 젤 소노마 275,80000,,275,"블랙 옵시디언 그레이 색상 
깔창 로고 지워짐 외 상태 좋아요 
편하게 연락 주세요",False,https://fruitsfamily.com/product/64xtb/%EC%95%84%EC%8B%9D%EC%8A%A4-%EC%A0%A4-%EC%86%8C%EB%85%B8%EB%A7%88-275,2026-08-03,https://image.production.fruitsfamily.com/public/product/resized%40width620/3x0CzIW95-9a27ef7ceea2.jpg|https://image.production.fruitsfamily.com/public/product/resized%40width620/RawONm3iaA-d46e5bf573e3.jpg|https://image.production.fruitsfamily.com/public/product/resized%40width620/Ux0rekMCar-3e816eaa8b06.jpg|https://image.production.fruitsfamily.com/public/product/resized%40width620/wkthyR-QsH-6763ae016e54.jpg|https://image.production.fruitsfamily.com/public/product/resized%40width620/xwM-nGRog9-6aeab60fa298.jpg,data/images/asics/10308143_01.jpg|data/images/asics/10308143_02.jpg|data/images/asics/10308143_03.jpg
FRUITSFAMILY,8507001,ASICS,Asics,아식스 x 세실리에 반센 젤 큐물러스 16 블랙 230,330000,,230,"택은 제거 했지만 미착용 새상품입니다
풀박상태로 보내드려요~",False,https://fruitsfamily.com/product/52c1l/%EC%95%84%EC%8B%9D%EC%8A%A4-x-%EC%84%B8%EC%8B%A4%EB%A6%AC%EC%97%90-%EB%B0%98%EC%84%BC-%EC%A0%A4-%ED%81%90%EB%AC%BC%EB%9F%AC%EC%8A%A4-16-%EB%B8%94%EB%9E%99-230,2026-08-03,https://image.production.fruitsfamily.com/public/product/resized%40width620/UMORxXGIBU-749AFFE5-1FD3-41EB-9B57-A86726F5DD9B.jpg|https://image.production.fruitsfamily.com/public/product/resized%40width620/wzp7KYe5PP-2E305B62-42EC-45DA-A03D-F691991AD08D.jpg|https://image.production.fruitsfamily.com/public/product/resized%40width620/koqHjITMVv-7B0B7AD1-191A-4BC9-BA92-F747884ECEDF.jpg,data/images/asics/8507001_01.jpg|data/images/asics/8507001_02.jpg|data/images/asics/8507001_03.jpg
FRUITSFAMILY,10268754,ASICS,Asics,아식스 조그 100T 블랙 엑스트라 와이드 4E 282.5 (285),84000,,285,"아식스 조그 100T 블랙 4E 엑스트라 와이드 282.5사이즈입니다.

한국에는 아식스에서 282.5를 들이지 않는데 아식스는 282.5가 US 10.5(285)사이즈이고 285가 US 11(290)사이즈입니다. 그래서 평소 285사이즈 신는 기준으로 해당 282.5사이즈가 잘 맞았고 발볼 넓은 280사이즈나 정사이즈 285인 분들이 잘 맞으실 것 같습니다.

실착 횟수 정확히 1회이고 사진에 보이듯이 마감 깔끔하고 하자 전혀 없습니다.

상수역 3번 출구에서 직거래 가능하고 일반택배(+4000) 가능합니다.",False,https://fruitsfamily.com/product/643f6/%EC%95%84%EC%8B%9D%EC%8A%A4-%EC%A1%B0%EA%B7%B8-100t-%EB%B8%94%EB%9E%99-%EC%97%91%EC%8A%A4%ED%8A%B8%EB%9D%BC-%EC%99%80%EC%9D%B4%EB%93%9C-4e-282-5-285,2026-08-03,https://image.production.fruitsfamily.com/public/product/resized%40width620/OqcJcSA5k-3d75628c88e7.jpg|https://image.production.fruitsfamily.com/public/product/resized%40width620/96Lco1RGr2-8284c7ddfd4b.jpg|https://image.production.fruitsfamily.com/public/product/resized%40width620/TC2dWMKny3-fa3f558492df.jpg|https://image.production.fruitsfamily.com/public/product/resized%40width620/qhS-DXU0Ea-238450dcc263.jpg|https://image.production.fruitsfamily.com/public/product/resized%40width620/ZeinafPQN1-8842c68e247d.jpg,data/images/asics/10268754_01.jpg|data/images/asics/10268754_02.jpg|data/images/asics/10268754_03.jpg
FRUITSFAMILY,10365788,ASICS,Asics,"아식스 GEL-140TR 스니커즈 (250, US 8)",75000,88000,250,"✅아식스 GEL-140TR
✅사이즈: US8
✅설명: 아식스 GEL-140TR 스니커즈입니다. 
메탈릭 블루와 실버 컬러웨이가 특징이에요. 저는 235-240 신는데 끈 조여서 신는 정도로 괜찮았어요. 
세탁 완료했고 몇 번 착용안해서 깨끗한 편입니다. 
사진 참고해주세요!",False,https://fruitsfamily.com/product/666ak/%EC%95%84%EC%8B%9D%EC%8A%A4-gel-140tr-%EC%8A%A4%EB%8B%88%EC%BB%A4%EC%A6%88-250-us-8,2026-08-03,https://image.production.fruitsfamily.com/public/product/resized%40width620/Jv0z0xg22-09d402443637.jpg|https://image.production.fruitsfamily.com/public/product/resized%40width620/h83X-n6QLV-356a43db0aad.jpg|https://image.production.fruitsfamily.com/public/product/resized%40width620/hSRgsYzInm-d5dc260b4c9b.jpg|https://image.production.fruitsfamily.com/public/product/resized%40width620/StiM8VrXp6-33a3f2ded8f2.jpg|https://image.production.fruitsfamily.com/public/product/resized%40width620/48McfFgHpH-a89afc1a2f07.jpg|https://image.production.fruitsfamily.com/public/product/resized%40width620/jS9bMhylaN-b854af484bb2.jpg,data/images/asics/10365788_01.jpg|data/images/asics/10365788_02.jpg|data/images/asics/10365788_03.jpg
FRUITSFAMILY,9618359,ASICS,Asics,아식스 고어텍스 젤 PTG GTX 1201A999-020,180000,,230,"정가 258,900원
230 글레이셔 그레이 색상 3회착
일본 구매 제품이며 GORE-TEX 어퍼를 적용해 비 오는 날이나 습한 날씨에도 착용하기 좋습니다 (방수O)
스웨이드라 1회 착용만 해도 티가 나지만 전체적으로 깨끗하게 신었어요
반택O 교환X 환불X",False,https://fruitsfamily.com/product/5q5kn/%EC%95%84%EC%8B%9D%EC%8A%A4-%EA%B3%A0%EC%96%B4%ED%85%8D%EC%8A%A4-%EC%A0%A4-ptg-gtx-1201a999-020,2026-08-03,https://image.production.fruitsfamily.com/public/product/resized%40width620/_qKuRNZCC-30ffe64d07c6.jpg|https://image.production.fruitsfamily.com/public/product/resized%40width620/2jOuASiz-y-f39f17e70374.jpg|https://image.production.fruitsfamily.com/public/product/resized%40width620/vE2Gm8cXT2-bedddee18f7d.jpg|https://image.production.fruitsfamily.com/public/product/resized%40width620/vzaxsLWrSV-a8f91c20bc75.jpg,data/images/asics/9618359_01.jpg|data/images/asics/9618359_02.jpg|data/images/asics/9618359_03.jpg
FRUITSFAMILY,9361079,ASICS,Asics,아식스 이세이미야케 하이퍼테이핑,449000,,245,"asics issey miyake hyper taping black

사이즈 : 245
3회 착용
풀박스 있습니다.",False,https://fruitsfamily.com/product/5kn1z/%EC%95%84%EC%8B%9D%EC%8A%A4-%EC%9D%B4%EC%84%B8%EC%9D%B4%EB%AF%B8%EC%95%BC%EC%BC%80-%ED%95%98%EC%9D%B4%ED%8D%BC%ED%85%8C%EC%9D%B4%ED%95%91,2026-08-03,https://image.production.fruitsfamily.com/public/product/resized%40width620/quCLrcYXP-6cc1ad68eb07.jpg|https://image.production.fruitsfamily.com/public/product/resized%40width620/sM847UE9li-2f95e8bbd878.jpg|https://image.production.fruitsfamily.com/public/product/resized%40width620/QFy4Cv-zpr-49836e232489.jpg|https://image.production.fruitsfamily.com/public/product/resized%40width620/kz4hH3IVS--3805e75c4f97.jpg|https://image.production.fruitsfamily.com/public/product/resized%40width620/Y6Z-_OmZvf-90dcf8980b95.jpg,data/images/asics/9361079_01.jpg|data/images/asics/9361079_02.jpg|data/images/asics/9361079_03.jpg
FRUITSFAMILY,10108811,ASICS,Asics,[250] 아식스 세실리에 반센 젤 큐물러스 16 옐로우,400000,415000,250,"미착용 새제품 입니다, 무신사 성수 오프라인 매장에서 구매하였습니다 인증 가능

택, 박스 모두 포함.

직거래 강남&성수 부근, 네고x",False,https://fruitsfamily.com/product/60o0b/250-%EC%95%84%EC%8B%9D%EC%8A%A4-%EC%84%B8%EC%8B%A4%EB%A6%AC%EC%97%90-%EB%B0%98%EC%84%BC-%EC%A0%A4-%ED%81%90%EB%AC%BC%EB%9F%AC%EC%8A%A4-16-%EC%98%90%EB%A1%9C%EC%9A%B0,2026-08-03,https://image.production.fruitsfamily.com/public/product/resized%40width620/fAoB-jKxN-f07d1360205b.jpg|https://image.production.fruitsfamily.com/public/product/resized%40width620/IZuz7j3sJ2-9895b22abf0c.jpg|https://image.production.fruitsfamily.com/public/product/resized%40width620/3e9Ousg15B-0a2956e8ebef.jpg|https://image.production.fruitsfamily.com/public/product/resized%40width620/2xtIkxH9ZQ-9f8a3be45b48.jpg|https://image.production.fruitsfamily.com/public/product/resized%40width620/RbK5c-fmBY-9741c1f9d99f.jpg|https://image.production.fruitsfamily.com/public/product/resized%40width620/GmWFfr_v1i-8cd890441f19.jpg|https://image.production.fruitsfamily.com/public/product/resized%40width620/p4K8UNngNE-bf3e770f0cb4.jpg|https://image.production.fruitsfamily.com/public/product/resized%40width620/9j-JdpMhRo-3034c353e1a6.jpg,data/images/asics/10108811_01.jpg|data/images/asics/10108811_02.jpg|data/images/asics/10108811_03.jpg
FRUITSFAMILY,10259465,ASICS,Asics,키코 아식스 제시릿 게시릿 235,310000,,235,"칼발 230이 신기에 편했습니다
220~240 추천드립니다

사진은 전 판매자분이 올리신 겁니다! 후르츠에서 구매 후 시착 1회라 상태는 거의 동일합니다

괜찮으신 분만 연락 주세용",False,https://fruitsfamily.com/product/63w95/%ED%82%A4%EC%BD%94-%EC%95%84%EC%8B%9D%EC%8A%A4-%EC%A0%9C%EC%8B%9C%EB%A6%BF-%EA%B2%8C%EC%8B%9C%EB%A6%BF-235,2026-08-03,https://image.production.fruitsfamily.com/public/product/resized%40width620/x-9hNG7p3-feaf6778e6ce.jpg|https://image.production.fruitsfamily.com/public/product/resized%40width620/jIGdrOfo4G-e4784e4d1d57.jpg|https://image.production.fruitsfamily.com/public/product/resized%40width620/yY5zdeLl5v-153877f646e6.jpg|https://image.production.fruitsfamily.com/public/product/resized%40width620/6F3ktvUE9d-55ca25077f86.jpg|https://image.production.fruitsfamily.com/public/product/resized%40width620/AwDofDxjq--12ebb2ba5069.jpg,data/images/asics/10259465_01.jpg|data/images/asics/10259465_02.jpg|data/images/asics/10259465_03.jpg
FRUITSFAMILY,10411637,Dr. Martens,Dr. Martens,닥터마틴 BROCK 스트랩 바이커 부츠250 새상품,150000,,250,"새상품이나 신발 단품입니다
새상품매물은 정말 희귀하고 단종모델입니다
정말~이쁜 모델입니다",False,https://fruitsfamily.com/product/675o5/%EB%8B%A5%ED%84%B0%EB%A7%88%ED%8B%B4-brock-%EC%8A%A4%ED%8A%B8%EB%9E%A9-%EB%B0%94%EC%9D%B4%EC%BB%A4-%EB%B6%80%EC%B8%A0250-%EC%83%88%EC%83%81%ED%92%88,2026-08-03,https://image.production.fruitsfamily.com/public/product/resized%40width620/9Vatt7UKi-72fb7ef24872.jpg|https://image.production.fruitsfamily.com/public/product/resized%40width620/Li8AZ9l2NQ-0a04ae7f07a3.jpg|https://image.production.fruitsfamily.com/public/product/resized%40width620/NmAduH2khY-f4722509376f.jpg|https://image.production.fruitsfamily.com/public/product/resized%40width620/Fkyn8_7cJF-ec891f6bb5a3.jpg|https://image.production.fruitsfamily.com/public/product/resized%40width620/bU1c0JSZPw-af2d63f4df33.jpg,data/images/dr_martens/10411637_01.jpg|data/images/dr_martens/10411637_02.jpg|data/images/dr_martens/10411637_03.jpg
FRUITSFAMILY,10411421,Dr. Martens,Dr. Martens,닥터마틴 1461 크레이지호스 브라운 UK3 (220-225),220000,,220,"닥터마틴 1461 크레이지호스 브라운 색상이에요
박스 포함 구성품 모두 있어요 용산 본점에서 구매해서 정품 카드도 있습니다!!
한국 사이즈로 220~230가능
실착 1회로 새상품급 너무 상태 좋습니다",False,https://fruitsfamily.com/product/675i5/%EB%8B%A5%ED%84%B0%EB%A7%88%ED%8B%B4-1461-%ED%81%AC%EB%A0%88%EC%9D%B4%EC%A7%80%ED%98%B8%EC%8A%A4-%EB%B8%8C%EB%9D%BC%EC%9A%B4-uk3-220-225,2026-08-03,https://image.production.fruitsfamily.com/public/product/resized%40width620/U-ektTdk8-1d460262f7ae.jpg|https://image.production.fruitsfamily.com/public/product/resized%40width620/hbr_F3TJ5c-e0bc602eb7ae.jpg|https://image.production.fruitsfamily.com/public/product/resized%40width620/kpxEStLiIM-6503db876575.jpg|https://image.production.fruitsfamily.com/public/product/resized%40width620/ducCPETs3G-30899adf6d4b.jpg|https://image.production.fruitsfamily.com/public/product/resized%40width620/JYfwnuCrtN-3a57ce3eaae2.jpg|https://image.production.fruitsfamily.com/public/product/resized%40width620/YZ4JCsPQIM-a022a52d7e26.jpg|https://image.production.fruitsfamily.com/public/product/resized%40width620/Z85qzeCggF-3e9a2ce3705d.jpg|https://image.production.fruitsfamily.com/public/product/resized%40width620/_SDV3ZF5Mt-bc0b188959ce.jpg,data/images/dr_martens/10411421_01.jpg|data/images/dr_martens/10411421_02.jpg|data/images/dr_martens/10411421_03.jpg
FRUITSFAMILY,10266415,Dr. Martens,Dr. Martens,닥터마틴 1460 오렌지 스무스 부츠 사이즈 240 uk5,95000,,240,"닥터마틴 1460 오렌지 스무스에요 고급지고 이쁩니다 
신발 사진 그대로에요 내구성 및 상태 좋아요 거의 새거에요 깨끗합니다 데일리로 신기 정말 좋아요^^얼른 저렴하게 가져가세요^^  택배비 포함가격이니 편하게 연락주세요:)",False,https://fruitsfamily.com/product/641m7/%EB%8B%A5%ED%84%B0%EB%A7%88%ED%8B%B4-1460-%EC%98%A4%EB%A0%8C%EC%A7%80-%EC%8A%A4%EB%AC%B4%EC%8A%A4-%EB%B6%80%EC%B8%A0-%EC%82%AC%EC%9D%B4%EC%A6%88-240-uk5,2026-08-03,https://image.production.fruitsfamily.com/public/product/resized%40width620/hDldhl6dI-2ab64b39174b.jpg|https://image.production.fruitsfamily.com/public/product/resized%40width620/l0qvYTQTpo-778045996112.jpg|https://image.production.fruitsfamily.com/public/product/resized%40width620/e2xDq2c94g-381f1786111a.jpg|https://image.production.fruitsfamily.com/public/product/resized%40width620/vwW8-sOm8w-47a0cf5df476.jpg|https://image.production.fruitsfamily.com/public/product/resized%40width620/YTkvAQ-Pc4-1a304899a010.jpg|https://image.production.fruitsfamily.com/public/product/resized%40width620/4MrCoNWtk9-ab25be57ff18.jpg|https://image.production.fruitsfamily.com/public/product/resized%40width620/5vf_KhUC3-91eb81980984.jpg|https://image.production.fruitsfamily.com/public/product/resized%40width620/j8pL7PcycZ-a7929c849662.jpg|https://image.production.fruitsfamily.com/public/product/resized%40width620/zB7HiMbTLk-1ee9319123b9.jpg|https://image.production.fruitsfamily.com/public/product/resized%40width620/a1u2YkLATK-5f2d347004d9.jpg,data/images/dr_martens/10266415_01.jpg|data/images/dr_martens/10266415_02.jpg|data/images/dr_martens/10266415_03.jpg
FRUITSFAMILY,10411947,Dr. Martens,Dr. Martens,닥터마틴 1461 빈티지 280,89000,,280,"전체적으로 맛있게 에이징 되어있습니다. 
왼쪽 신발 밑창이 살짝 하자가 있어 싸게 올립니다.",False,https://fruitsfamily.com/product/675wr/%EB%8B%A5%ED%84%B0%EB%A7%88%ED%8B%B4-1461-%EB%B9%88%ED%8B%B0%EC%A7%80-280,2026-08-03,https://image.production.fruitsfamily.com/public/product/resized%40width620/9uNVTTa1x-98302c1e46b3.jpg|https://image.production.fruitsfamily.com/public/product/resized%40width620/SZddOax1ze-b1bd23223bb0.jpg|https://image.production.fruitsfamily.com/public/product/resized%40width620/ZozDkUUGhI-690dbb8bc867.jpg,data/images/dr_martens/10411947_01.jpg|data/images/dr_martens/10411947_02.jpg|data/images/dr_martens/10411947_03.jpg
FRUITSFAMILY,10411740,Dr. Martens,Dr. Martens,닥터마틴 크랜포드 (240-245)새상품급,135000,,240,"밑창 보시면 아시겠지만 
단시간 정말 짧게 신은 신발입니다
신발 단품입니다
상태는 받자마자 좋으신거 아실정도 입니다",False,https://fruitsfamily.com/product/675r0/%EB%8B%A5%ED%84%B0%EB%A7%88%ED%8B%B4-%ED%81%AC%EB%9E%9C%ED%8F%AC%EB%93%9C-240-245-%EC%83%88%EC%83%81%ED%92%88%EA%B8%89,2026-08-03,https://image.production.fruitsfamily.com/public/product/resized%40width620/YTs0JvBpG-a859eb8c8dbe.jpg|https://image.production.fruitsfamily.com/public/product/resized%40width620/8xPuhCbFZc-7510aa81a948.jpg|https://image.production.fruitsfamily.com/public/product/resized%40width620/443nThDVOE-83643991dd08.jpg|https://image.production.fruitsfamily.com/public/product/resized%40width620/dlILFEAu4s-1bfa6d446e06.jpg|https://image.production.fruitsfamily.com/public/product/resized%40width620/HHAmx9gaty-4eb74c6c792b.jpg,data/images/dr_martens/10411740_01.jpg|data/images/dr_martens/10411740_02.jpg|data/images/dr_martens/10411740_03.jpg
FRUITSFAMILY,10406658,Dr. Martens,Dr. Martens,닥터마틴 제이든 워커 부츠 280,85000,,280,"닥터마틴 제이든 워커 부츠 이에요 

상태는 중고다보니 착화감은 있지만 

상태 양호해요 사진 그대로 참고해주세요~

사이즈 280 이구요 신발 단품이에요

택배 무료 배송이에요

교환 환불은 어려워서 사진 자세히 보시고

신중한 구매 부탁드려요!!",False,https://fruitsfamily.com/product/671tu/%EB%8B%A5%ED%84%B0%EB%A7%88%ED%8B%B4-%EC%A0%9C%EC%9D%B4%EB%93%A0-%EC%9B%8C%EC%BB%A4-%EB%B6%80%EC%B8%A0-280,2026-08-03,https://image.production.fruitsfamily.com/public/product/resized%40width620/TlD0uJ1Bgy-1785742796485-tw01xity7.jpg|https://image.production.fruitsfamily.com/public/product/resized%40width620/K86OGvMKle-1785742796494-n7zm4l6mz.jpg|https://image.production.fruitsfamily.com/public/product/resized%40width620/oxAv4TZ8dx-1785742796515-hjfpf0idw.jpg|https://image.production.fruitsfamily.com/public/product/resized%40width620/O_oDKcnmir-1785742796518-5syfolq4i.jpg|https://image.production.fruitsfamily.com/public/product/resized%40width620/_5RCkELO97-1785742796522-a8g3f4dw6.jpg|https://image.production.fruitsfamily.com/public/product/resized%40width620/h3Z6YlQyb6-1785742796531-c8daigcac.jpg|https://image.production.fruitsfamily.com/public/product/resized%40width620/3wyfC-9ri--1785742796534-t6vo6nt8q.jpg|https://image.production.fruitsfamily.com/public/product/resized%40width620/5evwnLehGb5-1785742796538-j325iukwb.jpg|https://image.production.fruitsfamily.com/public/product/resized%40width620/bLoR_cYByFc-1785742796541-8klp2m06i.jpg,data/images/dr_martens/10406658_01.jpg|data/images/dr_martens/10406658_02.jpg|data/images/dr_martens/10406658_03.jpg
FRUITSFAMILY,10169589,Dr. Martens,Dr. Martens,250-255)빈티지 Dr.martens 닥터마틴 1461 브러시 오프,129000,,250,"250-255)빈티지 Dr.martens 닥터마틴 1461 브러시 오프

+ 표기 사이즈 : UK6
+ 실측 사이즈(cm) : 250-255

+ Condition : B (컨디션 좋은 중고)

+ 단품

#Youzude 계정 팔로우시 배송비 무료💥

-------------------------------------------------

• 유즈드_평택은 정품만 취급하며, 가품 판정 시 100% 환불해 드립니다.
• 100,000만원 이상 구매시 배송비 무료✨️
• 네고 제안시 팔로우 이벤트 적용🙏🏾❌️
• 상품에 따라 1~3cm 오차 범위가 존재 할수 있습니다.
• 표기 싸이즈가 아닌 실측 사이즈를 참고하여 구매 부탁드립니다.
• 빈티지 특성상 교환,환불은 불가하오니 예민하신 분들께서는 신중한 구매 부탁드립니다.",False,https://fruitsfamily.com/product/61ywl/250-255-%EB%B9%88%ED%8B%B0%EC%A7%80-dr-martens-%EB%8B%A5%ED%84%B0%EB%A7%88%ED%8B%B4-1461-%EB%B8%8C%EB%9F%AC%EC%8B%9C-%EC%98%A4%ED%94%84,2026-08-03,https://image.production.fruitsfamily.com/public/product/resized%40width620/y26GLupyr-1872debec47d.jpg|https://image.production.fruitsfamily.com/public/product/resized%40width620/lWllKvUOit-1781a2b10271.jpg|https://image.production.fruitsfamily.com/public/product/resized%40width620/XoyieaCS2N-d2fe36b50a8c.jpg|https://image.production.fruitsfamily.com/public/product/resized%40width620/L4g75uZCC2-da53c0db7676.jpg|https://image.production.fruitsfamily.com/public/product/resized%40width620/z277rd_lW5-bc6504d03dc3.jpg|https://image.production.fruitsfamily.com/public/product/resized%40width620/dt8duYM4Z9-49427049e038.jpg|https://image.production.fruitsfamily.com/public/product/resized%40width620/o7yd4X55L1-b36045121833.jpg,data/images/dr_martens/10169589_01.jpg|data/images/dr_martens/10169589_02.jpg|data/images/dr_martens/10169589_03.jpg
FRUITSFAMILY,10197005,Dr. Martens,Dr. Martens,[41] 닥터마틴 ELSFIELD 브라운 -260-265,139000,,260,"🔆🔆빈티지 특성상 교환, 환불 절대 불가능하오니 신중한 구매 부탁드립니다

🍁측정방법에 따른 오차 [1-2센치] 있을 수 있습니다 해상도, 폰 기종에 따라 실제 색상과 다르게 보일 수 있습니다 

🍁 색상은 화면 밝기에 따라 차이가 있을 수 있습니다!!
색상에 대해 궁금하신 점이 있으시면 구매 전에 꼭 문의 부탁드립니다! 

🍁검수과정을 거쳐 데미지나 이염이 있을시에 사진으로 알려드리지만 간혹 작은 이염을 놓칠수도 있습니다 

📩 가격 협의 가능합니다

❌❌❌이런 부분에 분들은 구매 피해주세요 🙏🏼",False,https://fruitsfamily.com/product/62k25/41-%EB%8B%A5%ED%84%B0%EB%A7%88%ED%8B%B4-elsfield-%EB%B8%8C%EB%9D%BC%EC%9A%B4-260-265,2026-08-03,https://image.production.fruitsfamily.com/public/product/resized%40width620/6C_G0ZZKu-bd2ec538b43b.jpg|https://image.production.fruitsfamily.com/public/product/resized%40width620/sEnXFVxQdA-5aca3ad88f75.jpg|https://image.production.fruitsfamily.com/public/product/resized%40width620/3ouFDdDbH9-85ec34ace0aa.jpg|https://image.production.fruitsfamily.com/public/product/resized%40width620/N2iI4svlfs-86a4d533a456.jpg|https://image.production.fruitsfamily.com/public/product/resized%40width620/nzrp5C_s0B-9bc1f3b3e33f.jpg|https://image.production.fruitsfamily.com/public/product/resized%40width620/7TCuM6Pe1Q-9bc223c54a08.jpg|https://image.production.fruitsfamily.com/public/product/resized%40width620/mw4no4g_p0-40fe9f928ec2.jpg,data/images/dr_martens/10197005_01.jpg|data/images/dr_martens/10197005_02.jpg|data/images/dr_martens/10197005_03.jpg
FRUITSFAMILY,10237484,Dr. Martens,Dr. Martens,닥터마틴 101 6홀 크레이지 호스 다크브라운 250,99000,105000,250,"자연스럽게 에이징되어 빈티지한 외관이 정말 예쁜 제품입니다
상태는 사진 참고 부탁드립니다!

사이즈 : 250",False,https://fruitsfamily.com/product/63fak/%EB%8B%A5%ED%84%B0%EB%A7%88%ED%8B%B4-101-6%ED%99%80-%ED%81%AC%EB%A0%88%EC%9D%B4%EC%A7%80-%ED%98%B8%EC%8A%A4-%EB%8B%A4%ED%81%AC%EB%B8%8C%EB%9D%BC%EC%9A%B4-250,2026-08-03,https://image.production.fruitsfamily.com/public/product/resized%40width620/wVvQPa1FF-c7e19bb55db1.jpg|https://image.production.fruitsfamily.com/public/product/resized%40width620/wDqJR4iuIy-b8b2d2e0a131.jpg|https://image.production.fruitsfamily.com/public/product/resized%40width620/BlSvc35roG-8d80b15f83be.jpg|https://image.production.fruitsfamily.com/public/product/resized%40width620/LfN6EkWVdl-b56e2db16f63.jpg,data/images/dr_martens/10237484_01.jpg|data/images/dr_martens/10237484_02.jpg|data/images/dr_martens/10237484_03.jpg
FRUITSFAMILY,10406067,Dr. Martens,Dr. Martens,닥터마틴 mie 1461 화이트 280,200000,,280,"메이드인 잉글랜드 제품 입니다.
시중에 파는 기본형과 다릅니다.
하자 없습니다.

생활주름 존재합니다!",False,https://fruitsfamily.com/product/671df/%EB%8B%A5%ED%84%B0%EB%A7%88%ED%8B%B4-mie-1461-%ED%99%94%EC%9D%B4%ED%8A%B8-280,2026-08-03,https://image.production.fruitsfamily.com/public/product/resized%40width620/8Bd4O0_f5-b43db7716ecb.jpg|https://image.production.fruitsfamily.com/public/product/resized%40width620/U0TsgvKeWi-9c508b89cd46.jpg|https://image.production.fruitsfamily.com/public/product/resized%40width620/gzHe9DxM00-55e8952841e7.jpg|https://image.production.fruitsfamily.com/public/product/resized%40width620/KUHRo3wkYU-271db27425ea.jpg|https://image.production.fruitsfamily.com/public/product/resized%40width620/Shc5D66bYh-fd1170f11c88.jpg,data/images/dr_martens/10406067_01.jpg|data/images/dr_martens/10406067_02.jpg|data/images/dr_martens/10406067_03.jpg
FRUITSFAMILY,10412694,Dr. Martens,Dr. Martens,닥터마틴 1461 스무스 260,140000,,260,"닥터마틴 1461 스무스 260입니다
상태 8/10
약간의 사용감 있지만 에이징 잘된 닥터마틴 판매합니다
닥터마틴 공식몰에서 구매한 가죽 영양크림 원더발삼도 함께 드립니다",False,https://fruitsfamily.com/product/676hi/%EB%8B%A5%ED%84%B0%EB%A7%88%ED%8B%B4-1461-%EC%8A%A4%EB%AC%B4%EC%8A%A4-260,2026-08-03,https://image.production.fruitsfamily.com/public/product/resized%40width620/RtJVWXsA5-27d8c6925c10.jpg|https://image.production.fruitsfamily.com/public/product/resized%40width620/aXdBNmpeHR-173e8c67d727.jpg|https://image.production.fruitsfamily.com/public/product/resized%40width620/IoPqHCRJSl-481f8afd8cc5.jpg|https://image.production.fruitsfamily.com/public/product/resized%40width620/UBDRTYnNre-3f1ee25c5ba4.jpg,data/images/dr_martens/10412694_01.jpg|data/images/dr_martens/10412694_02.jpg|data/images/dr_martens/10412694_03.jpg
FRUITSFAMILY,10397201,Dr. Martens,Dr. Martens,희귀모델 닥터마틴 1461 인페르노 270,270000,300000,270,"사이즈 UK8 (270) 새상품이며 소장하려다가 신발이 너무 많아 정리합니다.
밑창보강 슈구작업 완료되어있고 풀박스 입니다.
크림에서도 동일사이즈 즉시구매가 33만원+수수료배송비 입니다.
해외직구 매물도 해당 황금사이즈는 모두 재고가 말라서 못구하는 제품입니다!
크림보다 저렴하게 데려가세요!!
신발 진짜 이쁘고 영롱하고 유니크합니다.
플레임 패턴이 실제로 착용하면 과하지 않고 은은하며 에이징되면 더더 이뻐집니다.
교환,환불,네고문의X 구매하실 분만 연락주세요.
계좌시 무료배송 쏩니다.",False,https://fruitsfamily.com/product/66uj5/%ED%9D%AC%EA%B7%80%EB%AA%A8%EB%8D%B8-%EB%8B%A5%ED%84%B0%EB%A7%88%ED%8B%B4-1461-%EC%9D%B8%ED%8E%98%EB%A5%B4%EB%85%B8-270,2026-08-03,https://image.production.fruitsfamily.com/public/product/resized%40width620/BnBGSFW3A-396ef61c5c45.jpg|https://image.production.fruitsfamily.com/public/product/resized%40width620/UNWRt-47_h-e631ae8d4d34.jpg|https://image.production.fruitsfamily.com/public/product/resized%40width620/msz-9rKBl7-4161bd906928.jpg|https://image.production.fruitsfamily.com/public/product/resized%40width620/RaGLuwHna--10b8fc08efa8.jpg|https://image.production.fruitsfamily.com/public/product/resized%40width620/mPFUWzXMUj-31296e135168.jpg|https://image.production.fruitsfamily.com/public/product/resized%40width620/XBQU8AkU0P-c3f73e213dc2.jpg|https://image.production.fruitsfamily.com/public/product/resized%40width620/Zb4udM8bUd-fcaa765597cb.jpg|https://image.production.fruitsfamily.com/public/product/resized%40width620/a20d_ZqkGH-602c4bdb32b3.jpg|https://image.production.fruitsfamily.com/public/product/resized%40width620/-a6IqMZQGR-55f77ad9ca60.jpg|https://image.production.fruitsfamily.com/public/product/resized%40width620/89u3ilWh5G-59b7840bd67d.jpg,data/images/dr_martens/10397201_01.jpg|data/images/dr_martens/10397201_02.jpg|data/images/dr_martens/10397201_03.jpg
FRUITSFAMILY,10250561,Dr. Martens,Dr. Martens,닥터마틴 브래드필드 브라운 샌들,89000,,240,"2회 잠깐씩 차용

양말 이쁘게 코디해서 신어주시면 
센스 있는 코디가 완성 되실거랍니다!!!!

질문 없이 인사 ❌❌❌
쓸데없는 질문충 사절❌❌❌
실측오차 존재함
상태 예민한분 절대 주문하지 ❌❌❌
결제 이후 교환 반품❌❌❌",False,https://fruitsfamily.com/product/63pdt/%EB%8B%A5%ED%84%B0%EB%A7%88%ED%8B%B4-%EB%B8%8C%EB%9E%98%EB%93%9C%ED%95%84%EB%93%9C-%EB%B8%8C%EB%9D%BC%EC%9A%B4-%EC%83%8C%EB%93%A4,2026-08-03,https://image.production.fruitsfamily.com/public/product/resized%40width620/_rk24q3Ji-e4b4111d1617.jpg|https://image.production.fruitsfamily.com/public/product/resized%40width620/qN-xyepPlA-773C015E-C970-4421-B89B-7DFC9CB48EE4.jpg|https://image.production.fruitsfamily.com/public/product/resized%40width620/BiCTcapzZ-bce2b7594b01.jpg|https://image.production.fruitsfamily.com/public/product/resized%40width620/FriuomTMJr-FA349AE8-B58C-4068-BF82-CF150BFFC6D4.jpg|https://image.production.fruitsfamily.com/public/product/resized%40width620/IrwShoyZHd-F1312E9B-6CCA-4FCB-9DA2-5707B729615C.jpg|https://image.production.fruitsfamily.com/public/product/resized%40width620/OhsQViY9PK-C11DC035-1E88-4EA0-A84A-470A58A91AAC.jpg|https://image.production.fruitsfamily.com/public/product/resized%40width620/PM9VCEgusF-A0E3BE79-C342-479A-9B68-5C74F95F7A1C.jpg|https://image.production.fruitsfamily.com/public/product/resized%40width620/8bNDZ608kQ-2806E67D-0274-44E0-BA72-239F2F1CC975.jpg|https://image.production.fruitsfamily.com/public/product/resized%40width620/gzfAX3zyef-725FBE8D-941A-4938-B592-EAB032179D84.jpg,data/images/dr_martens/10250561_01.jpg|data/images/dr_martens/10250561_02.jpg|data/images/dr_martens/10250561_03.jpg
FRUITSFAMILY,10406462,Dr. Martens,Dr. Martens,[260][UK7]닥터마틴 1461 스틸토 스웨이드 블랙,125000,,260,"📌그 거래시 택포 10만.(ㅇㅊ)

2~3회 착, 상태 아주 좋음.
박스 없이 제품 단품이라 급처합니다.

국내 미발매 제품.
해외 구매대행, 편집샵 구매시 25만원 넘습니다.

사진은 제가 왁스 끈으로 교체한 상태이고,
제품컷에 있는 기본 둥근 끈 같이 드립니다.

1461 스무스와 동일한 사이즈감입니다.
(본인 스무스 260 신는데, 거의 똑같음.)
(킨치 정사이즈 구두류 265 신는데, 딱 좋음.)

📌구매 문의 외 전부 차단.",False,https://fruitsfamily.com/product/671oe/260-uk7-%EB%8B%A5%ED%84%B0%EB%A7%88%ED%8B%B4-1461-%EC%8A%A4%ED%8B%B8%ED%86%A0-%EC%8A%A4%EC%9B%A8%EC%9D%B4%EB%93%9C-%EB%B8%94%EB%9E%99,2026-08-03,https://image.production.fruitsfamily.com/public/product/resized%40width620/9iL_z_BUU-1ccc81ebb8ac.jpg|https://image.production.fruitsfamily.com/public/product/resized%40width620/-5trOcVaW8-f83a2120ccdf.jpg|https://image.production.fruitsfamily.com/public/product/resized%40width620/a-uzooOY--01ff6c8d1026.jpg|https://image.production.fruitsfamily.com/public/product/resized%40width620/if9mNmYQ8E-2f62b08b308e.jpg|https://image.production.fruitsfamily.com/public/product/resized%40width620/86kjZ5h3Kr-e1b28014044f.jpg|https://image.production.fruitsfamily.com/public/product/resized%40width620/WgNq83jxoE-c8c35e25b69d.jpg|https://image.production.fruitsfamily.com/public/product/resized%40width620/wbYVz72_TK-66eda4f08a3c.jpg|https://image.production.fruitsfamily.com/public/product/resized%40width620/Gt1W-UUlEV-de2b7f6f4a26.jpg|https://image.production.fruitsfamily.com/public/product/resized%40width620/yHcHtbLxTE-27bcd92b490d.jpg,data/images/dr_martens/10406462_01.jpg|data/images/dr_martens/10406462_02.jpg|data/images/dr_martens/10406462_03.jpg
FRUITSFAMILY,10390956,Dr. Martens,Dr. Martens,닥터마틴 바이커부츠 uk5,150000,,240,"닥터마틴 바이커 롱부츠 희귀매물입니다
상당히 빈티지하고 예쁜 쉐입을 가지고있어요
닥마 모으는거 좋아해서 사뒀는데
영 신을일이 없어서 슬프지만 판매합니다ㅠ
네고없어요!
판매안되면 소장합니다",False,https://fruitsfamily.com/product/66ppo/%EB%8B%A5%ED%84%B0%EB%A7%88%ED%8B%B4-%EB%B0%94%EC%9D%B4%EC%BB%A4%EB%B6%80%EC%B8%A0-uk5,2026-08-03,https://image.production.fruitsfamily.com/public/product/resized%40width620/B3in5RHEj-38a5062862cd.jpg|https://image.production.fruitsfamily.com/public/product/resized%40width620/7_fHXSxjwP-c37376ee7554.jpg|https://image.production.fruitsfamily.com/public/product/resized%40width620/K1AsgWUy6i-5352d9794e24.jpg,data/images/dr_martens/10390956_01.jpg|data/images/dr_martens/10390956_02.jpg|data/images/dr_martens/10390956_03.jpg
FRUITSFAMILY,10391435,Dr. Martens,Dr. Martens,(UK6)닥터마틴 1461,85000,,255,"사용감 좀 있습니다.

쿨거시 네고도 받고 교신도 받습니다.

자세한건 문의주세요!",False,https://fruitsfamily.com/product/66q2z/uk6-%EB%8B%A5%ED%84%B0%EB%A7%88%ED%8B%B4-1461,2026-08-03,https://image.production.fruitsfamily.com/public/product/resized%40width620/9DzFqUFhf-28cccb666af8.jpg|https://image.production.fruitsfamily.com/public/product/resized%40width620/5hehnjtL39-b265c2a2d13b.jpg|https://image.production.fruitsfamily.com/public/product/resized%40width620/C1w7eC55oZ-98df803fc181.jpg|https://image.production.fruitsfamily.com/public/product/resized%40width620/I10ka6QA-t-71bb9f1828df.jpg,data/images/dr_martens/10391435_01.jpg|data/images/dr_martens/10391435_02.jpg|data/images/dr_martens/10391435_03.jpg
FRUITSFAMILY,8883167,Dr. Martens,Dr. Martens,닥터마틴 로웰 아카이브 레오파드 헤어온,230000,,270,"상태 - 새제품

사이즈 - uk8(us9,270정도)

색상 - 아카이브 레오파드

사진처럼 정말 섹시한 제품입니다. 

국내 미발매로 알고 있습니다. 

레오파드무늬가 프린팅된 헤어온 가죽이며 퀄리티나 디자인 예술인 제품입니다. 

근접사진 보시면 헤어온 퀄리티가 정말 좋고 이쁩니다. 

아카이브 레오파드라는 명칭처럼 오랜 패션씬에서 아카이빙되는 레오파드 문양이며,  튀는 것 같지만 의외로 무난하게 여기저기 잘 붙는 디자인입니다. 

시착만 해본 새제품입니다. 

발볼작은 270분들이나 그 이하 분들께 추천드립니다. 

발볼있는 270이며 조던,반스,아식스,살로몬류 주로 275 신는 발인데, 길이감은 괜찮은데 발볼이 좀 작네요. 

마지막 착샷은 본인이며 다른사이즈 신은 사진입니다. 

이쁜제품입니다. 연락주세요!",False,https://fruitsfamily.com/product/5aean/%EB%8B%A5%ED%84%B0%EB%A7%88%ED%8B%B4-%EB%A1%9C%EC%9B%B0-%EC%95%84%EC%B9%B4%EC%9D%B4%EB%B8%8C-%EB%A0%88%EC%98%A4%ED%8C%8C%EB%93%9C-%ED%97%A4%EC%96%B4%EC%98%A8,2026-08-03,https://image.production.fruitsfamily.com/public/product/resized%40width620/6pjslMlGX-8f493de85f99.jpg|https://image.production.fruitsfamily.com/public/product/resized%40width620/mfFTAiXc-t-996ff9d947c8.jpg|https://image.production.fruitsfamily.com/public/product/resized%40width620/QaN0Hwq2dS-ee3a5d4dc0a1.jpg|https://image.production.fruitsfamily.com/public/product/resized%40width620/Kymj2YrDo1-c54991b67f93.jpg|https://image.production.fruitsfamily.com/public/product/resized%40width620/oCm4sVji1S-504556332f63.jpg|https://image.production.fruitsfamily.com/public/product/resized%40width620/1FMu3ZjgAw-304a0f457b18.jpg|https://image.production.fruitsfamily.com/public/product/resized%40width620/kx6wUQXwJs-09c3c74f55f5.jpg|https://image.production.fruitsfamily.com/public/product/resized%40width620/r7M2SBdTq-0efb1bb66a90.jpg|https://image.production.fruitsfamily.com/public/product/resized%40width620/tzM39ikIdQ-5ed66eb2a4db.jpg,data/images/dr_martens/8883167_01.jpg|data/images/dr_martens/8883167_02.jpg|data/images/dr_martens/8883167_03.jpg
FRUITSFAMILY,10405318,Dr. Martens,Dr. Martens,닥터마틴 메리제인 240,210000,,240,"작년 10월 쯤
공홈에서 정가에 구매했습니다 한번 착용 했고
기스 없고 거의 새상품입니다
사이즈가 커서 판매합니다 ㅠㅠ 
닥터마틴 치고 착화감 좋은 편이고 예쁩니다!!",False,https://fruitsfamily.com/product/670sm/%EB%8B%A5%ED%84%B0%EB%A7%88%ED%8B%B4-%EB%A9%94%EB%A6%AC%EC%A0%9C%EC%9D%B8-240,2026-08-03,https://image.production.fruitsfamily.com/public/product/resized%40width620/giu-_fEns-b147a122beb4.jpg|https://image.production.fruitsfamily.com/public/product/resized%40width620/UjQCTXUOQ1-b309f2998762.jpg|https://image.production.fruitsfamily.com/public/product/resized%40width620/QqOQKOxu-K-eb96e07b59fb.jpg|https://image.production.fruitsfamily.com/public/product/resized%40width620/5CVOXEwRY2-1e079749ffb7.jpg|https://image.production.fruitsfamily.com/public/product/resized%40width620/N3GyEgyPQb-eb858cfaf124.jpg,data/images/dr_martens/10405318_01.jpg|data/images/dr_martens/10405318_02.jpg|data/images/dr_martens/10405318_03.jpg
FRUITSFAMILY,9626375,Dr. Martens,Dr. Martens,닥터마틴 애니스톤 하이 부츠 250 탄,170000,,250,"**신발 단품만 있어요

사이즈 미스 느낌이라 몇번 안신었고 청바지 이염이 조금 있어요

반바지나 청바지 넣어입으면 이뻐요
사진 참고해주세요",False,https://fruitsfamily.com/product/5qbrb/%EB%8B%A5%ED%84%B0%EB%A7%88%ED%8B%B4-%EC%95%A0%EB%8B%88%EC%8A%A4%ED%86%A4-%ED%95%98%EC%9D%B4-%EB%B6%80%EC%B8%A0-250-%ED%83%84,2026-08-03,https://image.production.fruitsfamily.com/public/product/resized%40width620/zvwWTloV4-29e201873879.jpg|https://image.production.fruitsfamily.com/public/product/resized%40width620/JRE6Lky8X-582942f5f3af.jpg|https://image.production.fruitsfamily.com/public/product/resized%40width620/A5LsHUr4U4-eb76c549facc.jpg|https://image.production.fruitsfamily.com/public/product/resized%40width620/AS2JEqfi2-04f166bf4692.jpg|https://image.production.fruitsfamily.com/public/product/resized%40width620/MGjM_B_2cT-a7f2014fd7db.jpg|https://image.production.fruitsfamily.com/public/product/resized%40width620/jAu65BoG4s-132448295fe3.jpg|https://image.production.fruitsfamily.com/public/product/resized%40width620/VdaJWhmVjz-cc9766cfa67a.jpg|https://image.production.fruitsfamily.com/public/product/resized%40width620/OEpwu7AJx-f1f1b2be3e97.jpg,data/images/dr_martens/9626375_01.jpg|data/images/dr_martens/9626375_02.jpg|data/images/dr_martens/9626375_03.jpg
FRUITSFAMILY,10412788,Dr. Martens,Dr. Martens,닥터마틴 1460 8홀 uk8 270,80000,,270,"닥터마틴 1460 8홀 워커 판매합니다. 사이즈는 UK8 (270)입니다. 전체적으로 깨끗하게 관리되었으나, 생활 스크래치 있습니다. 
1년에 한번씩 크림 발라서 보관했습니다.",False,https://fruitsfamily.com/product/676k4/%EB%8B%A5%ED%84%B0%EB%A7%88%ED%8B%B4-1460-8%ED%99%80-uk8-270,2026-08-03,https://image.production.fruitsfamily.com/public/product/resized%40width620/f_oRkXpdF-afa3171352f2.jpg|https://image.production.fruitsfamily.com/public/product/resized%40width620/5o4pmS8pn9-12412e57a9fd.jpg|https://image.production.fruitsfamily.com/public/product/resized%40width620/zlApglVYCD-3e579c7e51ae.jpg|https://image.production.fruitsfamily.com/public/product/resized%40width620/vGjrqAjBuM-3650ffa39fe4.jpg|https://image.production.fruitsfamily.com/public/product/resized%40width620/45dcp6w3AD-28b0b49058b7.jpg|https://image.production.fruitsfamily.com/public/product/resized%40width620/XdXhWcZj5--d193b24682aa.jpg|https://image.production.fruitsfamily.com/public/product/resized%40width620/XXAT-LjFkw-02addad191f6.jpg|https://image.production.fruitsfamily.com/public/product/resized%40width620/9UrkIZddDk-15ad7e9ff7e9.jpg,data/images/dr_martens/10412788_01.jpg|data/images/dr_martens/10412788_02.jpg|data/images/dr_martens/10412788_03.jpg
FRUITSFAMILY,10414257,Salomon,SALOMON,살로몬 XT-6 GTX 블랙 270mm,145000,,270,"살로몬 XT-6 고어텍스 트레일 러닝화 블랙 색상 270mm 사이즈입니다
공홈구매했고 구매하시면 구매내역 전달드립니다.
저한테 작아서 판매합니다.
상태괜찮습니다. 상세사진 확인부탁드립니다.
깔창을 넣고 다녀서 밑창이 눌렸습니다.
신는데는 전혀 지장없습니다.",False,https://fruitsfamily.com/product/677ox/%EC%82%B4%EB%A1%9C%EB%AA%AC-xt-6-gtx-%EB%B8%94%EB%9E%99-270mm,2026-08-03,https://image.production.fruitsfamily.com/public/product/resized%40width620/CxWaCXOGT-7f95b6d8fa28.jpg|https://image.production.fruitsfamily.com/public/product/resized%40width620/o7GfBzlo1q-9d735a575870.jpg|https://image.production.fruitsfamily.com/public/product/resized%40width620/3G7nrr51l6-1feeafba5b9e.jpg|https://image.production.fruitsfamily.com/public/product/resized%40width620/TB8gBdIEAf-c6362d751cdd.jpg|https://image.production.fruitsfamily.com/public/product/resized%40width620/NNtX6z_UcI-b1dafff304b2.jpg|https://image.production.fruitsfamily.com/public/product/resized%40width620/uy6EVWXous-2a957e802f9c.jpg|https://image.production.fruitsfamily.com/public/product/resized%40width620/pVqehQe947-2475599cd1a6.jpg|https://image.production.fruitsfamily.com/public/product/resized%40width620/yNZcOFLsi9-b8af0cd9d925.jpg,data/images/salomon/10414257_01.jpg|data/images/salomon/10414257_02.jpg|data/images/salomon/10414257_03.jpg
FRUITSFAMILY,10401717,Salomon,SALOMON,살로몬 스피드크로스6 고어텍스 275사이즈 ,119000,,275,"살로몬 스피드크로스6 고어텍스 275사이즈 
상태는 괜찮은편이구요.
상품문제 하자는 없습니다. 
<손세탁전문점 8000원비용 추가해서 세탁도 완료 > 

🏈여러장 사진을  꼭 확인해주세요! 

🎯상품 마다 사진또는 글에 하자및오염 등을
정직하게 기재해놓지만 혹시라도 놓치는부분들이
있을수 있으니  예민하신분들은 신중한구매 부탁드립니다.

🏀환불 또는 반품은 안되니 신중한 구매 부탁드려요.

⚽️상품 구매전에  번개톡으로 구매가능한지 문의후에 결제 부탁드립니다.",False,https://fruitsfamily.com/product/66y0l/%EC%82%B4%EB%A1%9C%EB%AA%AC-%EC%8A%A4%ED%94%BC%EB%93%9C%ED%81%AC%EB%A1%9C%EC%8A%A46-%EA%B3%A0%EC%96%B4%ED%85%8D%EC%8A%A4-275%EC%82%AC%EC%9D%B4%EC%A6%88,2026-08-03,https://image.production.fruitsfamily.com/public/product/resized%40width620/nxlgcBoLi-8c9633a03ced.jpg|https://image.production.fruitsfamily.com/public/product/resized%40width620/_xsFjnQZcM-07ae02deeed8.jpg|https://image.production.fruitsfamily.com/public/product/resized%40width620/XAlVYZR-xW-08ca037546de.jpg|https://image.production.fruitsfamily.com/public/product/resized%40width620/xNER6s-O0F-7cf3cf9bc859.jpg|https://image.production.fruitsfamily.com/public/product/resized%40width620/ad1K_2xyWk-622b54d484ef.jpg|https://image.production.fruitsfamily.com/public/product/resized%40width620/UgfHe_tAZ8-5a797526b1cb.jpg|https://image.production.fruitsfamily.com/public/product/resized%40width620/K2aaodUrnB-32e4c8cf89b2.jpg|https://image.production.fruitsfamily.com/public/product/resized%40width620/JMJF1lNplL-d9e016caf5ce.jpg|https://image.production.fruitsfamily.com/public/product/resized%40width620/6TpuXhoRf8-5ce4ce4f7a03.jpg,data/images/salomon/10401717_01.jpg|data/images/salomon/10401717_02.jpg|data/images/salomon/10401717_03.jpg
FRUITSFAMILY,10347288,Salomon,SALOMON,살로몬 x 더 브로큰 암 사바트 블랙 올리브 나이아가라,342000,380000,275,"살로몬과 파리 편집샵인 더 브로큰 암의 콜라보 제품입니다.
1회 착용 새상품급 제품 판매합니다.
컨디션은 사진과 동일합니다. 
중고거래 특성상 교환 및 환불 어렵습니다.",False,https://fruitsfamily.com/product/65s0o/%EC%82%B4%EB%A1%9C%EB%AA%AC-x-%EB%8D%94-%EB%B8%8C%EB%A1%9C%ED%81%B0-%EC%95%94-%EC%82%AC%EB%B0%94%ED%8A%B8-%EB%B8%94%EB%9E%99-%EC%98%AC%EB%A6%AC%EB%B8%8C-%EB%82%98%EC%9D%B4%EC%95%84%EA%B0%80%EB%9D%BC,2026-08-03,https://image.production.fruitsfamily.com/public/product/resized%40width620/b2YdAipUO-d6fefdfc0af8.jpg|https://image.production.fruitsfamily.com/public/product/resized%40width620/TWRA2OOce2-dbe9c7201e68.jpg|https://image.production.fruitsfamily.com/public/product/resized%40width620/V4ww5rshm1-2e399a92adeb.jpg|https://image.production.fruitsfamily.com/public/product/resized%40width620/kma1glFmX9-58dbb6a66bae.jpg|https://image.production.fruitsfamily.com/public/product/resized%40width620/iZw_RUyqqc-e41bb353bb8f.jpg|https://image.production.fruitsfamily.com/public/product/resized%40width620/qu6PpRXTsm-a84c058dacca.jpg|https://image.production.fruitsfamily.com/public/product/resized%40width620/oigRBGRZcp-574c92e48542.jpg,data/images/salomon/10347288_01.jpg|data/images/salomon/10347288_02.jpg|data/images/salomon/10347288_03.jpg
FRUITSFAMILY,10201177,Salomon,SALOMON,[290] 살로몬 x 리에르 미드 아흐질,405000,450000,290,"크림에서 구매한 제품입니다
사용감 다분합니다 상태 사진 확인해주세요
동사이즈 유일매물, 내고 x 원하는 매물 나와서 판매합니다
ㅇㅊ시 -2",False,https://fruitsfamily.com/product/62na1/290-%EC%82%B4%EB%A1%9C%EB%AA%AC-x-%EB%A6%AC%EC%97%90%EB%A5%B4-%EB%AF%B8%EB%93%9C-%EC%95%84%ED%9D%90%EC%A7%88,2026-08-03,https://image.production.fruitsfamily.com/public/product/resized%40width620/Eficp50KX-05d5b6f0fd9d.jpg|https://image.production.fruitsfamily.com/public/product/resized%40width620/4jmhoC0-nO-3d7729421a86.jpg|https://image.production.fruitsfamily.com/public/product/resized%40width620/ZslUG4cBh3-66b98c2f76d9.jpg|https://image.production.fruitsfamily.com/public/product/resized%40width620/MqLkLntYD3-819313e0c2fb.jpg|https://image.production.fruitsfamily.com/public/product/resized%40width620/WbGEQ7hK8j-1d3fc59eb765.jpg|https://image.production.fruitsfamily.com/public/product/resized%40width620/VcUblORqEC-51191067327d.jpg|https://image.production.fruitsfamily.com/public/product/resized%40width620/O2A3z7s5Dp-2fb7b34e1b58.jpg|https://image.production.fruitsfamily.com/public/product/resized%40width620/W2E_rzm_PN-9979ea464cbe.jpg,data/images/salomon/10201177_01.jpg|data/images/salomon/10201177_02.jpg|data/images/salomon/10201177_03.jpg
FRUITSFAMILY,10262948,Salomon,SALOMON,XT-4 OG BROWN JINDO,220000,240000,245,"살로몬 xt-4 진도 황구 에디션입니다

사이즈 245 입니다
사이즈 안 맞아서 판매합니다 !!!
실제 착용은 5번 이내 입니다
상태 아주 좋습니다",False,https://fruitsfamily.com/product/63yxw/xt-4-og-brown-jindo,2026-08-03,https://image.production.fruitsfamily.com/public/product/resized%40width620/tQ6NJVfIX-40c08dd56bce.jpg|https://image.production.fruitsfamily.com/public/product/resized%40width620/VIyMkasQQW-bcd8e67863b9.jpg|https://image.production.fruitsfamily.com/public/product/resized%40width620/6eZU3oVUz0-92273c227128.jpg|https://image.production.fruitsfamily.com/public/product/resized%40width620/7uuUR3bjcm-0a4ad43ba94f.jpg,data/images/salomon/10262948_01.jpg|data/images/salomon/10262948_02.jpg|data/images/salomon/10262948_03.jpg
FRUITSFAMILY,10397935,Salomon,SALOMON,살로몬 XA 프로 3D 블랙 마그넷 275사이즈,190000,,275,"올해 3-4월쯤 살로몬 매장에서 구입했습니다
한번 단시간 착용하고 손이 잘 안 가서 판매해요
상태 매우 깨끗합니다
구입 당시 받았던 그대로 드릴게요",False,https://fruitsfamily.com/product/66v3j/%EC%82%B4%EB%A1%9C%EB%AA%AC-xa-%ED%94%84%EB%A1%9C-3d-%EB%B8%94%EB%9E%99-%EB%A7%88%EA%B7%B8%EB%84%B7-275%EC%82%AC%EC%9D%B4%EC%A6%88,2026-08-03,https://image.production.fruitsfamily.com/public/product/resized%40width620/OZjqyqLM5-bd150c7603b2.jpg|https://image.production.fruitsfamily.com/public/product/resized%40width620/ZyLoCjYXFx-80b30ace4c08.jpg|https://image.production.fruitsfamily.com/public/product/resized%40width620/LMC_8Ru8P1-adde63c0c2dd.jpg,data/images/salomon/10397935_01.jpg|data/images/salomon/10397935_02.jpg|data/images/salomon/10397935_03.jpg
FRUITSFAMILY,8151212,Salomon,SALOMON,[새상품]살로몬 x 샌디 리앙 RX 메리 제인 바닐라 아이스240,175000,,240,"살로몬 샌디리앙 SANDY LIANG SALOMON 메리제인 슈즈 새상품입니다 풀박구성
사이즈-240",False,https://fruitsfamily.com/product/4upik/%EC%83%88%EC%83%81%ED%92%88-%EC%82%B4%EB%A1%9C%EB%AA%AC-x-%EC%83%8C%EB%94%94-%EB%A6%AC%EC%95%99-rx-%EB%A9%94%EB%A6%AC-%EC%A0%9C%EC%9D%B8-%EB%B0%94%EB%8B%90%EB%9D%BC-%EC%95%84%EC%9D%B4%EC%8A%A4240,2026-08-03,https://image.production.fruitsfamily.com/public/product/resized%40width620/bQalvI5EGo-B9787938-7F22-4176-86FB-2E5D29DAF713.jpg|https://image.production.fruitsfamily.com/public/product/resized%40width620/3mjh7rkcEz-B1B8DB1F-DA74-4781-9332-8046641FEC52.jpg|https://image.production.fruitsfamily.com/public/product/resized%40width620/FWtL0bT2B2-D3B1E86D-06C6-435E-99E8-B0511722E26D.jpg,data/images/salomon/8151212_01.jpg|data/images/salomon/8151212_02.jpg|data/images/salomon/8151212_03.jpg
FRUITSFAMILY,10326844,Salomon,SALOMON,살로몬 XT-6 ADV 바닐라 레드 270,130000,,270,"살로몬 XT-6 ADV 바닐라 아이스 레이싱 레드
약간의 신은감은있지만 특별한 흠없이 전체적인상태 깨끗합니다^^
사이즈:270mm 굽높이:3cm",False,https://fruitsfamily.com/product/65c8s/%EC%82%B4%EB%A1%9C%EB%AA%AC-xt-6-adv-%EB%B0%94%EB%8B%90%EB%9D%BC-%EB%A0%88%EB%93%9C-270,2026-08-03,https://image.production.fruitsfamily.com/public/product/resized%40width620/RneWtLxOz-7986be02194a.jpg|https://image.production.fruitsfamily.com/public/product/resized%40width620/pCY92g4HWm-5f8f3f3f2c62.jpg|https://image.production.fruitsfamily.com/public/product/resized%40width620/Wykr1QnaWA-95f9351696ff.jpg|https://image.production.fruitsfamily.com/public/product/resized%40width620/_73uTHC7Wu-057b7e5548f6.jpg|https://image.production.fruitsfamily.com/public/product/resized%40width620/JMB8Z43gGD-8c95f0482ccd.jpg,data/images/salomon/10326844_01.jpg|data/images/salomon/10326844_02.jpg|data/images/salomon/10326844_03.jpg
FRUITSFAMILY,10387301,Salomon,SALOMON,살로몬 마르지엘라 뮬275,400000,,275,"살로몬 마르지엘라 뮬 판매합니다.
24년 크림에서 구매후 3번만 신었습니다.
사이즈는 275입니다.",False,https://fruitsfamily.com/product/66mw5/%EC%82%B4%EB%A1%9C%EB%AA%AC-%EB%A7%88%EB%A5%B4%EC%A7%80%EC%97%98%EB%9D%BC-%EB%AE%AC275,2026-08-03,https://image.production.fruitsfamily.com/public/product/resized%40width620/PCRN9m9Vu-ebb74d30dd98.jpg|https://image.production.fruitsfamily.com/public/product/resized%40width620/ImqCzivtwH-822b9788acce.jpg|https://image.production.fruitsfamily.com/public/product/resized%40width620/-IRteZr8nr-32e05964eeb5.jpg|https://image.production.fruitsfamily.com/public/product/resized%40width620/552D8uzBVa-e756fea03330.jpg|https://image.production.fruitsfamily.com/public/product/resized%40width620/Pd39lCsoem-85bbb0314b69.jpg|https://image.production.fruitsfamily.com/public/product/resized%40width620/lfoc93LBji-c4f22d9d973d.jpg|https://image.production.fruitsfamily.com/public/product/resized%40width620/Mzq_jW1nAa-88c4b722d14c.jpg|https://image.production.fruitsfamily.com/public/product/resized%40width620/wWKhpI86KP-0350985ee6bd.jpg|https://image.production.fruitsfamily.com/public/product/resized%40width620/rD7qipEqL7-d4eac42d831b.jpg|https://image.production.fruitsfamily.com/public/product/resized%40width620/ofs9xygojh-d2345cef119a.jpg,data/images/salomon/10387301_01.jpg|data/images/salomon/10387301_02.jpg|data/images/salomon/10387301_03.jpg
FRUITSFAMILY,10391819,Salomon,SALOMON,살로몬 ACS Pro black 280,100000,,280,"[KREAM] Salomon ACS Pro Black
https://kream.co.kr/products/103793

박스 포함입니다.",False,https://fruitsfamily.com/product/66qdn/%EC%82%B4%EB%A1%9C%EB%AA%AC-acs-pro-black-280,2026-08-03,https://image.production.fruitsfamily.com/public/product/resized%40width620/zR2KvwDSk-0fdd2e9f3c1c.jpg|https://image.production.fruitsfamily.com/public/product/resized%40width620/b2N_o5OI5m-70d05b8cfe4e.jpg|https://image.production.fruitsfamily.com/public/product/resized%40width620/r1yII6rWFz-8e7754a1f7b4.jpg|https://image.production.fruitsfamily.com/public/product/resized%40width620/ig86oKpQwK-e9894f6a9a9a.jpg|https://image.production.fruitsfamily.com/public/product/resized%40width620/T6jygBLhBg-e9e05fb98bc3.jpg|https://image.production.fruitsfamily.com/public/product/resized%40width620/Ph1DSe-1IN-adc40c3301e0.jpg,data/images/salomon/10391819_01.jpg|data/images/salomon/10391819_02.jpg|data/images/salomon/10391819_03.jpg
FRUITSFAMILY,9174688,Salomon,SALOMON,살로몬 멀티컬러 XT 퀘스트 2 (US5),110000,161000,220,"SSENSE에서 구매 후, 3번 정도 신고 보관해둔 상품입니다. 발볼 좁은 220이 신었을때 좀 널널합니다.!",False,https://fruitsfamily.com/product/5gn8g/%EC%82%B4%EB%A1%9C%EB%AA%AC-%EB%A9%80%ED%8B%B0%EC%BB%AC%EB%9F%AC-xt-%ED%80%98%EC%8A%A4%ED%8A%B8-2-us5,2026-08-03,https://image.production.fruitsfamily.com/public/product/resized%40width620/8Okyi6III-a1e2f641561f.jpg|https://image.production.fruitsfamily.com/public/product/resized%40width620/Wqk6JcYU0J-3b22f466544a.jpg|https://image.production.fruitsfamily.com/public/product/resized%40width620/TTAaKIJNP-e6b8af66443e.jpg|https://image.production.fruitsfamily.com/public/product/resized%40width620/I8XwcXtCqZ-18f0cae57d53.jpg|https://image.production.fruitsfamily.com/public/product/resized%40width620/lCF-nVMNZG-01d90ceda5ef.jpg|https://image.production.fruitsfamily.com/public/product/resized%40width620/fPh2xVph50-232ee3044289.jpg,data/images/salomon/9174688_01.jpg|data/images/salomon/9174688_02.jpg|data/images/salomon/9174688_03.jpg
FRUITSFAMILY,10132213,Salomon,SALOMON,살로몬 x MM6 메종 마르지엘라 스펙터 2 새상품(280),349000,,280,"❌에눌❌
❌사이즈 문의❌

풀 구성 새상품.
사이즈 US 10 (280)

⚠️에눌, 홀드, 교환 문의 안 받습니다.
      에눌 문의 하지 말아주세요!
⚠️제발 부탁드립니다.
     구매결정이 되신 분만 연락주세요.
     서로 시간 낭비하지 않게 기재된 내용
     꼼꼼히 살펴보시고 연락부탁드립니다.
⚠️예의없고 의미없이 찔러만 보시는분들
      바로 차단합니다.",False,https://fruitsfamily.com/product/6162d/%EC%82%B4%EB%A1%9C%EB%AA%AC-x-mm6-%EB%A9%94%EC%A2%85-%EB%A7%88%EB%A5%B4%EC%A7%80%EC%97%98%EB%9D%BC-%EC%8A%A4%ED%8E%99%ED%84%B0-2-%EC%83%88%EC%83%81%ED%92%88-280,2026-08-03,https://image.production.fruitsfamily.com/public/product/resized%40width620/s1GCfLwwT-685e5cb8f377.jpg|https://image.production.fruitsfamily.com/public/product/resized%40width620/yTYTGDu4Ze-f348e7eb762c.jpg|https://image.production.fruitsfamily.com/public/product/resized%40width620/gd93bDIqV-54ebec6ce990.jpg|https://image.production.fruitsfamily.com/public/product/resized%40width620/lTX2tfiftM-6f25d800a069.jpg,data/images/salomon/10132213_01.jpg|data/images/salomon/10132213_02.jpg|data/images/salomon/10132213_03.jpg
FRUITSFAMILY,9577218,Salomon,SALOMON,[260] 살로몬x마르지엘라 mm6,240000,320000,260,"박스 포함
실착 2번으로 새거라고 보시면 됩니다
신발 정리하면서 내놓게 되었습니다
사이즈 260",False,https://fruitsfamily.com/product/5p9tu/260-%EC%82%B4%EB%A1%9C%EB%AA%ACx%EB%A7%88%EB%A5%B4%EC%A7%80%EC%97%98%EB%9D%BC-mm6,2026-08-03,https://image.production.fruitsfamily.com/public/product/resized%40width620/B9wux7by6-7c63c62ccaa0.jpg|https://image.production.fruitsfamily.com/public/product/resized%40width620/4eUWl6hT2q-8a49a4ceab78.jpg|https://image.production.fruitsfamily.com/public/product/resized%40width620/tuktIR_LnD-07df17dd928d.jpg|https://image.production.fruitsfamily.com/public/product/resized%40width620/lf9hXfqRmi-3e26582962f8.jpg,data/images/salomon/9577218_01.jpg|data/images/salomon/9577218_02.jpg|data/images/salomon/9577218_03.jpg
FRUITSFAMILY,9694692,Salomon,SALOMON,[285]살로몬 더 브로큰 암 패스토럴 그린 헤이즈 블랙 포레스트,320000,,285,"상품명 - 살로몬 x 더 브로큰 암 패스토럴 그린 헤이즈 블랙 포레스트

상태 - 새상품

사이즈 - 285

거래방법 - 직거래 or 택배거래 

가품 이외에 환불 ❌",False,https://fruitsfamily.com/product/5rsh0/285-%EC%82%B4%EB%A1%9C%EB%AA%AC-%EB%8D%94-%EB%B8%8C%EB%A1%9C%ED%81%B0-%EC%95%94-%ED%8C%A8%EC%8A%A4%ED%86%A0%EB%9F%B4-%EA%B7%B8%EB%A6%B0-%ED%97%A4%EC%9D%B4%EC%A6%88-%EB%B8%94%EB%9E%99-%ED%8F%AC%EB%A0%88%EC%8A%A4%ED%8A%B8,2026-08-03,https://image.production.fruitsfamily.com/public/product/resized%40width620/_uqnX4D-M-55a6562ebf6a.jpg|https://image.production.fruitsfamily.com/public/product/resized%40width620/IyntJ_8EIc-3255cf317708.jpg|https://image.production.fruitsfamily.com/public/product/resized%40width620/T0EznbC8ra-23d36c97ce78.jpg|https://image.production.fruitsfamily.com/public/product/resized%40width620/6WlWHsJ8Qv-7fa9e86660fd.jpg|https://image.production.fruitsfamily.com/public/product/resized%40width620/BXDgTumWES-39deb615245a.jpg|https://image.production.fruitsfamily.com/public/product/resized%40width620/N8cU8R4X9b-cb77516aa3f8.jpg|https://image.production.fruitsfamily.com/public/product/resized%40width620/Fq4Up9_dwJ-ba897d7a6ed2.jpg,data/images/salomon/9694692_01.jpg|data/images/salomon/9694692_02.jpg|data/images/salomon/9694692_03.jpg
FRUITSFAMILY,10061129,Salomon,SALOMON,살로몬 XT-6 고어텍스 블랙실버 305사이즈,220000,250000,305,"보통 290 신는분들 15업해서 
305로 신으면 딱입니다
전 호카나 온러닝 위주로 신다보니 발이안가
내놓게되었습니다 

비오는날 한번도 신지않고 
날좋을때만 신고
총 실착수도 얼마되지않아
컨디션 최상입니다",False,https://fruitsfamily.com/product/5zn7t/%EC%82%B4%EB%A1%9C%EB%AA%AC-xt-6-%EA%B3%A0%EC%96%B4%ED%85%8D%EC%8A%A4-%EB%B8%94%EB%9E%99%EC%8B%A4%EB%B2%84-305%EC%82%AC%EC%9D%B4%EC%A6%88,2026-08-03,https://image.production.fruitsfamily.com/public/product/resized%40width620/iOww17L6P-9438f55e0988.jpg|https://image.production.fruitsfamily.com/public/product/resized%40width620/KZ5rOmBuYw-f3d9127e57d5.jpg|https://image.production.fruitsfamily.com/public/product/resized%40width620/SNDsTrKBsF-637cb250c579.jpg|https://image.production.fruitsfamily.com/public/product/resized%40width620/pKJUDOh6tN-27b13917625a.jpg,data/images/salomon/10061129_01.jpg|data/images/salomon/10061129_02.jpg|data/images/salomon/10061129_03.jpg
FRUITSFAMILY,9305452,Salomon,SALOMON,살로몬 x MM6 메종 마르지엘라 크로스 더스트 블랙 아스팔트 255,520000,650000,255,"살로몬 x MM6 메종 마르지엘라 크로스 더스트 블랙 아스팔트
새상품입니다.
실물 진짜 너무 이쁘구요.
255사이즈입니다.
정가 70만원이며 정가보다 좋은가격에 판매해요.
직거래 택배거래 가능해요.",False,https://fruitsfamily.com/product/5jg4s/%EC%82%B4%EB%A1%9C%EB%AA%AC-x-mm6-%EB%A9%94%EC%A2%85-%EB%A7%88%EB%A5%B4%EC%A7%80%EC%97%98%EB%9D%BC-%ED%81%AC%EB%A1%9C%EC%8A%A4-%EB%8D%94%EC%8A%A4%ED%8A%B8-%EB%B8%94%EB%9E%99-%EC%95%84%EC%8A%A4%ED%8C%94%ED%8A%B8-255,2026-08-03,https://image.production.fruitsfamily.com/public/product/resized%40width620/JWOCrx4aU-ceb9268a25dc.jpg|https://image.production.fruitsfamily.com/public/product/resized%40width620/78g7hd64pb-ef7d1da7abca.jpg|https://image.production.fruitsfamily.com/public/product/resized%40width620/UWeNLCF-ss-599a25264117.jpg|https://image.production.fruitsfamily.com/public/product/resized%40width620/SU5OQAKkbE-da0f26ffbc52.jpg|https://image.production.fruitsfamily.com/public/product/resized%40width620/1ebRWdYwlp-9ebc8f4a4a79.jpg|https://image.production.fruitsfamily.com/public/product/resized%40width620/EYG3A6OXXj-0ce8bf1d85c8.jpg|https://image.production.fruitsfamily.com/public/product/resized%40width620/o_xRVkrGuH-1a3dc1f7f0f0.jpg,data/images/salomon/9305452_01.jpg|data/images/salomon/9305452_02.jpg|data/images/salomon/9305452_03.jpg
FRUITSFAMILY,7566743,Salomon,SALOMON,살로몬 x 란라 SKOR 블리치드 샌드 알파파 (275),200000,270000,275,"구매후 잘 안신어서 판매합니다.
사이즈 275입니다. 상태 좋아요
상자도 있습니다.",False,https://fruitsfamily.com/product/4i6jb/%EC%82%B4%EB%A1%9C%EB%AA%AC-x-%EB%9E%80%EB%9D%BC-skor-%EB%B8%94%EB%A6%AC%EC%B9%98%EB%93%9C-%EC%83%8C%EB%93%9C-%EC%95%8C%ED%8C%8C%ED%8C%8C-275,2026-08-03,https://image.production.fruitsfamily.com/public/product/resized%40width620/3VoCDDx2sD-7DD5A6B8-1C17-459E-B0B0-9A98D04A4A83.jpg|https://image.production.fruitsfamily.com/public/product/resized%40width620/pTxwUSJky-CC44B726-C422-4D67-808F-CC5E05B88983.jpg|https://image.production.fruitsfamily.com/public/product/resized%40width620/IQlojT37GF-5301665C-BFA0-4B6C-98B9-022F49EE3A62.jpg,data/images/salomon/7566743_01.jpg|data/images/salomon/7566743_02.jpg|data/images/salomon/7566743_03.jpg
FRUITSFAMILY,10358696,Salomon,SALOMON,살로몬 XT-6 고어텍스 블랙 에보니 240,144000,180000,240,"크림 구매상품이며 몇번안신어서상태좋습니다
박스x
살로몬 XT-6 고어텍스 블랙 에보니 사이즈 240 판매해요
고어텍스 기능으로 방수, 방풍 기능이 뛰어나요
트레일 러닝이나 아웃도어 활동에 적합한 신발이에요
디자인과 기능성을 모두 갖춘 매력적인 아이템이랍니다",False,https://fruitsfamily.com/product/660tk/%EC%82%B4%EB%A1%9C%EB%AA%AC-xt-6-%EA%B3%A0%EC%96%B4%ED%85%8D%EC%8A%A4-%EB%B8%94%EB%9E%99-%EC%97%90%EB%B3%B4%EB%8B%88-240,2026-08-03,https://image.production.fruitsfamily.com/public/product/resized%40width620/NtDEgOa5K-8454c542de0d.jpg|https://image.production.fruitsfamily.com/public/product/resized%40width620/YN_E73JlNB-b50054a7198a.jpg|https://image.production.fruitsfamily.com/public/product/resized%40width620/h5kNjEocr9-f4ff0ece65ae.jpg|https://image.production.fruitsfamily.com/public/product/resized%40width620/1_BEk-UyZJ-9d3457bd2754.jpg|https://image.production.fruitsfamily.com/public/product/resized%40width620/XH2mspvTvp-bd89ecbeaabe.jpg|https://image.production.fruitsfamily.com/public/product/resized%40width620/IFEYQOdE3f-a199ee1749d7.jpg|https://image.production.fruitsfamily.com/public/product/resized%40width620/1pG9KSRcDy-72962fb9cef8.jpg|https://image.production.fruitsfamily.com/public/product/resized%40width620/-gXsK2YYx7-413ea5549ad5.jpg,data/images/salomon/10358696_01.jpg|data/images/salomon/10358696_02.jpg|data/images/salomon/10358696_03.jpg
FRUITSFAMILY,10268114,Salomon,SALOMON,(280) 살로몬 미드 고어텍스 판매합니다,100000,,280,"매물로 구매했는데 손이 잘 안갈거 같아서 판매합니다
교환 환불 불가하니까 신중히 생각하시고 구매 해즈세요!
상자 없음",False,https://fruitsfamily.com/product/642xe/280-%EC%82%B4%EB%A1%9C%EB%AA%AC-%EB%AF%B8%EB%93%9C-%EA%B3%A0%EC%96%B4%ED%85%8D%EC%8A%A4-%ED%8C%90%EB%A7%A4%ED%95%A9%EB%8B%88%EB%8B%A4,2026-08-03,https://image.production.fruitsfamily.com/public/product/resized%40width620/CcnyqmbEY-8d17504b95b5.jpg|https://image.production.fruitsfamily.com/public/product/resized%40width620/28VZIBuYo6-8eae31d8ee94.jpg|https://image.production.fruitsfamily.com/public/product/resized%40width620/gkrWZmOqTl-108cac2da3c3.jpg|https://image.production.fruitsfamily.com/public/product/resized%40width620/VMeHPDYZ72-34f1607a922d.jpg,data/images/salomon/10268114_01.jpg|data/images/salomon/10268114_02.jpg|data/images/salomon/10268114_03.jpg
FRUITSFAMILY,10412016,Salomon,SALOMON,살로몬 X 울트라 360 미드 고어텍스 블랙,256000,,270,"디올의 디렉터 조나단앤더슨이 자주 신는 모델의 블랙버전입니다

ㄱㅈ거래시 수수료 X",False,https://fruitsfamily.com/product/675yo/%EC%82%B4%EB%A1%9C%EB%AA%AC-x-%EC%9A%B8%ED%8A%B8%EB%9D%BC-360-%EB%AF%B8%EB%93%9C-%EA%B3%A0%EC%96%B4%ED%85%8D%EC%8A%A4-%EB%B8%94%EB%9E%99,2026-08-03,https://image.production.fruitsfamily.com/public/product/resized%40width620/MLFpfEhQa-89a61ebd6819.jpg|https://image.production.fruitsfamily.com/public/product/resized%40width620/SQ2pum5DGo-2a501af7ce11.jpg|https://image.production.fruitsfamily.com/public/product/resized%40width620/amGjb14IgM-2271cf81d7c9.jpg,data/images/salomon/10412016_01.jpg|data/images/salomon/10412016_02.jpg|data/images/salomon/10412016_03.jpg
FRUITSFAMILY,8240235,Nike,Nike,나이키 에어맥스 90 로즈 275 새제품,149000,155000,275,"나코탭 새제품 에어맥스 90 로즈 모델입니다.
275 사이즈이며 구매 후 박스채 보관만 하였습니다!",False,https://fruitsfamily.com/product/4wm7f/%EB%82%98%EC%9D%B4%ED%82%A4-%EC%97%90%EC%96%B4%EB%A7%A5%EC%8A%A4-90-%EB%A1%9C%EC%A6%88-275-%EC%83%88%EC%A0%9C%ED%92%88,2026-08-03,https://image.production.fruitsfamily.com/public/product/resized%40width620/-4bH3Sa8oa-4CA90C8E-CB3D-4AD9-A09D-FD6EAA3BF032.jpg|https://image.production.fruitsfamily.com/public/product/resized%40width620/yEQBrWwmFt-BA6A2C43-56E5-44D9-8CE6-59E684A7D10A.jpg|https://image.production.fruitsfamily.com/public/product/resized%40width620/wf6ThUCWKf-B958D0A1-B004-420A-9CEF-541F2AC360AF.jpg|https://image.production.fruitsfamily.com/public/product/resized%40width620/HXOKrMHDC-465053FD-42D7-40E8-A881-4D3E96C3C234.jpg|https://image.production.fruitsfamily.com/public/product/resized%40width620/xYt5uEXsiE-B910BE80-A8C3-47A7-8DA0-A0A2E5FA77A7.jpg,data/images/nike/8240235_01.jpg|data/images/nike/8240235_02.jpg|data/images/nike/8240235_03.jpg
FRUITSFAMILY,10388741,Nike,Nike,빈티지 나이키 SB 블레이져 로우,80000,,300,"2018년 발매
스웨이드 트리플블랙 
전제적으로 자연스로운 사용감
깨 끗합니다",False,https://fruitsfamily.com/product/66o05/%EB%B9%88%ED%8B%B0%EC%A7%80-%EB%82%98%EC%9D%B4%ED%82%A4-sb-%EB%B8%94%EB%A0%88%EC%9D%B4%EC%A0%B8-%EB%A1%9C%EC%9A%B0,2026-08-03,https://image.production.fruitsfamily.com/public/product/resized%40width620/WUrBbFOyO-e8112639bcea.jpg|https://image.production.fruitsfamily.com/public/product/resized%40width620/1Mm5rhJ4v6-05317fea8d17.jpg|https://image.production.fruitsfamily.com/public/product/resized%40width620/8TbFGlB6Gi-535a4e36b6fc.jpg,data/images/nike/10388741_01.jpg|data/images/nike/10388741_02.jpg|data/images/nike/10388741_03.jpg
FRUITSFAMILY,9956066,Nike,Nike,나이키 에어모나크 IV 커스텀 신발,40000,,270,"마스야드 맛으로 커스텀한 유니크한 에어 모나크 신발입니다.
270사이즈이며 상태는 양호한 축에 속합니다!",False,https://fruitsfamily.com/product/5xe5e/%EB%82%98%EC%9D%B4%ED%82%A4-%EC%97%90%EC%96%B4%EB%AA%A8%EB%82%98%ED%81%AC-iv-%EC%BB%A4%EC%8A%A4%ED%85%80-%EC%8B%A0%EB%B0%9C,2026-08-03,https://image.production.fruitsfamily.com/public/product/resized%40width620/H1BLMpQRy-8e53e82df455.jpg|https://image.production.fruitsfamily.com/public/product/resized%40width620/M1xClZoBje-f41dfc367756.jpg|https://image.production.fruitsfamily.com/public/product/resized%40width620/rc1dgZtxKx-775900d4bb47.jpg|https://image.production.fruitsfamily.com/public/product/resized%40width620/5jj7CYeGgq-491d836a9ca3.jpg|https://image.production.fruitsfamily.com/public/product/resized%40width620/jih6T2Ykcq-066a7cd3f02b.jpg,data/images/nike/9956066_01.jpg|data/images/nike/9956066_02.jpg|data/images/nike/9956066_03.jpg
FRUITSFAMILY,10414300,Nike,Nike,나이키 샥스 TL 메탈릭 헤마타이트 245 신발 스니커즈,140000,145000,245,"크림 구매
사이즈 미스로 받자마자 넘겨요
시착만 해 보고 바로 넣음
박스, 택 O

hematite 250 or W max orange 250과 교환도 받아용",False,https://fruitsfamily.com/product/677q4/%EB%82%98%EC%9D%B4%ED%82%A4-%EC%83%A5%EC%8A%A4-tl-%EB%A9%94%ED%83%88%EB%A6%AD-%ED%97%A4%EB%A7%88%ED%83%80%EC%9D%B4%ED%8A%B8-245-%EC%8B%A0%EB%B0%9C-%EC%8A%A4%EB%8B%88%EC%BB%A4%EC%A6%88,2026-08-03,https://image.production.fruitsfamily.com/public/product/resized%40width620/5cwT3Akrh-3d69a30d97c1.jpg|https://image.production.fruitsfamily.com/public/product/resized%40width620/2ydJg3cA2I-71bff98b5a7e.jpg|https://image.production.fruitsfamily.com/public/product/resized%40width620/5XtlbFVT26-5055a27a6e04.jpg,data/images/nike/10414300_01.jpg|data/images/nike/10414300_02.jpg|data/images/nike/10414300_03.jpg
FRUITSFAMILY,9062860,Nike,Nike,나이키 톰삭스 제너럴 퍼포즈 슈 브라운 us 11.5,149000,170000,285,"나이키와 톰삭스가 협업한 제너럴 퍼포즈 슈 브라운 색상이에요

US 11.5 사이즈로 박스없은 새상품 입니다

택은 없는데 원래 없었는지 기억이 안나네요

상세사진 필요시 연락주세요",False,https://fruitsfamily.com/product/5e8y4/%EB%82%98%EC%9D%B4%ED%82%A4-%ED%86%B0%EC%82%AD%EC%8A%A4-%EC%A0%9C%EB%84%88%EB%9F%B4-%ED%8D%BC%ED%8F%AC%EC%A6%88-%EC%8A%88-%EB%B8%8C%EB%9D%BC%EC%9A%B4-us-11-5,2026-08-03,https://image.production.fruitsfamily.com/public/product/resized%40width620/7Ufrbu_dd-2c90bbf88508.jpg|https://image.production.fruitsfamily.com/public/product/resized%40width620/bfOZOc48Mm-d3313e2fda4d.jpg|https://image.production.fruitsfamily.com/public/product/resized%40width620/jcJZHVacDZ-e7093a1b09fe.jpg|https://image.production.fruitsfamily.com/public/product/resized%40width620/4aasnFMNWJ-42414109d81b.jpg,data/images/nike/9062860_01.jpg|data/images/nike/9062860_02.jpg|data/images/nike/9062860_03.jpg
FRUITSFAMILY,9701417,Nike,Nike,나이키 에어맥스 95 울프 그레이 280,100000,,280,"나이키 에어맥스 95 울프 그레이 사이즈 280 판매해요
사진에서 보이는 그대로의 제품입니다
깔끔한 디자인으로 어디에나 잘 어울려요
데일리로 신기 좋은 운동화 찾는 분들께 추천드려요",False,https://fruitsfamily.com/product/5rxnt/%EB%82%98%EC%9D%B4%ED%82%A4-%EC%97%90%EC%96%B4%EB%A7%A5%EC%8A%A4-95-%EC%9A%B8%ED%94%84-%EA%B7%B8%EB%A0%88%EC%9D%B4-280,2026-08-03,https://image.production.fruitsfamily.com/public/product/resized%40width620/5XyFE3zAq-9e79c2930f72.jpg|https://image.production.fruitsfamily.com/public/product/resized%40width620/RxuN_QfHui-bb94ff812ec0.jpg|https://image.production.fruitsfamily.com/public/product/resized%40width620/yLDzbAk0rM-ee295ebd1715.jpg|https://image.production.fruitsfamily.com/public/product/resized%40width620/w8NkMzCrCl-7eb754a65b55.jpg|https://image.production.fruitsfamily.com/public/product/resized%40width620/mZL86P6Vi3-b37af3c0df36.jpg,data/images/nike/9701417_01.jpg|data/images/nike/9701417_02.jpg|data/images/nike/9701417_03.jpg
FRUITSFAMILY,3216070,Nike,Nike,나이키x슬램잼 덩크 하이 sp 280,75000,150000,280,"나이키 슬램잼 콜라보 제품

사이즈 280",False,https://fruitsfamily.com/product/1wxja/%EB%82%98%EC%9D%B4%ED%82%A4x%EC%8A%AC%EB%9E%A8%EC%9E%BC-%EB%8D%A9%ED%81%AC-%ED%95%98%EC%9D%B4-sp-280,2026-08-03,https://image.production.fruitsfamily.com/public/product/resized%40width620/R0hnA0oYcI-A56663A1-4E17-4525-853F-099D9142BE6B.jpg|https://image.production.fruitsfamily.com/public/product/resized%40width620/yeIwAIOrrc-A021AF78-E2A5-4B4C-92D4-93771D4CFDB2.jpg|https://image.production.fruitsfamily.com/public/product/resized%40width620/G_Tpcp0Y7y-ADE183A5-ADEF-4E06-A2EC-6032525EF8A2.jpg|https://image.production.fruitsfamily.com/public/product/resized%40width620/lHUNYvuQNh-DA834FE7-392F-463D-B918-E8E47D9CF374.jpg|https://image.production.fruitsfamily.com/public/product/resized%40width620/Yx8oVlJsq4-AC704E13-5188-4B18-A38A-36624433239F.jpg|https://image.production.fruitsfamily.com/public/product/resized%40width620/MR6ajotqJX-F39D6CA9-97BA-49C4-BF3C-42BCEE0E33AC.jpg|https://image.production.fruitsfamily.com/public/product/resized%40width620/z9VRBJqc2-7E5AB1D5-CED0-4300-8FF8-8FEAD4399EF2.jpg,data/images/nike/3216070_01.jpg|data/images/nike/3216070_02.jpg|data/images/nike/3216070_03.jpg
FRUITSFAMILY,10388112,Nike,Nike,(270) 나이키 에어맥스95 네온 HM4740-001,200000,,270,에어맥스95 네온 270사이즈 입니다. 실착 2회로 자세한 컨디션 상태는 사진 참고 부탁드립니다. 택배거래만 가능합니다~ 네고나 에누리 문의는 정중히 사양합니다.,False,https://fruitsfamily.com/product/66nio/270-%EB%82%98%EC%9D%B4%ED%82%A4-%EC%97%90%EC%96%B4%EB%A7%A5%EC%8A%A495-%EB%84%A4%EC%98%A8-hm4740-001,2026-08-03,https://image.production.fruitsfamily.com/public/product/resized%40width620/5Ej_zOMix-863e77348532.jpg|https://image.production.fruitsfamily.com/public/product/resized%40width620/x1NKEtoq9K-f36795579b7a.jpg|https://image.production.fruitsfamily.com/public/product/resized%40width620/tPjpJq5-ol-5ab7eff11594.jpg|https://image.production.fruitsfamily.com/public/product/resized%40width620/bw4QwDcfU5-fe7b4012807e.jpg|https://image.production.fruitsfamily.com/public/product/resized%40width620/nZr-qDs_aj-3e0be619f682.jpg|https://image.production.fruitsfamily.com/public/product/resized%40width620/U_1lOAjl0S-8efd058a52f6.jpg,data/images/nike/10388112_01.jpg|data/images/nike/10388112_02.jpg|data/images/nike/10388112_03.jpg
FRUITSFAMILY,9054928,Nike,Nike,나이키 조던4 레트로 테크 화이트 280,123000,,280,"유일매물 소량 발매인걸로압니다
사용감 다분합니다
쿨거시 택포",False,https://fruitsfamily.com/product/5e2ts/%EB%82%98%EC%9D%B4%ED%82%A4-%EC%A1%B0%EB%8D%984-%EB%A0%88%ED%8A%B8%EB%A1%9C-%ED%85%8C%ED%81%AC-%ED%99%94%EC%9D%B4%ED%8A%B8-280,2026-08-03,https://image.production.fruitsfamily.com/public/product/resized%40width620/R0yrvQsxN-cc91e14a2d24.jpg|https://image.production.fruitsfamily.com/public/product/resized%40width620/GHfSL8o2Ts-7bf6e2b17d9e.jpg|https://image.production.fruitsfamily.com/public/product/resized%40width620/AuB97LoZ8-bf39d33eb447.jpg,data/images/nike/9054928_01.jpg|data/images/nike/9054928_02.jpg|data/images/nike/9054928_03.jpg
FRUITSFAMILY,9942880,Nike,Nike,나이키 에어포스 1 로우 유틸리티 칼하트 WIP 카모 275mm,165000,,275,"#ssajangvintage #싸장빈티지 #노량진빈티지샵

 나이키 에어포스 1 로우 유틸리티 칼하트 WIP 카모 275mm

-실측 size
275mm

-사이즈는 측정방식에 따라 오차가 발생할 수 있습니다.

-택배비 4,000원 제주도 7,000원 입니다.

-빈티지 상품으로 오염또는 이염 있을 수 있습니다.
신중한 구매 부탁드립니다.

-빈티지 상품 특성상 교환or환불은 어렵습니다.

매장에서 편하게 입어보시고 구매하세요~
24시 무인샵
서울 동작구 노량진로 14길 25 싸장 빈티지",False,https://fruitsfamily.com/product/5x3z4/%EB%82%98%EC%9D%B4%ED%82%A4-%EC%97%90%EC%96%B4%ED%8F%AC%EC%8A%A4-1-%EB%A1%9C%EC%9A%B0-%EC%9C%A0%ED%8B%B8%EB%A6%AC%ED%8B%B0-%EC%B9%BC%ED%95%98%ED%8A%B8-wip-%EC%B9%B4%EB%AA%A8-275mm,2026-08-03,https://image.production.fruitsfamily.com/public/product/resized%40width620/H14_QcjEJ-2f69f57a86be.jpg|https://image.production.fruitsfamily.com/public/product/resized%40width620/J_jumSb_AM-443e77bfdd24.jpg|https://image.production.fruitsfamily.com/public/product/resized%40width620/Vwb1sC5jE8-91b466bd2c66.jpg|https://image.production.fruitsfamily.com/public/product/resized%40width620/qkZOY9QA3_-e026d980a84e.jpg|https://image.production.fruitsfamily.com/public/product/resized%40width620/fhpp_OmIkN-4e3379f3ddd7.jpg|https://image.production.fruitsfamily.com/public/product/resized%40width620/25s9DiZcWf-64c69bf90924.jpg|https://image.production.fruitsfamily.com/public/product/resized%40width620/dGYUZBm0To-b58693839db7.jpg,data/images/nike/9942880_01.jpg|data/images/nike/9942880_02.jpg|data/images/nike/9942880_03.jpg
FRUITSFAMILY,9608438,Nike,Nike,나이키 에어맥스95 미드나잇 네이비 275,100000,,275,"DC9412-400 미드나잇 네이비 색상

실착 횟수 적어서 상태 매우 좋습니다.
나코탭 보유중.

희소성 있는 제품입니다.
맥스95는 작게 나온 편이라 반업 이상 추천합니다.",False,https://fruitsfamily.com/product/5pxx2/%EB%82%98%EC%9D%B4%ED%82%A4-%EC%97%90%EC%96%B4%EB%A7%A5%EC%8A%A495-%EB%AF%B8%EB%93%9C%EB%82%98%EC%9E%87-%EB%84%A4%EC%9D%B4%EB%B9%84-275,2026-08-03,https://image.production.fruitsfamily.com/public/product/resized%40width620/H8gBXUsDGT-18d63bc0a712.jpg|https://image.production.fruitsfamily.com/public/product/resized%40width620/9hFG-ZoCA-de170f735e4c.jpg|https://image.production.fruitsfamily.com/public/product/resized%40width620/MjTZ7V4wAU-f3e8c1ca2f18.jpg|https://image.production.fruitsfamily.com/public/product/resized%40width620/agFUZWkHqO-1ebef984fb79.jpg,data/images/nike/9608438_01.jpg|data/images/nike/9608438_02.jpg|data/images/nike/9608438_03.jpg
FRUITSFAMILY,5941159,Nike,Nike,나이키 에어맥스 AP 화이트핑크,89000,,235,"택달린 새상품
235사이즈
무료배송입니다
교환,환불 불가",False,https://fruitsfamily.com/product/3jc87/%EB%82%98%EC%9D%B4%ED%82%A4-%EC%97%90%EC%96%B4%EB%A7%A5%EC%8A%A4-ap-%ED%99%94%EC%9D%B4%ED%8A%B8%ED%95%91%ED%81%AC,2026-08-03,https://image.production.fruitsfamily.com/public/product/resized%40width620/Pn5UgtDuGK-1758955028587.jpg|https://image.production.fruitsfamily.com/public/product/resized%40width620/d6KVyBC1uR-1758955028620.jpg|https://image.production.fruitsfamily.com/public/product/resized%40width620/ZATa1__dQk-1758955028650.jpg|https://image.production.fruitsfamily.com/public/product/resized%40width620/KEp9HuKNS1-1758955028679.jpg|https://image.production.fruitsfamily.com/public/product/resized%40width620/qxTl7cqTF3-1758955028707.jpg|https://image.production.fruitsfamily.com/public/product/resized%40width620/TPsESK0mPY-1758955028734.jpg,data/images/nike/5941159_01.jpg|data/images/nike/5941159_02.jpg|data/images/nike/5941159_03.jpg
FRUITSFAMILY,7441777,Nike,Nike,나이키x스투시 에어맥스2013 핑크 (260),200000,,260,"착용 5회미만입니다. 혀부분에 청바지 이염 약간 있습니다.
택포 가격입니다.",False,https://fruitsfamily.com/product/4fi41/%EB%82%98%EC%9D%B4%ED%82%A4x%EC%8A%A4%ED%88%AC%EC%8B%9C-%EC%97%90%EC%96%B4%EB%A7%A5%EC%8A%A42013-%ED%95%91%ED%81%AC-260,2026-08-03,https://image.production.fruitsfamily.com/public/product/resized%40width620/BD3IuPbxxQ-C467B732-558C-4A4E-8123-E09793F12E5C.jpg|https://image.production.fruitsfamily.com/public/product/resized%40width620/MsGRzoqy9W-3EBBB28F-D8AA-4033-944B-2D3322E79307.jpg|https://image.production.fruitsfamily.com/public/product/resized%40width620/mh_ZQHfN_D-15C47E53-6459-42B6-B178-562B68F400E9.jpg|https://image.production.fruitsfamily.com/public/product/resized%40width620/xRTiJXvQtz-662ED189-CEB2-4AA4-A130-482AAC914F3E.jpg|https://image.production.fruitsfamily.com/public/product/resized%40width620/eGecIX3rei-36DF2127-1711-4F98-8ED4-CECCBA36474B.jpg|https://image.production.fruitsfamily.com/public/product/resized%40width620/lzk8hs2lG-AC9250F8-F98E-4F71-8275-570934EB75A5.jpg|https://image.production.fruitsfamily.com/public/product/resized%40width620/ImGh0z3Ku4-A1BDFD88-8A40-4C32-8131-CE70ED3770DB.jpg,data/images/nike/7441777_01.jpg|data/images/nike/7441777_02.jpg|data/images/nike/7441777_03.jpg
FRUITSFAMILY,8387606,Nike,Nike,(새제품) 나이키 코르테즈 / 메탈릭 실버 235mm,83700,93000,235,"(새제품) 나이키 코르테즈 메탈릭 실버 컬러 235mm

택만 떼고 실착도 안 해 본 새제품입니다!

실버 컬러가 너무 너무 예쁘지만..
같은 컬러 신발을 사게 되어 판매합니당🥺

박스가 없어서 저렴한 가격에 내놓으니
얼른 가져가세요!!!",False,https://fruitsfamily.com/product/4zrx2/%EC%83%88%EC%A0%9C%ED%92%88-%EB%82%98%EC%9D%B4%ED%82%A4-%EC%BD%94%EB%A5%B4%ED%85%8C%EC%A6%88-%EB%A9%94%ED%83%88%EB%A6%AD-%EC%8B%A4%EB%B2%84-235mm,2026-08-03,https://image.production.fruitsfamily.com/public/product/resized%40width620/I-w34irVv_-89ACB867-6A41-49C2-9586-1B4EC9CC417F.jpg|https://image.production.fruitsfamily.com/public/product/resized%40width620/b-eOM9-GCo-84B335E7-4D99-4627-8E7A-438DB1BB0887.jpg|https://image.production.fruitsfamily.com/public/product/resized%40width620/VIDNHmK8Tb-5E7EFA94-ABBF-41FC-B3A9-B39C0E2D117E.jpg|https://image.production.fruitsfamily.com/public/product/resized%40width620/2k6FRUeXg-9FB21E43-0622-437F-8778-3F1E9946AC6E.jpg|https://image.production.fruitsfamily.com/public/product/resized%40width620/y-RLwbKCr0-86F8C5DC-0CFC-4D4D-9456-27251A6E63FF.jpg,data/images/nike/8387606_01.jpg|data/images/nike/8387606_02.jpg|data/images/nike/8387606_03.jpg
FRUITSFAMILY,10307823,Nike,Nike,Nike Shox Tl 코트블루 290,80000,,290,"3회착용

리플렉티브 
후레시 키면 스카치라이트

나코탭",False,https://fruitsfamily.com/product/64xkf/nike-shox-tl-%EC%BD%94%ED%8A%B8%EB%B8%94%EB%A3%A8-290,2026-08-03,https://image.production.fruitsfamily.com/public/product/resized%40width620/9mItwKZ0w-60c16f7b9f3f.jpg|https://image.production.fruitsfamily.com/public/product/resized%40width620/MQ4_onq2ib-88314f8c0407.jpg|https://image.production.fruitsfamily.com/public/product/resized%40width620/AnGw6UyhsA-528277993c56.jpg|https://image.production.fruitsfamily.com/public/product/resized%40width620/abBVXhXM6H-dd4307300390.jpg|https://image.production.fruitsfamily.com/public/product/resized%40width620/puxudUAfA3-3d9717439ce4.jpg|https://image.production.fruitsfamily.com/public/product/resized%40width620/vn86NdudLy-d68c4562c2f4.jpg|https://image.production.fruitsfamily.com/public/product/resized%40width620/XgIW8cepjo-e837aad66c93.jpg|https://image.production.fruitsfamily.com/public/product/resized%40width620/59YGgWtq94-5902e42d4de4.jpg,data/images/nike/10307823_01.jpg|data/images/nike/10307823_02.jpg|data/images/nike/10307823_03.jpg
FRUITSFAMILY,4477521,Nike,Nike,나이키  덴헴 에어맥스 90,120000,150000,235,"235 사이즈 

나이키코리아 공식 홈페이지에서 구매후 몇 번 안 신어 깨끗해요",False,https://fruitsfamily.com/product/2nyvl/%EB%82%98%EC%9D%B4%ED%82%A4-%EB%8D%B4%ED%97%B4-%EC%97%90%EC%96%B4%EB%A7%A5%EC%8A%A4-90,2026-08-03,https://image.production.fruitsfamily.com/public/product/resized%40width620/wF2hKgAgJs-7FBFABA2-A0A7-469B-9762-FB026967B91A.jpg|https://image.production.fruitsfamily.com/public/product/resized%40width620/l9v721gBwk-68DA2A5E-ED18-4C93-844F-301F645F5531.jpg|https://image.production.fruitsfamily.com/public/product/resized%40width620/ZHRea4jcaw-87197428-9B0D-4417-B3FC-7224B4A41684.jpg|https://image.production.fruitsfamily.com/public/product/resized%40width620/9dnxd2d99Z-5067A3C2-C618-4864-980A-10B54691EFF9.jpg,data/images/nike/4477521_01.jpg|data/images/nike/4477521_02.jpg|data/images/nike/4477521_03.jpg
FRUITSFAMILY,8571162,Nike,Nike,levi's airmax95 리바이스 에어맥스 250,170000,200000,250,"박스 없이 신발단품+여분 끈 (레드,블랙) 구성입니다. 

보시다시피 하자 없이 좋은 컨디션입니다. 
착화감 너무 좋고 리바이스 레드탭 포인트 좋습니다. 

구매하실 분만 에눌 편히 제시해보십시오.",False,https://fruitsfamily.com/product/53pju/levi-s-airmax95-%EB%A6%AC%EB%B0%94%EC%9D%B4%EC%8A%A4-%EC%97%90%EC%96%B4%EB%A7%A5%EC%8A%A4-250,2026-08-03,https://image.production.fruitsfamily.com/public/product/resized%40width620/zBsuTULUzH-4FA0A3E5-A482-49A0-8FDE-8781FD064D13.jpg|https://image.production.fruitsfamily.com/public/product/resized%40width620/l5qkX1duof-ED8E0C2C-266A-4454-B864-A1AF2D48373A.jpg|https://image.production.fruitsfamily.com/public/product/resized%40width620/uKRZAChSYQ-4EFFDFC7-3A96-4A21-A5C9-EC29A5600D46.jpg|https://image.production.fruitsfamily.com/public/product/resized%40width620/qmmCRquc58-89042707-4E26-4677-B2B8-4F41EAB7B533.jpg|https://image.production.fruitsfamily.com/public/product/resized%40width620/fLxeQTSmTE-D9B643B2-D841-4B13-AC0B-DFA9F0627A96.jpg|https://image.production.fruitsfamily.com/public/product/resized%40width620/08km6uyxJ1-028223DA-A98E-4B01-B2D9-B0F36424BEE8.jpg|https://image.production.fruitsfamily.com/public/product/resized%40width620/lvWqQCqRs9-48D936BD-16CA-4331-9C49-6B5EF3443383.jpg|https://image.production.fruitsfamily.com/public/product/resized%40width620/tGFbAxfnRt-B48AAB97-F4DA-4D4C-B1DB-F021654E406B.jpg|https://image.production.fruitsfamily.com/public/product/resized%40width620/Su2TdiUuD6-658871C4-9EA2-41B4-9B6B-D6087F4A089C.jpg,data/images/nike/8571162_01.jpg|data/images/nike/8571162_02.jpg|data/images/nike/8571162_03.jpg
FRUITSFAMILY,7829163,Nike,Nike,나이키 토탈 90 3 SP 메탈릭 플래티넘 화이트,85000,,250,"사이즈 미스로 판매합니다
시착 한번했습니다

사이즈 250입니다

편하게 연락주세요!",False,https://fruitsfamily.com/product/4nt0r/%EB%82%98%EC%9D%B4%ED%82%A4-%ED%86%A0%ED%83%88-90-3-sp-%EB%A9%94%ED%83%88%EB%A6%AD-%ED%94%8C%EB%9E%98%ED%8B%B0%EB%84%98-%ED%99%94%EC%9D%B4%ED%8A%B8,2026-08-03,https://image.production.fruitsfamily.com/public/product/resized%40width620/za4f3V7ugm-08A708EC-418A-47BA-BD17-BA1C4A146B46.jpg|https://image.production.fruitsfamily.com/public/product/resized%40width620/zRbI1gFwWo-A4EB1F21-601A-4D5F-BACA-2D6839418CCF.jpg|https://image.production.fruitsfamily.com/public/product/resized%40width620/Z3gMoOi1Jc-14C44D7B-B69B-4979-A2FE-0E0B000130DC.jpg,data/images/nike/7829163_01.jpg|data/images/nike/7829163_02.jpg|data/images/nike/7829163_03.jpg
FRUITSFAMILY,8133502,Nike,Nike,트래비스 스캇 에어포스 로우 300,155000,200000,300,"나이키 x 트래비스 스캇 에어포스 1 로우 캑터스 잭 300사이즈
BGZT lab 구매제품

신발 정리로 판매합니다

박스, 나코택, 여분끈, 덮개 o

쿨거시 택포",False,https://fruitsfamily.com/product/4ubum/%ED%8A%B8%EB%9E%98%EB%B9%84%EC%8A%A4-%EC%8A%A4%EC%BA%87-%EC%97%90%EC%96%B4%ED%8F%AC%EC%8A%A4-%EB%A1%9C%EC%9A%B0-300,2026-08-03,https://image.production.fruitsfamily.com/public/product/resized%40width620/syeUZMtJnv-E22E7E8B-A375-49D0-95EC-C1E08D338B52.jpg|https://image.production.fruitsfamily.com/public/product/resized%40width620/lllnbavIq0-941A1A82-9EBB-467E-9D3A-E95DA1AD05C7.jpg|https://image.production.fruitsfamily.com/public/product/resized%40width620/gz2-LTltq0-4CABD5CF-8AE9-46F6-A32D-14AF3975FAD6.jpg|https://image.production.fruitsfamily.com/public/product/resized%40width620/KvWC3Q7eov-DA72C0AE-A16E-44F5-99F2-CCAC20527A09.jpg|https://image.production.fruitsfamily.com/public/product/resized%40width620/R4IzdZFgGi-DF69D686-5961-4863-8481-8457C7A7C355.jpg|https://image.production.fruitsfamily.com/public/product/resized%40width620/tWfgquUrVC-C11E1B3C-9E44-4FCC-A05F-2DFAAEC2090A.jpg|https://image.production.fruitsfamily.com/public/product/resized%40width620/-O6mTNPloMk-E362835C-BB73-4B3F-ACFC-D0EB53243B20.jpg|https://image.production.fruitsfamily.com/public/product/resized%40width620/KJYgkszI5b0-BF6E337D-D72A-4162-8D50-B34A2FE4ABD0.jpg|https://image.production.fruitsfamily.com/public/product/resized%40width620/0o6RHDU-9ON-7150FB9B-91DE-41A8-BD00-E1ACD872FB77.jpg|https://image.production.fruitsfamily.com/public/product/resized%40width620/mPgYk9geBzJ-D1A35872-6337-4C14-8830-1DFD434527CA.jpg,data/images/nike/8133502_01.jpg|data/images/nike/8133502_02.jpg|data/images/nike/8133502_03.jpg
FRUITSFAMILY,10062061,Nike,Nike,새상품 나이키 자3 커스텀 농구화 235,162000,180000,235,"사이즈 맞는지만 확인후 한번도 안신었어요 농구 접어서 판매합니다

230~235추천",False,https://fruitsfamily.com/product/5znxp/%EC%83%88%EC%83%81%ED%92%88-%EB%82%98%EC%9D%B4%ED%82%A4-%EC%9E%903-%EC%BB%A4%EC%8A%A4%ED%85%80-%EB%86%8D%EA%B5%AC%ED%99%94-235,2026-08-03,https://image.production.fruitsfamily.com/public/product/resized%40width620/m4fZ6cQeH-35dfe47fc971.jpg|https://image.production.fruitsfamily.com/public/product/resized%40width620/5OaPCBywDu-bd68fbb5f18c.jpg|https://image.production.fruitsfamily.com/public/product/resized%40width620/IHbyH1cWsX-f04505f655bd.jpg,data/images/nike/10062061_01.jpg|data/images/nike/10062061_02.jpg|data/images/nike/10062061_03.jpg
FRUITSFAMILY,9105233,Adidas,Adidas,아디다스 토바코 275,70000,100000,275,"아디다스 토바코 275 사이즈 입니다
 
크림에서 구매했고 사용감 조금 있습니다",False,https://fruitsfamily.com/product/5f5n5/%EC%95%84%EB%94%94%EB%8B%A4%EC%8A%A4-%ED%86%A0%EB%B0%94%EC%BD%94-275,2026-08-03,https://image.production.fruitsfamily.com/public/product/resized%40width620/fNh0yPlns-3be03c05e50b.jpg|https://image.production.fruitsfamily.com/public/product/resized%40width620/XbU-_eYC7-152594edb319.jpg|https://image.production.fruitsfamily.com/public/product/resized%40width620/JABuTnqX5-08ce4b53ae98.jpg|https://image.production.fruitsfamily.com/public/product/resized%40width620/kmgCWqVA3Q-d02d1054fb9e.jpg|https://image.production.fruitsfamily.com/public/product/resized%40width620/LV_eXp9tKj-a4c0644303fc.jpg,data/images/adidas/9105233_01.jpg|data/images/adidas/9105233_02.jpg|data/images/adidas/9105233_03.jpg
FRUITSFAMILY,10306507,Adidas,Adidas,아디다스 슈퍼스타 프리미엄 FV2832 (270),150000,,270,"사이즈 : 270 (US 9)
컨디션 : 9/10

기본 끈(실버)으로 1회착, 구입한 흰 끈으로 1회착
총 2회 정도 착용한 제품으로
크게 사용 흔적 조차도 없는 초민트급 컨디션입니다.
크림에서 30~40만원대에 거래되고 있는 제품으로
빠른 판매를 위해 좋은 가격에 판매합니다.",False,https://fruitsfamily.com/product/64wjv/%EC%95%84%EB%94%94%EB%8B%A4%EC%8A%A4-%EC%8A%88%ED%8D%BC%EC%8A%A4%ED%83%80-%ED%94%84%EB%A6%AC%EB%AF%B8%EC%97%84-fv2832-270,2026-08-03,https://image.production.fruitsfamily.com/public/product/resized%40width620/2kHPK45Yt-3b69a5ca3ed6.jpg|https://image.production.fruitsfamily.com/public/product/resized%40width620/nj1C77dsOs-2159f80d3a35.jpg|https://image.production.fruitsfamily.com/public/product/resized%40width620/j1iQDX5hpa-953150356bd5.jpg|https://image.production.fruitsfamily.com/public/product/resized%40width620/FcjUSNjQOb-54670e973ff1.jpg,data/images/adidas/10306507_01.jpg|data/images/adidas/10306507_02.jpg|data/images/adidas/10306507_03.jpg
FRUITSFAMILY,10211090,Adidas,Adidas,[270] 아디다스 가젤 컬리지에이트 그린,89000,109000,270,"5회정도 착용한 제품입니다.
상태 완전 굿이고 하자 없습니다.
여분끈 같이 드립니다.

매물이 없습니다. 해",False,https://fruitsfamily.com/product/62uxe/270-%EC%95%84%EB%94%94%EB%8B%A4%EC%8A%A4-%EA%B0%80%EC%A0%A4-%EC%BB%AC%EB%A6%AC%EC%A7%80%EC%97%90%EC%9D%B4%ED%8A%B8-%EA%B7%B8%EB%A6%B0,2026-08-03,https://image.production.fruitsfamily.com/public/product/resized%40width620/eEqX4v_QA-916ba7ccfd49.jpg|https://image.production.fruitsfamily.com/public/product/resized%40width620/F8Gf29qgi6-fcd753ca760b.jpg|https://image.production.fruitsfamily.com/public/product/resized%40width620/dfe8uAD4xV-4355a8299c35.jpg|https://image.production.fruitsfamily.com/public/product/resized%40width620/UsayjqrfSG-2721a311f8f1.jpg|https://image.production.fruitsfamily.com/public/product/resized%40width620/lNIAs4AFbo-e8957e5ba7e5.jpg|https://image.production.fruitsfamily.com/public/product/resized%40width620/laXjyP0Fe0-efaed7d4d498.jpg|https://image.production.fruitsfamily.com/public/product/resized%40width620/hG5Fa77E4b-41a32b0d2c5e.jpg|https://image.production.fruitsfamily.com/public/product/resized%40width620/EqmtLkSGF9-c573ca802d84.jpg|https://image.production.fruitsfamily.com/public/product/resized%40width620/ec4dImOPY-099557e7dcbe.jpg,data/images/adidas/10211090_01.jpg|data/images/adidas/10211090_02.jpg|data/images/adidas/10211090_03.jpg
FRUITSFAMILY,9962361,Adidas,Adidas,230) 아디다스 삼바 헤일로 블루,210000,239000,230,"1~2회 착용으로 상태 좋습니다!
신발박스는 버려서 다른 신발박스에 포장해 택배 보내드립니다!! 안전하게 포장해서 보내드릴게요🤍",False,https://fruitsfamily.com/product/5xj09/230-%EC%95%84%EB%94%94%EB%8B%A4%EC%8A%A4-%EC%82%BC%EB%B0%94-%ED%97%A4%EC%9D%BC%EB%A1%9C-%EB%B8%94%EB%A3%A8,2026-08-03,https://image.production.fruitsfamily.com/public/product/resized%40width620/VQCgMdafF-97c05dc8e1af.jpg|https://image.production.fruitsfamily.com/public/product/resized%40width620/nA3VdY2_NI-dfb028774957.jpg|https://image.production.fruitsfamily.com/public/product/resized%40width620/t5kQYPSdxG-65e2e6e52900.jpg|https://image.production.fruitsfamily.com/public/product/resized%40width620/1qJVP4gp9r-fd82722988d0.jpg|https://image.production.fruitsfamily.com/public/product/resized%40width620/X9srJ7bxl6-780721d7536b.jpg|https://image.production.fruitsfamily.com/public/product/resized%40width620/JEfC7LlZ_0-04b6d0360463.jpg|https://image.production.fruitsfamily.com/public/product/resized%40width620/XtBY187lh6-b41b6b8e52d7.jpg|https://image.production.fruitsfamily.com/public/product/resized%40width620/VZk9dMDulv-c051790e4b3a.jpg|https://image.production.fruitsfamily.com/public/product/resized%40width620/0Ymw-bBKZt-569cb165bfa4.jpg,data/images/adidas/9962361_01.jpg|data/images/adidas/9962361_02.jpg|data/images/adidas/9962361_03.jpg
FRUITSFAMILY,2562631,Adidas,Adidas,아디다스 SL72 그린 275,35000,50000,275,"-사이즈 275

-실착 2~3회 정도의 거의 새상품입니다",False,https://fruitsfamily.com/product/1ixc7/%EC%95%84%EB%94%94%EB%8B%A4%EC%8A%A4-sl72-%EA%B7%B8%EB%A6%B0-275,2026-08-04,https://image.production.fruitsfamily.com/public/product/resized%40width620/TAYWuvfmRw-B52A6AD2-1017-4369-BA9F-0AEEC7C5CB98.jpg,data/images/adidas/2562631_01.jpg
FRUITSFAMILY,10372224,New Balance,New Balance,뉴발란스1906L 275,120000,130000,275,"실착 4회 정도로 착용 횟수 적습니다.
사진처럼 전체적으로 상태 좋으며 큰 오염이나 
하자는 없습니다 밑창 마모도 없습니다
사이즈 미스로 팔아요",False,https://fruitsfamily.com/product/66b9c/%EB%89%B4%EB%B0%9C%EB%9E%80%EC%8A%A41906l-275,2026-08-04,https://image.production.fruitsfamily.com/public/product/resized%40width620/YgmYnsyDk-8fd83f61e6b5.jpg|https://image.production.fruitsfamily.com/public/product/resized%40width620/zeNOO0NG0G-2ce5084b5c87.jpg|https://image.production.fruitsfamily.com/public/product/resized%40width620/YCp1_QjVmS-141aa46ef6ff.jpg|https://image.production.fruitsfamily.com/public/product/resized%40width620/XDeq4pDPvp-be5049a1f8fe.jpg,data/images/new_balance/10372224_01.jpg|data/images/new_balance/10372224_02.jpg|data/images/new_balance/10372224_03.jpg
FRUITSFAMILY,10289696,New Balance,New Balance,New Balance Kave Brown,88000,110000,290,"뉴발란스 케이브
남색/하늘색 컬러입니다.
실착 5회 정도이며
발볼이 매우 넓게 나온 제품입니다.

추구미가 달라져 잘 신자 않게되어 판매합니다.",False,https://fruitsfamily.com/product/64jkw/new-balance-kave-brown,2026-08-04,https://image.production.fruitsfamily.com/public/product/resized%40width620/nlbpYkcf5-77ed06e52137.jpg|https://image.production.fruitsfamily.com/public/product/resized%40width620/HxYWEeZfNl-0aa287b9e8b2.jpg|https://image.production.fruitsfamily.com/public/product/resized%40width620/U8da_A_uam-8a0e1703d851.jpg,data/images/new_balance/10289696_01.jpg|data/images/new_balance/10289696_02.jpg|data/images/new_balance/10289696_03.jpg
FRUITSFAMILY,9820918,New Balance,New Balance,뉴발란스 2002R 네이비 275 풀박스,77000,,275,"뉴발란스 2002R 네이비 색상 275 사이즈 판매해요
풀박스이며 편하게 꽉끈하려고 따로 구매한 고무끈으로 교체 되어 있는데 원하시면 박스안에 기본끈들 있어서 교체 하시면 됩니다 😊

상태 좋고 하자 없습니다.",False,https://fruitsfamily.com/product/5uhva/%EB%89%B4%EB%B0%9C%EB%9E%80%EC%8A%A4-2002r-%EB%84%A4%EC%9D%B4%EB%B9%84-275-%ED%92%80%EB%B0%95%EC%8A%A4,2026-08-04,https://image.production.fruitsfamily.com/public/product/resized%40width620/pgsdojnar-d812d05f8e38.jpg|https://image.production.fruitsfamily.com/public/product/resized%40width620/oh7awRqJOR-406513fa457a.jpg|https://image.production.fruitsfamily.com/public/product/resized%40width620/HWF_KCm7cY-038f302fdb63.jpg|https://image.production.fruitsfamily.com/public/product/resized%40width620/UYDBO1wT9e-7bde1b7c43d7.jpg|https://image.production.fruitsfamily.com/public/product/resized%40width620/3uU6kr23M6-81f4fdf09861.jpg,data/images/new_balance/9820918_01.jpg|data/images/new_balance/9820918_02.jpg|data/images/new_balance/9820918_03.jpg
FRUITSFAMILY,8754363,New Balance,New Balance,New balance teddy santis 990v3 295,159000,259000,295,"뉴발란스 X 테디 산티스
990v3

크림 구매
구매 후 5번 정도 신었습니다
인솔 프린팅 살아있습니다
눈에 띄는 하자나 오염 없습니다",False,https://fruitsfamily.com/product/57mwr/new-balance-teddy-santis-990v3-295,2026-08-04,https://image.production.fruitsfamily.com/public/product/resized%40width620/jsctwrQ-L8-178CF145-8D51-42F4-B444-76BF85D2AF8A.jpg|https://image.production.fruitsfamily.com/public/product/resized%40width620/hHdQ4xEd9m-FE2798DF-0F75-4848-8274-AE7D168173CA.jpg|https://image.production.fruitsfamily.com/public/product/resized%40width620/b3g73L6I4c-7ED49F61-5206-4213-8112-2F436DD97DC2.jpg|https://image.production.fruitsfamily.com/public/product/resized%40width620/lz9Y9YPa02-50320380-CFA8-45C4-A1A9-1063CF4B1718.jpg|https://image.production.fruitsfamily.com/public/product/resized%40width620/0tVaaAEbEW-38A568BE-820D-4E88-AF48-0DF37FB5F893.jpg|https://image.production.fruitsfamily.com/public/product/resized%40width620/kxLYUPDIzM-FCD33719-8A4F-4FA1-ABC7-735C566226FB.jpg|https://image.production.fruitsfamily.com/public/product/resized%40width620/R6U-DIrnvY-C769137A-A34E-461F-9F98-40D94A6A8650.jpg|https://image.production.fruitsfamily.com/public/product/resized%40width620/L8DPNzTwL5-0D5EDF47-9493-4D7F-BD85-485EC973D66E.jpg|https://image.production.fruitsfamily.com/public/product/resized%40width620/0WFOeFm5ZN-3C743646-F335-4831-836A-53AFAF960EFE.jpg,data/images/new_balance/8754363_01.jpg|data/images/new_balance/8754363_02.jpg|data/images/new_balance/8754363_03.jpg
FRUITSFAMILY,8535335,New Balance,New Balance,(260) 뉴발란스x제이크루 992 8D,359000,,260,"•실측 꼭 확인 부탁드립니다.
•중고거래 특성상 교환 및 환불 X
•충분히 고민 후 구매 결정 부탁드립니다
•직거래 언제든지 환영 (군산 조촌동)
•찔러보기 및 사이즈 문의 차단
•매너있는 거래 부탁드립니다 

카페트 사무실 1회 착용 새상품이라고 보셔도 무방합니다 뒷굼 마모방지 패드 부착되어있음
흰색 끈으로 바꾸어놓았고
박스,오리지널 끈 2개 풀구성입니다.",False,https://fruitsfamily.com/product/52xwn/260-%EB%89%B4%EB%B0%9C%EB%9E%80%EC%8A%A4x%EC%A0%9C%EC%9D%B4%ED%81%AC%EB%A3%A8-992-8d,2026-08-04,https://image.production.fruitsfamily.com/public/product/resized%40width620/enX1CdI3Ae-42B2CFE5-7401-46BA-B5D6-582B0F8A2213.jpg|https://image.production.fruitsfamily.com/public/product/resized%40width620/5UjEpgf1q8-CE42BA7B-8E26-43BB-9FFB-56EEABC68193.jpg|https://image.production.fruitsfamily.com/public/product/resized%40width620/oX2LZ0nJYe-93632C06-6FD7-4ED7-B5E8-6F72A8197657.jpg|https://image.production.fruitsfamily.com/public/product/resized%40width620/4JX_Xu63YA-1B7F08F5-DD15-4650-8328-F84DECB6420D.jpg|https://image.production.fruitsfamily.com/public/product/resized%40width620/495MK2-Zs4-B111D5E8-96DC-463F-AF0F-648153FD1FC1.jpg|https://image.production.fruitsfamily.com/public/product/resized%40width620/svWWPQBdE4-396F982A-163C-493F-9AB0-1A79FF169F29.jpg|https://image.production.fruitsfamily.com/public/product/resized%40width620/c5ozHIZKVK-19EC445B-7043-4B1B-A1D0-C3AE2E950BF2.jpg,data/images/new_balance/8535335_01.jpg|data/images/new_balance/8535335_02.jpg|data/images/new_balance/8535335_03.jpg
FRUITSFAMILY,10395797,New Balance,New Balance,[270] 뉴발란스 991v2 메이드 인 UK 미네랄 그린 컴프리,200000,,270,"구매해놓고 1번 신었습니다 

상태 자부합니다",False,https://fruitsfamily.com/product/66tg5/270-%EB%89%B4%EB%B0%9C%EB%9E%80%EC%8A%A4-991v2-%EB%A9%94%EC%9D%B4%EB%93%9C-%EC%9D%B8-uk-%EB%AF%B8%EB%84%A4%EB%9E%84-%EA%B7%B8%EB%A6%B0-%EC%BB%B4%ED%94%84%EB%A6%AC,2026-08-04,https://image.production.fruitsfamily.com/public/product/resized%40width620/e4N62XAXx-a4e4714269bc.jpg|https://image.production.fruitsfamily.com/public/product/resized%40width620/cjNenynmF2-477254f3654f.jpg|https://image.production.fruitsfamily.com/public/product/resized%40width620/PUP8YxSsZ1-8b245b85221f.jpg|https://image.production.fruitsfamily.com/public/product/resized%40width620/tS2huihv9n-cab331d30fa8.jpg,data/images/new_balance/10395797_01.jpg|data/images/new_balance/10395797_02.jpg|data/images/new_balance/10395797_03.jpg
FRUITSFAMILY,8541515,New Balance,New Balance,(235)뉴발란스 주니어  530 스틸 그레이[대전 직거래도 가능],109000,,235,"안녕하세요 저의 상품은 두가지 방법으로 구매 가능하십니다

1.대전 직거래
(장소:대전 유성구 복용파출소 앞)-10만5000원
                           - 저와 직거래시 장점-
(1)신어보시고 구매 가능해서 착화감 확인이 가능하고
사이즈 미스 없는 구매가 가능합니다
(2)15분~1시간만에 구매가 가능해서 온라인 구매보다 훨씬 빠른 구매가 가능합니다
(3)안전한 직거래 장소(파출소 바로 앞)
(4)자차를 가져오시는분은 잠시 주.정차 하실 널널한 공간
(5)천장이 있는 벤치가 있어 앉아서 신어보실 수 있고 비가 와도 편하게 거래가 가능합니다
(6)신발 주걱 제공
(7)메시지를 확인하면 늦은 새벽에도 거래 가능합니다
(8)구매시 교통비 3000원 상품가격에서 할인
(9)오프라인 매장에서 구매한 상품이라면 영수증을 보여드립니다
(10)상품과 최대한 근접한 오프라인 정품 매장 종이백에 상품을 넣어드립니다

2.택배 거래(이마트24 롯데택배)-10만9000원
(1)빠른배송
(월화수목금 중 집하 완료시 평균적으로 1일 후 도착 택배사의 사정이 있다면 늦어질수도 있습니다 주말,공휴일 제외)
(2)CCTV가 설치된 편의점에서 상품 사진 최대 120장 실시간 사진 전송해드립니다 택배로 받아 볼 상품을 사진으로 미리 확인해보세요
(3)무료배송으로 배송비 3490원은 판매자인 제가 부담합니다
(4)요청시 정품 오프라인 매장 종이백을 같이 넣어드립니다

-상품 정보-
구매처:뉴발란스 공식 온라인스토어(정품)

모델명:뉴발란스 주니어 530 스틸 그레이

사이즈:235(성인여성도 착화 가능)

#230 #240 #GZ530KA #Daejeon #신발 #운동화 #초등 #중등",False,https://fruitsfamily.com/product/532ob/235-%EB%89%B4%EB%B0%9C%EB%9E%80%EC%8A%A4-%EC%A3%BC%EB%8B%88%EC%96%B4-530-%EC%8A%A4%ED%8B%B8-%EA%B7%B8%EB%A0%88%EC%9D%B4-%EB%8C%80%EC%A0%84-%EC%A7%81%EA%B1%B0%EB%9E%98%EB%8F%84-%EA%B0%80%EB%8A%A5,2026-08-04,https://image.production.fruitsfamily.com/public/product/resized%40width620/SnI0pt9Jw-1775198163411.jpg|https://image.production.fruitsfamily.com/public/product/resized%40width620/G_QZ_iiyU0-1775198163450.jpg|https://image.production.fruitsfamily.com/public/product/resized%40width620/LvQ2aEVPDG-1775198163478.jpg|https://image.production.fruitsfamily.com/public/product/resized%40width620/zhbLMpWRGU-1775198163507.jpg|https://image.production.fruitsfamily.com/public/product/resized%40width620/Xl8rV0tKEz-1775198163535.jpg|https://image.production.fruitsfamily.com/public/product/resized%40width620/JXufs1cQ0T-1775198163565.jpg|https://image.production.fruitsfamily.com/public/product/resized%40width620/J6zf4pljGp-1775198163595.jpg|https://image.production.fruitsfamily.com/public/product/resized%40width620/l6LsUOXQc4-1775198163625.jpg|https://image.production.fruitsfamily.com/public/product/resized%40width620/JHcJ6HUj9q-1775198163656.jpg|https://image.production.fruitsfamily.com/public/product/resized%40width620/5UbuAtFZgH-1775198163675.jpg,data/images/new_balance/8541515_01.jpg|data/images/new_balance/8541515_02.jpg|data/images/new_balance/8541515_03.jpg
FRUITSFAMILY,7652045,New Balance,New Balance,(255)뉴발란스 530 화이트 실버[대전 직거래도 가능],129000,,255,"안녕하세요 저의 상품은 두가지 방법으로 구매 가능하십니다

1.대전 직거래(장소:대전 유성구 복용파출소 앞)-11만9000원
                           - 저와 직거래시 장점-
(1)신어보시고 구매 가능해서 착화감 확인이 가능하고
사이즈 미스 없는 구매가 가능합니다
(2)15분~1시간만에 구매가 가능해서 온라인 구매보다 훨씬 빠른 구매가 가능합니다
(3)안전한 직거래 장소(파출소 바로 앞)
(4)자차를 가져오시는분은 잠시 주.정차 하실 널널한 공간
(5)천장이 있는 벤치가 있어 앉아서 신어보실 수 있고 비가 와도 편하게 거래가 가능합니다
(6)신발 주걱 제공
(7)메시지를 확인하면 늦은 새벽에도 거래 가능합니다
(8)구매시 교통비 3000원 상품가격에서 할인
(9)오프라인 매장에서 구매한 상품이라면 영수증을 보여드립니다
(10)상품과 최대한 근접한 오프라인 정품 매장 종이백에 상품을 넣어드립니다

2.택배 거래(이마트24 롯데택배)-12만9000원
(1)빠른배송
(월화수목금 중 집하 완료시 평균적으로 1일 후 도착 택배사의 사정이 있다면 늦어질수도 있습니다 주말,공휴일 제외)
(2)CCTV가 설치된 편의점에서 상품 사진 최대 120장 실시간 사진 전송해드립니다 택배로 받아 볼 상품을 사진으로 미리 확인해보세요
(3)무료배송으로 배송비 3490원은 판매자인 제가 부담합니다
(4)요청시 정품 오프라인 매장 종이백을 같이 넣어드립니다

-상품 정보-
구매처:뉴발란스 공식 온라인스토어(정품)

모델명:뉴발란스 530 화이트 실버

사이즈:255

AI가 알려준 제품 특징

이 신발은 2000년대 레트로 러닝화의 정석이라 불리며, '꾸안꾸(꾸민 듯 안 꾸민 듯)' 스타일의 필수 아이템으로 자리 잡았죠.

​## 주요 특징 및 디자인
​레트로 감성: 2000년대 헤리티지 러닝화를 현대적으로 재해석한 디자인입니다. 적당히 투박하면서도 세련된 실루엣이 매력적이에요.
​컬러 조합: 깔끔한 화이트 메쉬 바탕에 번쩍이지 않는 차분한 실버 오버레이가 들어가 있어 어떤 옷에도 매치가 잘 됩니다.
​통기성: 어퍼 대부분이 에어 메쉬 소재로 되어 있어 발에 땀이 덜 차고 여름철에도 쾌적하게 신을 수 있습니다.

​### 기술력과 착화감
​ABZORB(애브조브) 미드솔: 뉴발란스의 핵심 쿠셔닝 기술인 애브조브가 적용되어 충격 흡수가 뛰어납니다. 장시간 걸어도 발의 피로도가 확실히 낮아요.
​초경량성: 겉보기에는 볼륨감이 있어 보이지만, 실제로 들어보면 깜짝 놀랄 만큼 가볍습니다.
​안정성: 러닝화 기반의 설계 덕분에 발을 안정적으로 잡아줍니다.

​### 사이즈 및 스타일링 팁
​사이즈 추천: 보통 정사이즈보다 살짝 여유 있게 나온 편입니다. 발볼이 넓지 않다면 반 사이즈(5mm) 다운을, 넉넉하게 꽉 끈(끈을 꽉 조여 매는 스타일)을 원하시면 정사이즈를 추천해요.

교환 환불
대전 직거래:상품 상태 확인 하실 여유로운 시간도 드리고 신어보시고 구매하게 해드리니 거래 후 교환,환불 불가합니다

택배거래:상품 사진 실시간 전송 중 하자 발견시 거래 취소 가능합니다 발송 후에는 교환,환불 불가합니다

#250 #260 #newbalance #NB #Daejeon #신발 #운동화",False,https://fruitsfamily.com/product/4k0ct/255-%EB%89%B4%EB%B0%9C%EB%9E%80%EC%8A%A4-530-%ED%99%94%EC%9D%B4%ED%8A%B8-%EC%8B%A4%EB%B2%84-%EB%8C%80%EC%A0%84-%EC%A7%81%EA%B1%B0%EB%9E%98%EB%8F%84-%EA%B0%80%EB%8A%A5,2026-08-04,https://image.production.fruitsfamily.com/public/product/resized%40width620/RvHFl79jQP-1770095646064.jpg|https://image.production.fruitsfamily.com/public/product/resized%40width620/1-Es7PnxFf-1770095646140.jpg|https://image.production.fruitsfamily.com/public/product/resized%40width620/tEe-44UihP-1770095646179.jpg|https://image.production.fruitsfamily.com/public/product/resized%40width620/-YbYnvRm4s-1770095646203.jpg|https://image.production.fruitsfamily.com/public/product/resized%40width620/P8HBBDfYFk-1770095646230.jpg|https://image.production.fruitsfamily.com/public/product/resized%40width620/sIG9zXDOJW-1770095646254.jpg|https://image.production.fruitsfamily.com/public/product/resized%40width620/L5tk6oaGX-1770095646276.jpg|https://image.production.fruitsfamily.com/public/product/resized%40width620/dqyUQ-MQbn-1770095646295.jpg|https://image.production.fruitsfamily.com/public/product/resized%40width620/bSvQio63y0-1770095646323.jpg|https://image.production.fruitsfamily.com/public/product/resized%40width620/YaHAIqT-w2-1770095646347.jpg,data/images/new_balance/7652045_01.jpg|data/images/new_balance/7652045_02.jpg|data/images/new_balance/7652045_03.jpg
FRUITSFAMILY,10189288,New Balance,New Balance,뉴발란스 992 USA 코어 블랙 그레이 295 U992BK,260000,,295,"미착용 새신발입니다
박스 상처가 있으니 박스 상태에 민감하신 분은 참고해주세요",False,https://fruitsfamily.com/product/62e3s/%EB%89%B4%EB%B0%9C%EB%9E%80%EC%8A%A4-992-usa-%EC%BD%94%EC%96%B4-%EB%B8%94%EB%9E%99-%EA%B7%B8%EB%A0%88%EC%9D%B4-295-u992bk,2026-08-04,https://image.production.fruitsfamily.com/public/product/resized%40width620/YCsh3Y5dA-5a6891f8d2ce.jpg|https://image.production.fruitsfamily.com/public/product/resized%40width620/GE5IbRqfqj-6055edeb22d0.jpg|https://image.production.fruitsfamily.com/public/product/resized%40width620/FOGdXpZgaV-600691e424a8.jpg|https://image.production.fruitsfamily.com/public/product/resized%40width620/T17lt2KOsA-7da54924e205.jpg|https://image.production.fruitsfamily.com/public/product/resized%40width620/F7dpwhWMGl-0573de8fc3bd.jpg|https://image.production.fruitsfamily.com/public/product/resized%40width620/3GCOk_H79_-0dada0700efd.jpg|https://image.production.fruitsfamily.com/public/product/resized%40width620/vn3BhC9wkk-578ccae7f899.jpg,data/images/new_balance/10189288_01.jpg|data/images/new_balance/10189288_02.jpg|data/images/new_balance/10189288_03.jpg
FRUITSFAMILY,9786258,New Balance,New Balance,(미개봉) 뉴발란스 740 블랙 시멘트 블랙-D 스탠다드,105000,,235,"개봉직전  똑같은거 선물받아 판매해요 ㅠㅠ
사이즈 235 
착화감 편하고 블랙이라 유행안타고 예쁘네요🥹🖤
쿨거래시 무배에요",False,https://fruitsfamily.com/product/5tr4i/%EB%AF%B8%EA%B0%9C%EB%B4%89-%EB%89%B4%EB%B0%9C%EB%9E%80%EC%8A%A4-740-%EB%B8%94%EB%9E%99-%EC%8B%9C%EB%A9%98%ED%8A%B8-%EB%B8%94%EB%9E%99-d-%EC%8A%A4%ED%83%A0%EB%8B%A4%EB%93%9C,2026-08-04,https://image.production.fruitsfamily.com/public/product/resized%40width620/sxBr-pFo5-7622c200b6d1.jpg|https://image.production.fruitsfamily.com/public/product/resized%40width620/-uqFiITgUM-4a6501daa15b.jpg|https://image.production.fruitsfamily.com/public/product/resized%40width620/Oppvc4H_Ga-91b78f5ddd60.jpg|https://image.production.fruitsfamily.com/public/product/resized%40width620/sxeKN-1rM5-436704272fb0.jpg|https://image.production.fruitsfamily.com/public/product/resized%40width620/iC4AqihigQ-0506da198122.jpg|https://image.production.fruitsfamily.com/public/product/resized%40width620/67I9tp4Hwy-44216a8c28e8.jpg|https://image.production.fruitsfamily.com/public/product/resized%40width620/GSpHVgQsJd-719d74428573.jpg|https://image.production.fruitsfamily.com/public/product/resized%40width620/pR3LsWolm1-898c92997527.jpg|https://image.production.fruitsfamily.com/public/product/resized%40width620/69M6dGgfgi-f546e2089fd1.jpg,data/images/new_balance/9786258_01.jpg|data/images/new_balance/9786258_02.jpg|data/images/new_balance/9786258_03.jpg
FRUITSFAMILY,10043674,New Balance,New Balance,[270] 뉴발란스 x 꼼데가르송 옴므 860v2 블랙 화이트,180000,200000,270,"2회착 정도했습니다 상태 확인해 주시고 구매 부탁드립니다!
Paul & friends 해외 편집샵 구매했고 영수증 요청해주시면 보내드립니다.",False,https://fruitsfamily.com/product/5z9qy/270-%EB%89%B4%EB%B0%9C%EB%9E%80%EC%8A%A4-x-%EA%BC%BC%EB%8D%B0%EA%B0%80%EB%A5%B4%EC%86%A1-%EC%98%B4%EB%AF%80-860v2-%EB%B8%94%EB%9E%99-%ED%99%94%EC%9D%B4%ED%8A%B8,2026-08-04,https://image.production.fruitsfamily.com/public/product/resized%40width620/8FvxrbnQO-2b3aa78a8ffa.jpg|https://image.production.fruitsfamily.com/public/product/resized%40width620/WuX8uOzB5J-b927af262575.jpg|https://image.production.fruitsfamily.com/public/product/resized%40width620/O83sQEiwTV-e7a72e6b34de.jpg|https://image.production.fruitsfamily.com/public/product/resized%40width620/19J-AZ-OsB-5b1a3c5cb2a8.jpg|https://image.production.fruitsfamily.com/public/product/resized%40width620/johXh-Bhpc-eb64f1e04a7b.jpg,data/images/new_balance/10043674_01.jpg|data/images/new_balance/10043674_02.jpg|data/images/new_balance/10043674_03.jpg
FRUITSFAMILY,10278382,New Balance,New Balance,뉴발란스993 그레이 made in USA(275),230000,270000,275,"뉴발란스 993 그레이 Made in USA 275 사이즈입니다. 신발 박스 위에 놓여있으며, 상태 좋아 보입니다. 구매 원하시면 바로 안전결제 해주시면 
됩니다!

거의 신지 않은 새 것입니다.

사이즈: USA (9 1/2), EUR(43)",False,https://fruitsfamily.com/product/64aum/%EB%89%B4%EB%B0%9C%EB%9E%80%EC%8A%A4993-%EA%B7%B8%EB%A0%88%EC%9D%B4-made-in-usa-275,2026-08-04,https://image.production.fruitsfamily.com/public/product/resized%40width620/v8E-2IM29-7b991cff4d00.jpg|https://image.production.fruitsfamily.com/public/product/resized%40width620/manyByT3BX-263f309c6620.jpg|https://image.production.fruitsfamily.com/public/product/resized%40width620/inZzCGt1ME-c9bde29fcd49.jpg,data/images/new_balance/10278382_01.jpg|data/images/new_balance/10278382_02.jpg|data/images/new_balance/10278382_03.jpg
FRUITSFAMILY,5756311,New Balance,New Balance,뉴발란스 1300 에임레온도르 더스티핑크 280,380000,,280,뉴발란스 1300 에임레온도르 더스티핑크 280 사이즈 입니다. 2회 짧게 착용한 극미중고 제품으로 이제는 구하기 어려운 사이즈 입니다. 확인하시고 찾으시던 분 연락주세요!,False,https://fruitsfamily.com/product/3fdlj/%EB%89%B4%EB%B0%9C%EB%9E%80%EC%8A%A4-1300-%EC%97%90%EC%9E%84%EB%A0%88%EC%98%A8%EB%8F%84%EB%A5%B4-%EB%8D%94%EC%8A%A4%ED%8B%B0%ED%95%91%ED%81%AC-280,2026-08-04,https://image.production.fruitsfamily.com/public/product/resized%40width620/Epm7SysWdV-1757503682592.jpg|https://image.production.fruitsfamily.com/public/product/resized%40width620/apn7nKFuRv-1757503682614.jpg|https://image.production.fruitsfamily.com/public/product/resized%40width620/apN3x1rtiR-1757503682634.jpg|https://image.production.fruitsfamily.com/public/product/resized%40width620/5Ea5TTp7FG-1757503682653.jpg|https://image.production.fruitsfamily.com/public/product/resized%40width620/97CXY-CdYf-1757503682674.jpg|https://image.production.fruitsfamily.com/public/product/resized%40width620/GYkvFUASVV-1757503682691.jpg|https://image.production.fruitsfamily.com/public/product/resized%40width620/LgbnEPEg5M-1757503682711.jpg,data/images/new_balance/5756311_01.jpg|data/images/new_balance/5756311_02.jpg|data/images/new_balance/5756311_03.jpg
FRUITSFAMILY,9542821,New Balance,New Balance,뉴발란스 993네이비 w10.5 와이드핏,270000,,270,"브랜드 뉴발란스
제품명 993 nv
상태 새상품
사이즈 w10.5 사진참조
색상 네이비
기타 발볼 W (와이드)
우먼즈10.5사이즈입니다. 
와이드핏이라 꽉끈하기 좋습니다.",False,https://fruitsfamily.com/product/5ojad/%EB%89%B4%EB%B0%9C%EB%9E%80%EC%8A%A4-993%EB%84%A4%EC%9D%B4%EB%B9%84-w10-5-%EC%99%80%EC%9D%B4%EB%93%9C%ED%95%8F,2026-08-04,https://image.production.fruitsfamily.com/public/product/resized%40width620/8m_YCijOW-58f129b03b72.jpg|https://image.production.fruitsfamily.com/public/product/resized%40width620/ds2GKp4I_P-777d56c901e6.jpg|https://image.production.fruitsfamily.com/public/product/resized%40width620/-R4agqQof-a415de490d20.jpg|https://image.production.fruitsfamily.com/public/product/resized%40width620/m7_vC0eQL-6a4be55a4660.jpg|https://image.production.fruitsfamily.com/public/product/resized%40width620/LPDOaJOti-81141ec3970c.jpg|https://image.production.fruitsfamily.com/public/product/resized%40width620/ZKNNOoQFEo-dd4ff2e2e6f9.jpg|https://image.production.fruitsfamily.com/public/product/resized%40width620/rJmQij4Gi-56259968f7a0.jpg|https://image.production.fruitsfamily.com/public/product/resized%40width620/JMS1MHu8xP-13913b17f10e.jpg|https://image.production.fruitsfamily.com/public/product/resized%40width620/25M_7_lBW0-f52efbd3f921.jpg|https://image.production.fruitsfamily.com/public/product/resized%40width620/YzWloSvjNs-668b6f9ba953.jpg,data/images/new_balance/9542821_01.jpg|data/images/new_balance/9542821_02.jpg|data/images/new_balance/9542821_03.jpg
FRUITSFAMILY,8568725,New Balance,New Balance,뉴발란스 990v6 다크 카모 리치 오크,216000,270000,260,"모델 번호 : U990CA6
사이즈 : 260
구매처 : GOAT
참고 : 실측 255 여유있으며, 몇번 안신고 밑창만 기본 세탁 완료, 우체국 택배로 뾱뾱이 포장 예정

기타 문의사항은 채팅 부탁드립니다.
감사합니다.",False,https://fruitsfamily.com/product/53no5/%EB%89%B4%EB%B0%9C%EB%9E%80%EC%8A%A4-990v6-%EB%8B%A4%ED%81%AC-%EC%B9%B4%EB%AA%A8-%EB%A6%AC%EC%B9%98-%EC%98%A4%ED%81%AC,2026-08-04,https://image.production.fruitsfamily.com/public/product/resized%40width620/TTzMpUEQTk-1775366883084.jpg|https://image.production.fruitsfamily.com/public/product/resized%40width620/ovyJhyh46-1775366883098.jpg|https://image.production.fruitsfamily.com/public/product/resized%40width620/N-cO7wH_ld-1775366883108.jpg|https://image.production.fruitsfamily.com/public/product/resized%40width620/xy81B4ZsMt-1775366883117.jpg|https://image.production.fruitsfamily.com/public/product/resized%40width620/ahN2EDvuhI-1775366883130.jpg|https://image.production.fruitsfamily.com/public/product/resized%40width620/Evhv3eCwMX-1775366883142.jpg|https://image.production.fruitsfamily.com/public/product/resized%40width620/eNdyCGV35--1775366883156.jpg,data/images/new_balance/8568725_01.jpg|data/images/new_balance/8568725_02.jpg|data/images/new_balance/8568725_03.jpg
FRUITSFAMILY,8672587,New Balance,New Balance,뉴발란스 MT10OAB 운동화 미니머스 실버 230 신발,139500,155000,230,"뉴발란스
실착 4회
깔끔

신발 많아서 팔아오",False,https://fruitsfamily.com/product/55vt7/%EB%89%B4%EB%B0%9C%EB%9E%80%EC%8A%A4-mt10oab-%EC%9A%B4%EB%8F%99%ED%99%94-%EB%AF%B8%EB%8B%88%EB%A8%B8%EC%8A%A4-%EC%8B%A4%EB%B2%84-230-%EC%8B%A0%EB%B0%9C,2026-08-04,https://image.production.fruitsfamily.com/public/product/resized%40width620/jmsTVB5hxZ-ED14D027-614D-4711-B004-C734E32CCA49.jpg|https://image.production.fruitsfamily.com/public/product/resized%40width620/Gdom3BwLUm-F4085973-299C-433D-BEFB-7383FD3DCE9D.jpg|https://image.production.fruitsfamily.com/public/product/resized%40width620/BrtRgWyMps-145D52F8-4E20-4E92-9D3D-C863B795373B.jpg|https://image.production.fruitsfamily.com/public/product/resized%40width620/W2Srx24Wk5-8646D2B9-654B-4515-BF84-D8F4B926B13E.jpg|https://image.production.fruitsfamily.com/public/product/resized%40width620/DQeTus6CrE-DBA05308-EDC0-4462-9A6A-B89B238B3CEB.jpg|https://image.production.fruitsfamily.com/public/product/resized%40width620/2mDQcEjW6t-49ECF755-2E87-4F5F-BCF5-C4849C237C23.jpg|https://image.production.fruitsfamily.com/public/product/resized%40width620/P4Lz1etBtw-F91EA0CF-5283-4B29-B3EC-43034042745B.jpg,data/images/new_balance/8672587_01.jpg|data/images/new_balance/8672587_02.jpg|data/images/new_balance/8672587_03.jpg
FRUITSFAMILY,10346024,New Balance,New Balance,뉴발란스 547 오렌지 280,100000,120000,280,"뉴발란스 547 오렌지 280

새제품X
상태 좋음

직거래 - 영등포로43가길 7
택배도 가능합니다!

●●● 다른 판매 물건도 많습니다 ●●●
●●●  닉네임 클릭하고 구경하기 ●●●",False,https://fruitsfamily.com/product/65r1k/%EB%89%B4%EB%B0%9C%EB%9E%80%EC%8A%A4-547-%EC%98%A4%EB%A0%8C%EC%A7%80-280,2026-08-04,https://image.production.fruitsfamily.com/public/product/resized%40width620/zPZRmfRgW-a3acfd3f4a25.jpg|https://image.production.fruitsfamily.com/public/product/resized%40width620/GgbiUlsCZG-f3d1949c1e1f.jpg|https://image.production.fruitsfamily.com/public/product/resized%40width620/bO84_YTtwE-59d4aa93198c.jpg|https://image.production.fruitsfamily.com/public/product/resized%40width620/q77fLTSBSi-b1a9cd46ac2e.jpg|https://image.production.fruitsfamily.com/public/product/resized%40width620/M--MEiWrmR-32a6937c88d6.jpg|https://image.production.fruitsfamily.com/public/product/resized%40width620/9QphZALQRk-f12c8346aee5.jpg,data/images/new_balance/10346024_01.jpg|data/images/new_balance/10346024_02.jpg|data/images/new_balance/10346024_03.jpg
FRUITSFAMILY,9615145,New Balance,New Balance,뉴발란스 2002R 다크 그레이 280mm,84000,120000,280,"뉴발란스 2002R 다크 그레이 색상 280 사이즈 판매해요
사진에서 보이는 그대로의 제품입니다. 크림에서 37만원에 판매하고 있어요!

비싸게 삿던 제품이라 최대한 깔끔하게 신었어요!
깔끔한 디자인으로 어디에나 잘 어울리고 데일리로 
신기 좋은 운동화 찾는 분들께 추천드려요 :)",False,https://fruitsfamily.com/product/5q33d/%EB%89%B4%EB%B0%9C%EB%9E%80%EC%8A%A4-2002r-%EB%8B%A4%ED%81%AC-%EA%B7%B8%EB%A0%88%EC%9D%B4-280mm,2026-08-04,https://image.production.fruitsfamily.com/public/product/resized%40width620/oNHuMIo5N-b041845eaf7c.jpg|https://image.production.fruitsfamily.com/public/product/resized%40width620/8YObuYBpey-7d3241116631.jpg|https://image.production.fruitsfamily.com/public/product/resized%40width620/ud8O6rMpXY-31c3746558f8.jpg|https://image.production.fruitsfamily.com/public/product/resized%40width620/Qckd4OyEbE-7401db020efb.jpg,data/images/new_balance/9615145_01.jpg|data/images/new_balance/9615145_02.jpg|data/images/new_balance/9615145_03.jpg
FRUITSFAMILY,4284732,New Balance,New Balance,(270)뉴발란스 530 앙고라 크림 실버[대전 직거래도 가능],150000,,270,"안녕하세요 저의 상품은 두가지 방법으로 구매 가능하십니다

1.대전 직거래(장소:대전 유성구 복용파출소 앞)-14만원
                           - 저와 직거래시 장점-
(1)신어보시고 구매 가능해서 착화감 확인이 가능하고
사이즈 미스 없는 구매가 가능합니다
(2)15분~1시간만에 구매가 가능해서 온라인 구매보다 훨씬 빠른 구매가 가능합니다
(3)안전한 직거래 장소(파출소 바로 앞)
(4)자차를 가져오시는분은 잠시 주.정차 하실 널널한 공간
(5)천장이 있는 벤치가 있어 앉아서 신어보실 수 있고 비가 와도 편하게 거래가 가능합니다
(6)신발 주걱 제공
(7)메시지를 확인하면 늦은 새벽에도 거래 가능합니다
(8)구매시 교통비 3000원 상품가격에서 할인
(9)오프라인 매장에서 구매한 상품이라면 영수증을 보여드립니다
(10)상품과 최대한 근접한 오프라인 정품 매장 종이백에 상품을 넣어드립니다

2.택배 거래(이마트24 CJ대한통운 편의점 택배)-15만원
(1)빠른배송
(월화수목금 중 집하 완료시 평균적으로 1일 후 도착 택배사의 사정이 있다면 늦어질수도 있습니다 주말,공휴일 제외)
(2)CCTV가 설치된 편의점에서 상품 사진 최대 120장 실시간 사진 전송해드립니다 택배로 받아 볼 상품을 사진으로 미리 확인해보세요
(3)무료배송으로 배송비 3590원은 판매자인 제가 부담합니다
(4)요청시 정품 오프라인 매장 종이백을 같이 넣어드립니다

-상품 정보-
구매처:뉴발란스 공식 온라인스토어(정품)

모델명:뉴발란스 530 앙고라 크림 실버

사이즈:270

교환 환불
대전 직거래:상품 상태 확인 하실 여유로운 시간도 드리고 신어보시고 구매하게 해드리니 거래 후 교환,환불 불가합니다

택배거래:상품 사진 실시간 전송 중 하자 발견시 거래 취소 가능합니다 발송 후에는 교환,환불 불가합니다

#265 #275 #신발 #운동화 #270 #260 #shoes #런닝 #running #달리기 #US9 ##UK8.5 #EUR42.5 #Angora #MR530GMT #직거래 #빠배",False,https://fruitsfamily.com/product/2ju4c/270-%EB%89%B4%EB%B0%9C%EB%9E%80%EC%8A%A4-530-%EC%95%99%EA%B3%A0%EB%9D%BC-%ED%81%AC%EB%A6%BC-%EC%8B%A4%EB%B2%84-%EB%8C%80%EC%A0%84-%EC%A7%81%EA%B1%B0%EB%9E%98%EB%8F%84-%EA%B0%80%EB%8A%A5,2026-08-04,https://image.production.fruitsfamily.com/public/product/resized%40width620/_qNQwWfPlr-1743663494866.jpg|https://image.production.fruitsfamily.com/public/product/resized%40width620/RYOevV-mbY-1743663494904.jpg|https://image.production.fruitsfamily.com/public/product/resized%40width620/T7GZXXWjib-1743663494934.jpg|https://image.production.fruitsfamily.com/public/product/resized%40width620/EsbzL24Er6-1743663494963.jpg|https://image.production.fruitsfamily.com/public/product/resized%40width620/K7Fip1yJRO-1743663494989.jpg|https://image.production.fruitsfamily.com/public/product/resized%40width620/9dZ4CLAZ1H-1743663495024.jpg|https://image.production.fruitsfamily.com/public/product/resized%40width620/E8kOjJl1sX-1743663495052.jpg|https://image.production.fruitsfamily.com/public/product/resized%40width620/rTthhgpVS1-1743663495079.jpg|https://image.production.fruitsfamily.com/public/product/resized%40width620/l8thlN1Iz1-1743663495102.jpg|https://image.production.fruitsfamily.com/public/product/resized%40width620/PO2--3Ea_5-1743663495130.jpg,data/images/new_balance/4284732_01.jpg|data/images/new_balance/4284732_02.jpg|data/images/new_balance/4284732_03.jpg
FRUITSFAMILY,5906311,New Balance,New Balance,뉴발란스 m990ta1 새제품 285,190000,,285,"새상품이나 박스변색있습니다.

제가 파는 제품은 절대 가격을 내릴 일 없습니다. 그러니 불필요한 네고 문의 하지 마세요. 

택배 포함, 미포함도 전부 가격 고려해서 안내되어 있습니다.
불필요한 소모적 대화 사양합니다.
(사이즈감, 착용 사진 X, 네고, 교환 문의시 차단 )

쿨거래 시 택포 해드립니다. 
당일 우체국 택배 발송

직거래 환영 서울시 성북구 종암동",False,https://fruitsfamily.com/product/3ilc7/%EB%89%B4%EB%B0%9C%EB%9E%80%EC%8A%A4-m990ta1-%EC%83%88%EC%A0%9C%ED%92%88-285,2026-08-04,https://image.production.fruitsfamily.com/public/product/resized%40width620/XSEKeXEdry-A35D7CCA-1EBA-4FEC-813F-7EF6F4FEB590.jpg|https://image.production.fruitsfamily.com/public/product/resized%40width620/nhck72edPa-EA9E567D-26C5-4049-8E0E-D7FF3B23F843.jpg|https://image.production.fruitsfamily.com/public/product/resized%40width620/GfOWmBU4IS-D107B9C4-2508-4CA4-96ED-3252B156E721.jpg|https://image.production.fruitsfamily.com/public/product/resized%40width620/bQ2SejUQv-75860ADB-EC1A-48C8-8ADD-9124D34A30A7.jpg|https://image.production.fruitsfamily.com/public/product/resized%40width620/Zwt-civ9Sx-7B4CD443-25FA-4610-A54B-AF5C67999D93.jpg|https://image.production.fruitsfamily.com/public/product/resized%40width620/iJl-Tk2tDl-9C20BBEC-3775-4C01-AE55-019D84C45323.jpg,data/images/new_balance/5906311_01.jpg|data/images/new_balance/5906311_02.jpg|data/images/new_balance/5906311_03.jpg
FRUITSFAMILY,10412742,OOFOS,OOFOS,우포스 오리지널 플러스 플립플랍 270,80000,,270,"우포스 OOriginal 검정색 270 사이즈 쪼리 플립플랍입니다. 현재 공홈 품절인 제품으로,
편안한 착화감으로 유명한 모델이며, 발의 피로를 풀어주는 데 도움을 줍니다. 
사진과 같이 사용감 거의없는 실착 1회 제품입니다",True,https://fruitsfamily.com/product/676iu/%EC%9A%B0%ED%8F%AC%EC%8A%A4-%EC%98%A4%EB%A6%AC%EC%A7%80%EB%84%90-%ED%94%8C%EB%9F%AC%EC%8A%A4-%ED%94%8C%EB%A6%BD%ED%94%8C%EB%9E%8D-270,2026-08-04,https://image.production.fruitsfamily.com/public/product/resized%40width620/ubshbfdFH-99bdccac01a5.jpg|https://image.production.fruitsfamily.com/public/product/resized%40width620/kP3rpOO_cQ-f89ccc3a7575.jpg|https://image.production.fruitsfamily.com/public/product/resized%40width620/nB9LTag51s-a706fbcfc2a0.jpg|https://image.production.fruitsfamily.com/public/product/resized%40width620/_LWkTl0koR-1e826436a639.jpg|https://image.production.fruitsfamily.com/public/product/resized%40width620/spQZLIRhuC-df8f42c8a778.jpg|https://image.production.fruitsfamily.com/public/product/resized%40width620/CPp4gPgPm6-35f9c09521d2.jpg,data/images/oofos/10412742_01.jpg|data/images/oofos/10412742_02.jpg|data/images/oofos/10412742_03.jpg
FRUITSFAMILY,10401052,OOFOS,OOFOS,"OOFOS 우포스 오리지널 검정 41,터키 개인 결제창",95000,,OS,"36 US M3W5 220
37 US M4W6 230
38 US M5W7 240
39 US M6W8 250
40 US M7W9 255 
41 US M8W10 260
42 US M9W11 270
43 US M10W12 280
44 US M11W13 290

•참고로 우포스는 .5단위 사이즈는 하나만 나오는 관계로 본인 발 사이즈가 5로 끝나시면 일업 권장 드립니다.

•패키지는 2022~2026년형(사진 참고) 폴리백 또는 박스 구성이며 매 입고시마다 랜덤으로 발송 제조국 또한 Korea, Vietnam 랜덤입니다

• 사진 터치후 보시면 신발과,스톤 전컬러 보실수 있습니다.

• 오더시 4~5일 소요 

• 컬러:블랙,노마드,에그녹 외 시중에 판매되고 있는 전 컬러 주문 가능 하나 판매 금액은 상이 할수 있습니다

• 스톤 컬러:블랙,터키,레드 

•네고 문의 답장X

• 2개 이상 구매시 택배비 무료

• 우체국(4000원),일반 편택(3500)

• 주문 예시:블랙 41,레드 스톤 

• 당일 재고가 없을 시 시간이 더 소요될 수 있으니 주문 전 문의하시고 다른 분들 찜하기 돼있는 관계로 문의 없는 결제는 자동 취소됩니다

• 본인 소유 우포스 제품도 작업 가능 (39000원) 왕복 택배비 본인 부담

• 가격은 시즌별 재고 여부에 따라 상이할수 있습니다

⚠️네고 문의 답장 안함,문의 후 잠수 차단",True,https://fruitsfamily.com/product/66xi4/oofos-%EC%9A%B0%ED%8F%AC%EC%8A%A4-%EC%98%A4%EB%A6%AC%EC%A7%80%EB%84%90-%EA%B2%80%EC%A0%95-41-%ED%84%B0%ED%82%A4-%EA%B0%9C%EC%9D%B8-%EA%B2%B0%EC%A0%9C%EC%B0%BD,2026-08-04,https://image.production.fruitsfamily.com/public/product/resized%40width620/UeC2gTVJ3a-776A825C-747A-410E-9BB9-9AA9EBD266E4.jpg|https://image.production.fruitsfamily.com/public/product/resized%40width620/jJNTkzvtRh-FF9342D5-ABFD-4F03-ACED-5CE8B015CDAD.jpg|https://image.production.fruitsfamily.com/public/product/resized%40width620/EJEorVmCrj-D44CE1C4-36CC-412C-B577-F5E0D30E0721.jpg|https://image.production.fruitsfamily.com/public/product/resized%40width620/Zt1LM8f1z-C850A9CA-E1C3-43F9-B469-2DE6D908BA80.jpg|https://image.production.fruitsfamily.com/public/product/resized%40width620/DYM05x8c0X-D91234E4-6EF7-46AB-A4D3-7D68CD5932D7.jpg|https://image.production.fruitsfamily.com/public/product/resized%40width620/lsQzYc__qP-59A53593-CD8B-45F7-8633-D8910A7422CF.jpg|https://image.production.fruitsfamily.com/public/product/resized%40width620/NxQxEo579q-41E80A95-2858-4522-8E2D-C4E2422F7DE9.jpg|https://image.production.fruitsfamily.com/public/product/resized%40width620/RHefZkTOW5-6406DBE4-1B52-48AC-8AA0-E0C2DFD9B432.jpg|https://image.production.fruitsfamily.com/public/product/resized%40width620/Hz-VIOYU5p-9087E283-9CCE-44E9-81C5-091E18ABB5ED.jpg,data/images/oofos/10401052_01.jpg|data/images/oofos/10401052_02.jpg|data/images/oofos/10401052_03.jpg
FRUITSFAMILY,10273660,OOFOS,OOFOS,우포스 솔로이스트 290,130000,,290,"280-290까지 두루 신을 수 있는 사이즈입니다
전면부 미세흠집 제외하면 상태 좋습니다

모든문의 편하게 주세요! 이체시 조금 네고해드립니다
환불 불가능합니다",True,https://fruitsfamily.com/product/6477g/%EC%9A%B0%ED%8F%AC%EC%8A%A4-%EC%86%94%EB%A1%9C%EC%9D%B4%EC%8A%A4%ED%8A%B8-290,2026-08-04,https://image.production.fruitsfamily.com/public/product/resized%40width620/yxEZebq5u-931ac8d91b13.jpg|https://image.production.fruitsfamily.com/public/product/resized%40width620/JNacqoO6xd-850ca1884e83.jpg|https://image.production.fruitsfamily.com/public/product/resized%40width620/FK84CPjlLP-30e4cbf3d248.jpg,data/images/oofos/10273660_01.jpg|data/images/oofos/10273660_02.jpg|data/images/oofos/10273660_03.jpg
FRUITSFAMILY,5486496,OOFOS,OOFOS,우포스 x 디스이즈네버댓 클로그 블랙 270 size,260000,,270,"사업자 아니고 개인 물건 판매하는 사람이에요
개인, 중고거래 특성상 반품,환불 안됩니다
중고이기에 미세한 오염 하자는 있을 수 있어요
직거래,착용샷,에눌,네고, 맞을까요? 문의 주지마세요
소모성 연락 진짜 싫어해요. 바로 차단해요~
합리적인 가격에 양질의 제품 약속해요
네고문의,교환문의 안받습니다
구매 희망하시면 제품정보 숙지 후
결제 하시면 됩니다!!

사이즈 270 US M9 eu 42 size
측정 위치에 따른 약간의 오차 있을 수 있음
밑창 마모 살짝 있으나
외관은 전반적으로 깨끗합니다
불쾌감 없이 착용 가능 합니다
박스풀, 우주 매물
크림 최근 거래가 68만
즉구가 다른사이즈로 90만원대

필요하신분,구매하실분들은
아무말없이 깔끔하게 결제들 해주시기 때문에
소모성 연락에는 답변 못드리는점 양해 부탁드려요",True,https://fruitsfamily.com/product/39leo/%EC%9A%B0%ED%8F%AC%EC%8A%A4-x-%EB%94%94%EC%8A%A4%EC%9D%B4%EC%A6%88%EB%84%A4%EB%B2%84%EB%8C%93-%ED%81%B4%EB%A1%9C%EA%B7%B8-%EB%B8%94%EB%9E%99-270-size,2026-08-04,https://image.production.fruitsfamily.com/public/product/resized%40width620/JAFrKujm0y-281EBBF5-AD98-40BF-92A0-76A165C3DA76.jpg|https://image.production.fruitsfamily.com/public/product/resized%40width620/4aIB2zQdZg-69ED8C93-C003-4689-AEBE-B964E4D32118.jpg|https://image.production.fruitsfamily.com/public/product/resized%40width620/mbJSVT1kDE-47288EE9-5CB6-49E5-984F-BDE94D4E7F1C.jpg|https://image.production.fruitsfamily.com/public/product/resized%40width620/hY_Rd2cm49-7D666C1C-1824-4396-89E0-B6D701CDB152.jpg|https://image.production.fruitsfamily.com/public/product/resized%40width620/Arf8LHP8tr-074BB953-48D3-41FD-905C-63660556ADB0.jpg,data/images/oofos/5486496_01.jpg|data/images/oofos/5486496_02.jpg|data/images/oofos/5486496_03.jpg
FRUITSFAMILY,10359259,OOFOS,OOFOS,우포스 울랄라 오메가 240,70000,,240,"우포스 오메가 울랄라 블랙 쪼리 판매해요
사이즈는 240 (WUS 7)입니다 저는 235인데 칼발기준 240 딱 맞습니다.
박스 포함 새제품입니다 크림 구매후  안신을거 같아서 판매합니다. 가볍고 굽이 4.5cm 라서 신기편합니다.원가보다 저렴하게 판매중이고 현재는 품절제품 입니다. 택배도 가능합니다.",True,https://fruitsfamily.com/product/66197/%EC%9A%B0%ED%8F%AC%EC%8A%A4-%EC%9A%B8%EB%9E%84%EB%9D%BC-%EC%98%A4%EB%A9%94%EA%B0%80-240,2026-08-04,https://image.production.fruitsfamily.com/public/product/resized%40width620/JuIDkhnZz-c7abc7371981.jpg|https://image.production.fruitsfamily.com/public/product/resized%40width620/VWzSr7uK7D-548c633023ad.jpg|https://image.production.fruitsfamily.com/public/product/resized%40width620/FgaqDG0CFX-1e6621ef5cbd.jpg|https://image.production.fruitsfamily.com/public/product/resized%40width620/HG9jAtD67C-0f7b1925be45.jpg,data/images/oofos/10359259_01.jpg|data/images/oofos/10359259_02.jpg|data/images/oofos/10359259_03.jpg
FRUITSFAMILY,10311472,OOFOS,OOFOS,우포스 x 10 꼬르소 꼬모 쪼리 블랙,80000,100000,270,"크림 구매 후 2회착용 보관

270사이즈",True,https://fruitsfamily.com/product/650ds/%EC%9A%B0%ED%8F%AC%EC%8A%A4-x-10-%EA%BC%AC%EB%A5%B4%EC%86%8C-%EA%BC%AC%EB%AA%A8-%EC%AA%BC%EB%A6%AC-%EB%B8%94%EB%9E%99,2026-08-04,https://image.production.fruitsfamily.com/public/product/resized%40width620/kxXEmTygt-1551ff66be4e.jpg|https://image.production.fruitsfamily.com/public/product/resized%40width620/42wDGGhmJt-039d1b1b768e.jpg|https://image.production.fruitsfamily.com/public/product/resized%40width620/28kmP1AiPW-fa31a645c999.jpg|https://image.production.fruitsfamily.com/public/product/resized%40width620/fTEswNfXh--0c939fa47ca3.jpg,data/images/oofos/10311472_01.jpg|data/images/oofos/10311472_02.jpg|data/images/oofos/10311472_03.jpg
FRUITSFAMILY,10302018,OOFOS,OOFOS,우포스 플리플랍 쪼리,50000,,260,"우포스 블랙 쪼리 260사이즈
새상품입니당

교환, 환불 불가",True,https://fruitsfamily.com/product/64t36/%EC%9A%B0%ED%8F%AC%EC%8A%A4-%ED%94%8C%EB%A6%AC%ED%94%8C%EB%9E%8D-%EC%AA%BC%EB%A6%AC,2026-08-04,https://image.production.fruitsfamily.com/public/product/resized%40width620/3ADb04h2I-87d1846c99ff.jpg|https://image.production.fruitsfamily.com/public/product/resized%40width620/ZD7eq2VZ-E-8da4e52878c9.jpg,data/images/oofos/10302018_01.jpg|data/images/oofos/10302018_02.jpg
FRUITSFAMILY,10182744,OOFOS,OOFOS,우포스 x 예스아이씨 250 1회착용 ,60000,70000,250,"구매 후 촬영용으로 1번 착용했습니다 
신발박스 있습니다!",True,https://fruitsfamily.com/product/62920/%EC%9A%B0%ED%8F%AC%EC%8A%A4-x-%EC%98%88%EC%8A%A4%EC%95%84%EC%9D%B4%EC%94%A8-250-1%ED%9A%8C%EC%B0%A9%EC%9A%A9,2026-08-04,https://image.production.fruitsfamily.com/public/product/resized%40width620/6f2HwoLBf-423b17e3d71f.jpg|https://image.production.fruitsfamily.com/public/product/resized%40width620/abzM7Lhg8A-31ca0948a07d.jpg|https://image.production.fruitsfamily.com/public/product/resized%40width620/GpY2BDSo4Y-8a6e04e4ce0b.jpg|https://image.production.fruitsfamily.com/public/product/resized%40width620/CftpugeCKo-6ac368386f49.jpg,data/images/oofos/10182744_01.jpg|data/images/oofos/10182744_02.jpg|data/images/oofos/10182744_03.jpg
FRUITSFAMILY,10232876,OOFOS,OOFOS,우포스 솔로이스트 클로그 270 m9 w11,130000,,270,"우포스 솔로이스트 270 m9 w11 사이즈 입니다
매물 구입후 사이즈가 맞지않아 판매합니다
문의사항 채팅주세요",True,https://fruitsfamily.com/product/63bqk/%EC%9A%B0%ED%8F%AC%EC%8A%A4-%EC%86%94%EB%A1%9C%EC%9D%B4%EC%8A%A4%ED%8A%B8-%ED%81%B4%EB%A1%9C%EA%B7%B8-270-m9-w11,2026-08-04,https://image.production.fruitsfamily.com/public/product/resized%40width620/XVNVf505a-099bfc97340a.jpg|https://image.production.fruitsfamily.com/public/product/resized%40width620/dVcu8zonG_-0d6b1c8da295.jpg|https://image.production.fruitsfamily.com/public/product/resized%40width620/GHGTj6n56J-8f6425869d0f.jpg|https://image.production.fruitsfamily.com/public/product/resized%40width620/zcoW73kd36-fc6e224f2967.jpg,data/images/oofos/10232876_01.jpg|data/images/oofos/10232876_02.jpg|data/images/oofos/10232876_03.jpg
FRUITSFAMILY,10297509,OOFOS,OOFOS,우포스 플립플랍 쪼리 블랙 280,39000,,280,"우포스 플립플랍 쪼리 블랙 이에요 

상태는 중고다보니 착화감은 있지만 

상태 양호해요 사진 그대로 참고해주세요~

사이즈 280 이구요 신발 단품이에요

택배 무료 배송이에요

교환 환불은 어려워서 사진 자세히 보시고

신중한 구매 부탁드려요!!",True,https://fruitsfamily.com/product/64plx/%EC%9A%B0%ED%8F%AC%EC%8A%A4-%ED%94%8C%EB%A6%BD%ED%94%8C%EB%9E%8D-%EC%AA%BC%EB%A6%AC-%EB%B8%94%EB%9E%99-280,2026-08-04,https://image.production.fruitsfamily.com/public/product/resized%40width620/U9AtwnICAe-1785138638171-2kqlgce5g.jpg|https://image.production.fruitsfamily.com/public/product/resized%40width620/p-e3H9uQ3Q-1785138638180-pnup7u9x1.jpg|https://image.production.fruitsfamily.com/public/product/resized%40width620/Z7t2QBFmks-1785138638184-218pgkxb9.jpg|https://image.production.fruitsfamily.com/public/product/resized%40width620/W4Xa2HIpyD-1785138638189-kfj9kxgow.jpg|https://image.production.fruitsfamily.com/public/product/resized%40width620/LHQOUlUkX--1785138638191-iiokpl2tc.jpg|https://image.production.fruitsfamily.com/public/product/resized%40width620/sQoMHjJUXz-1785138638194-u9nmjedza.jpg|https://image.production.fruitsfamily.com/public/product/resized%40width620/PbtDfPxpX-1785138638196-c2bn9kmzx.jpg|https://image.production.fruitsfamily.com/public/product/resized%40width620/uz49zdOmZH-1785138638199-bt5jf40rj.jpg,data/images/oofos/10297509_01.jpg|data/images/oofos/10297509_02.jpg|data/images/oofos/10297509_03.jpg
FRUITSFAMILY,10366710,OOFOS,OOFOS,우포스 오리지널 노마드 M8/W10 새상품,58000,,260,"크림으로 구매후 택 제거, 시착후 보관만했습니다.
박스는 버려서 다른 박스로 보내드립니다. 
직거래장소는 동탄호수공원입니다.",True,https://fruitsfamily.com/product/66706/%EC%9A%B0%ED%8F%AC%EC%8A%A4-%EC%98%A4%EB%A6%AC%EC%A7%80%EB%84%90-%EB%85%B8%EB%A7%88%EB%93%9C-m8-w10-%EC%83%88%EC%83%81%ED%92%88,2026-08-04,https://image.production.fruitsfamily.com/public/product/resized%40width620/6ah4Zs2op-e5b665b25ccb.jpg|https://image.production.fruitsfamily.com/public/product/resized%40width620/pNrlB5Bd7X-eab9f096d753.jpg,data/images/oofos/10366710_01.jpg|data/images/oofos/10366710_02.jpg
FRUITSFAMILY,10320395,OOFOS,OOFOS,우포스 280,20000,25000,280,실착 3회입니다 피셔맨으로 칼아타려고 방출,True,https://fruitsfamily.com/product/6579n/%EC%9A%B0%ED%8F%AC%EC%8A%A4-280,2026-08-04,https://image.production.fruitsfamily.com/public/product/resized%40width620/QtAi1JLp--f1c26a3e2ab5.jpg|https://image.production.fruitsfamily.com/public/product/resized%40width620/EVwf4owbl_-9e4bb1e459b2.jpg|https://image.production.fruitsfamily.com/public/product/resized%40width620/X1pkSv3bt3-3b6d6bd27efa.jpg,data/images/oofos/10320395_01.jpg|data/images/oofos/10320395_02.jpg|data/images/oofos/10320395_03.jpg
FRUITSFAMILY,10208904,OOFOS,OOFOS,우포스 쪼리 비이커 정품,50000,,OS,"패션을 사랑하는 옷 좋아하는 옷환자 
※착샷 및 실측문의X 교환 및 환불X※
※찔러보기 읽씹 비매너 바로 차단※

우포스 쪼리 사이즈 260 수요많은 황금사이즈 
비이커 구매 후 실내 단시간 1회 착용
사진보심 아시겠지만 그냥 거의 새거입니다 
판매내역 후기 보시면 아시겠지만 의류 신발 등 너무 많아 다 신지도 못합니다 겁나 신다가 1회 착용이라고 거짓말하는 그런 쓰레기분들 하고는 다릅니다 바닥 스티커 붙어있고 비이커택 우포스택 스티로폼 플라스틱걸이까지 포장 그대로 보내드립니다
무엇보다 발 진짜 편하고 스타일리시한 제품으로 저렴하게 판매합니다 택
우포스가 병행제품이 많고 가품도 있습니다 출처불분명한거 말고 비이커 정식제품 정품 저렴하게 가져가세요 벌써 문의많고 여러군데 올려 고민하다 품절입니다 있을때 데려가세요",True,https://fruitsfamily.com/product/62t8o/%EC%9A%B0%ED%8F%AC%EC%8A%A4-%EC%AA%BC%EB%A6%AC-%EB%B9%84%EC%9D%B4%EC%BB%A4-%EC%A0%95%ED%92%88,2026-08-04,https://image.production.fruitsfamily.com/public/product/resized%40width620/pC73V31a8-d422678ae7f4.jpg|https://image.production.fruitsfamily.com/public/product/resized%40width620/F9OJ_IWcpl-7f02cc072e85.jpg|https://image.production.fruitsfamily.com/public/product/resized%40width620/ROWAR3Iekt-21e0302d4989.jpg|https://image.production.fruitsfamily.com/public/product/resized%40width620/2icqyyBqab-37f269317beb.jpg|https://image.production.fruitsfamily.com/public/product/resized%40width620/GrSjrVGsWd-84db40ca54b7.jpg|https://image.production.fruitsfamily.com/public/product/resized%40width620/blAekq_POP-57cd16705958.jpg|https://image.production.fruitsfamily.com/public/product/resized%40width620/EGinDuoscD-2de164286e69.jpg,data/images/oofos/10208904_01.jpg|data/images/oofos/10208904_02.jpg|data/images/oofos/10208904_03.jpg
FRUITSFAMILY,10236016,OOFOS,OOFOS,W6 230) OOFOS 우포스 쪼리 여성 여자 울랄라 오메가 블랙,52000,,230,"자세한 사항은 문의주세요 감사합니다.
직거래 및 택배 가능 합니다.

중고상품 특성상 사용감 및 스크래치,색바램, 미세한 오염, 얼룩 있을수 있으며  미처 확인못한 작은 하자 등 있을수 있으니 해당 사유로는 교환 환불 어려우니 예민하신 분들은 구매 자재해주시면 감사하겠습니다.

중대한 하자외 사이즈 미스로 교환 환불 안되오니  구매전  평소 잘맞으시는 신발과 실측 비교 하셔서 구매 부탁드립니다.

실측은 사진에 나와 있으니 실측 문의는 하지말아주세요
사진 넘기시고 클릭하면 전체샷 보이세요
등록된 실측 사진과 택상 표기 사이즈표등 참고해주세요 
죄송하지만 사이즈 조언 및 추가 실측 사진은 어렵습니다.",True,https://fruitsfamily.com/product/63e5s/w6-230-oofos-%EC%9A%B0%ED%8F%AC%EC%8A%A4-%EC%AA%BC%EB%A6%AC-%EC%97%AC%EC%84%B1-%EC%97%AC%EC%9E%90-%EC%9A%B8%EB%9E%84%EB%9D%BC-%EC%98%A4%EB%A9%94%EA%B0%80-%EB%B8%94%EB%9E%99,2026-08-04,https://image.production.fruitsfamily.com/public/product/resized%40width620/7c2Z19cv5-a671236ab3ae.jpg|https://image.production.fruitsfamily.com/public/product/resized%40width620/W0eoCA3ZPC-bd8c1c3991ce.jpg|https://image.production.fruitsfamily.com/public/product/resized%40width620/Ms5asGkzFf-8b3cca80dd17.jpg|https://image.production.fruitsfamily.com/public/product/resized%40width620/e8wVB4e2_Y-8c907daac5b1.jpg|https://image.production.fruitsfamily.com/public/product/resized%40width620/K0Ss8fJVYJ-b0766196dc6c.jpg|https://image.production.fruitsfamily.com/public/product/resized%40width620/LtCyiLeBW--145c152583fd.jpg|https://image.production.fruitsfamily.com/public/product/resized%40width620/LjMtGmCPfh-515e11d6037f.jpg,data/images/oofos/10236016_01.jpg|data/images/oofos/10236016_02.jpg|data/images/oofos/10236016_03.jpg
FRUITSFAMILY,10214106,OOFOS,OOFOS,폴리테루 x 우포스 오리지날 플러스 블랙 260,149000,,260,크림발 구매상품 박스도 안뜯어봣습니다,True,https://fruitsfamily.com/product/62x96/%ED%8F%B4%EB%A6%AC%ED%85%8C%EB%A3%A8-x-%EC%9A%B0%ED%8F%AC%EC%8A%A4-%EC%98%A4%EB%A6%AC%EC%A7%80%EB%82%A0-%ED%94%8C%EB%9F%AC%EC%8A%A4-%EB%B8%94%EB%9E%99-260,2026-08-04,https://image.production.fruitsfamily.com/public/product/resized%40width620/SMipMpF3i-d63264ca48a8.jpg|https://image.production.fruitsfamily.com/public/product/resized%40width620/JLBiMVJ9RO-0211a6239dea.jpg|https://image.production.fruitsfamily.com/public/product/resized%40width620/r2V9dZ1rIt-0b41fff6a136.jpg|https://image.production.fruitsfamily.com/public/product/resized%40width620/PQ5PpAT96A-267d249aded4.jpg|https://image.production.fruitsfamily.com/public/product/resized%40width620/YR88AxCD4x-0de759e956d6.jpg,data/images/oofos/10214106_01.jpg|data/images/oofos/10214106_02.jpg|data/images/oofos/10214106_03.jpg
FRUITSFAMILY,10147442,OOFOS,OOFOS,새상품) 우포스 우아플러스 그레이 270사이즈,81000,90000,270,"우포스 우아플러스 270 사이즈 그레이 색상입니다. 
택도 그대로 달려있는 새상품입니다. 
편안한 착용감으로 데일리로 신기 좋습니다. 
구매 원하시면 바로 연락주세요",True,https://fruitsfamily.com/product/61hte/%EC%83%88%EC%83%81%ED%92%88-%EC%9A%B0%ED%8F%AC%EC%8A%A4-%EC%9A%B0%EC%95%84%ED%94%8C%EB%9F%AC%EC%8A%A4-%EA%B7%B8%EB%A0%88%EC%9D%B4-270%EC%82%AC%EC%9D%B4%EC%A6%88,2026-08-04,https://image.production.fruitsfamily.com/public/product/resized%40width620/_i2b6RiZn-b6ac71ff40fd.jpg|https://image.production.fruitsfamily.com/public/product/resized%40width620/_tgvTZqJF7-1197ddf08a7c.jpg|https://image.production.fruitsfamily.com/public/product/resized%40width620/_sxwM2caU7-08c7ba772329.jpg|https://image.production.fruitsfamily.com/public/product/resized%40width620/XrvL55KGvJ-ce3f27608480.jpg,data/images/oofos/10147442_01.jpg|data/images/oofos/10147442_02.jpg|data/images/oofos/10147442_03.jpg
FRUITSFAMILY,10214114,OOFOS,OOFOS,우포스 폴리테루 오리지날 플러스 260,149000,,260,크림발 새상품입니다,True,https://fruitsfamily.com/product/62x9e/%EC%9A%B0%ED%8F%AC%EC%8A%A4-%ED%8F%B4%EB%A6%AC%ED%85%8C%EB%A3%A8-%EC%98%A4%EB%A6%AC%EC%A7%80%EB%82%A0-%ED%94%8C%EB%9F%AC%EC%8A%A4-260,2026-08-04,https://image.production.fruitsfamily.com/public/product/resized%40width620/9wzydgofEp-2b163a306b81.jpg|https://image.production.fruitsfamily.com/public/product/resized%40width620/Aa1PQDY9gR-8455fc0d9cc1.jpg|https://image.production.fruitsfamily.com/public/product/resized%40width620/Nz9lCD_-HW-0735045136b3.jpg|https://image.production.fruitsfamily.com/public/product/resized%40width620/-PVooOaZjY-1fb8d5654871.jpg|https://image.production.fruitsfamily.com/public/product/resized%40width620/xgPMxzKSpe-0c02c0b3300a.jpg,data/images/oofos/10214114_01.jpg|data/images/oofos/10214114_02.jpg|data/images/oofos/10214114_03.jpg
FRUITSFAMILY,10149161,OOFOS,OOFOS, 우포스 쪼리 블랙 260,39000,,260,"우포스 쪼리 블랙 이에요 

상태는 중고다보니 착화감은 있지만 

상태 양호해요 사진 그대로 참고해주세요~

사이즈 260 이구요 신발 단품이에요

택배 무료 배송이에요

교환 환불은 어려워서 사진 자세히 보시고

신중한 구매 부탁드려요!!",True,https://fruitsfamily.com/product/61j55/%EC%9A%B0%ED%8F%AC%EC%8A%A4-%EC%AA%BC%EB%A6%AC-%EB%B8%94%EB%9E%99-260,2026-08-04,https://image.production.fruitsfamily.com/public/product/resized%40width620/9qpVfzZGfC-1784276589306-t5xu69x09.jpg|https://image.production.fruitsfamily.com/public/product/resized%40width620/Axbg2CXswc-1784276589315-6unzfspri.jpg|https://image.production.fruitsfamily.com/public/product/resized%40width620/PjYQlyISme-1784276589319-0trd0o0ok.jpg|https://image.production.fruitsfamily.com/public/product/resized%40width620/XXXFhZ_qm1-1784276589325-g7mo8vije.jpg|https://image.production.fruitsfamily.com/public/product/resized%40width620/nwk9Ll9ASI-1784276589329-vgl2r32we.jpg|https://image.production.fruitsfamily.com/public/product/resized%40width620/le7y5E4GvZ-1784276589333-8d0qfrues.jpg|https://image.production.fruitsfamily.com/public/product/resized%40width620/DxDOk9Z0Um-1784276589336-h56wl765b.jpg|https://image.production.fruitsfamily.com/public/product/resized%40width620/uuhBVkC8jP-1784276589340-eyun1h50l.jpg,data/images/oofos/10149161_01.jpg|data/images/oofos/10149161_02.jpg|data/images/oofos/10149161_03.jpg
FRUITSFAMILY,10074950,OOFOS,OOFOS,우포스 쪼리 브라운 230,15000,30000,230,"M4-W6
EU 37
230
브라운

사진 더 필요하시면 말씀해주세요!",True,https://fruitsfamily.com/product/5zxvq/%EC%9A%B0%ED%8F%AC%EC%8A%A4-%EC%AA%BC%EB%A6%AC-%EB%B8%8C%EB%9D%BC%EC%9A%B4-230,2026-08-04,https://image.production.fruitsfamily.com/public/product/resized%40width620/j4u5ww7g1-4c64dfd34dda.jpg|https://image.production.fruitsfamily.com/public/product/resized%40width620/-IOOO6Zb70-8bd337874a47.jpg|https://image.production.fruitsfamily.com/public/product/resized%40width620/L9j1vSpG6-9f40c961f928.jpg,data/images/oofos/10074950_01.jpg|data/images/oofos/10074950_02.jpg|data/images/oofos/10074950_03.jpg
FRUITSFAMILY,10077166,OOFOS,OOFOS,"OOFOS 우포스 나바호 커스텀 블랙43,레드 개인 결제창",95000,,OS,"36 US M3W5 220
37 US M4W6 230
38 US M5W7 240
39 US M6W8 250
40 US M7W9 255 
41 US M8W10 260
42 US M9W11 270
43 US M10W12 280
44 US M11W13 290

•참고로 우포스는 .5단위 사이즈는 하나만 나오는 관계로 본인 발 사이즈가 5로 끝나시면 일업 권장 드립니다.

•패키지는 2022~2026년형(사진 참고) 폴리백 또는 박스 구성이며 매 입고시마다 랜덤으로 발송 제조국 또한 Korea, Vietnam 랜덤입니다

• 사진 터치후 보시면 신발과,스톤 전컬러 보실수 있습니다.

• 오더시 4~5일 소요 

• 컬러:블랙,노마드,에그녹 외 시중에 판매되고 있는 전 컬러 주문 가능 하나 판매 금액은 상이 할수 있습니다

• 스톤 컬러:블랙,터키,레드 

•네고 문의 답장X

• 2개 이상 구매시 택배비 무료

• 우체국(4000원),일반 편택(3500)

• 주문 예시:블랙 41,레드 스톤 

• 당일 재고가 없을 시 시간이 더 소요될 수 있으니 주문 전 문의하시고 다른 분들 찜하기 돼있는 관계로 문의 없는 결제는 자동 취소됩니다

• 본인 소유 우포스 제품도 작업 가능 (39000원) 왕복 택배비 본인 부담

• 가격은 시즌별 재고 여부에 따라 상이할수 있습니다

⚠️네고 문의 답장 안함,문의 후 잠수 차단",True,https://fruitsfamily.com/product/5zzla/oofos-%EC%9A%B0%ED%8F%AC%EC%8A%A4-%EB%82%98%EB%B0%94%ED%98%B8-%EC%BB%A4%EC%8A%A4%ED%85%80-%EB%B8%94%EB%9E%9943-%EB%A0%88%EB%93%9C-%EA%B0%9C%EC%9D%B8-%EA%B2%B0%EC%A0%9C%EC%B0%BD,2026-08-04,https://image.production.fruitsfamily.com/public/product/resized%40width620/UeC2gTVJ3a-776A825C-747A-410E-9BB9-9AA9EBD266E4.jpg|https://image.production.fruitsfamily.com/public/product/resized%40width620/jJNTkzvtRh-FF9342D5-ABFD-4F03-ACED-5CE8B015CDAD.jpg|https://image.production.fruitsfamily.com/public/product/resized%40width620/EJEorVmCrj-D44CE1C4-36CC-412C-B577-F5E0D30E0721.jpg|https://image.production.fruitsfamily.com/public/product/resized%40width620/Zt1LM8f1z-C850A9CA-E1C3-43F9-B469-2DE6D908BA80.jpg|https://image.production.fruitsfamily.com/public/product/resized%40width620/DYM05x8c0X-D91234E4-6EF7-46AB-A4D3-7D68CD5932D7.jpg|https://image.production.fruitsfamily.com/public/product/resized%40width620/lsQzYc__qP-59A53593-CD8B-45F7-8633-D8910A7422CF.jpg|https://image.production.fruitsfamily.com/public/product/resized%40width620/NxQxEo579q-41E80A95-2858-4522-8E2D-C4E2422F7DE9.jpg|https://image.production.fruitsfamily.com/public/product/resized%40width620/RHefZkTOW5-6406DBE4-1B52-48AC-8AA0-E0C2DFD9B432.jpg|https://image.production.fruitsfamily.com/public/product/resized%40width620/Hz-VIOYU5p-9087E283-9CCE-44E9-81C5-091E18ABB5ED.jpg,data/images/oofos/10077166_01.jpg|data/images/oofos/10077166_02.jpg|data/images/oofos/10077166_03.jpg
FRUITSFAMILY,10330964,Crocs,Crocs,[260] 크록스 x 뮤지엄 오브 피스 & 콰이엇 클래식 클로그 모카,150000,,260,"택달린 새상품입니다.
23년에 발매했던 현재는 구하기어려운 콜라보 제품입니다.
국내 매장발 제품이며 박스X 신발만 존재합니다. 

직거래 / 택배거래 가능",False,https://fruitsfamily.com/product/65ff8/260-%ED%81%AC%EB%A1%9D%EC%8A%A4-x-%EB%AE%A4%EC%A7%80%EC%97%84-%EC%98%A4%EB%B8%8C-%ED%94%BC%EC%8A%A4-%EC%BD%B0%EC%9D%B4%EC%97%87-%ED%81%B4%EB%9E%98%EC%8B%9D-%ED%81%B4%EB%A1%9C%EA%B7%B8-%EB%AA%A8%EC%B9%B4,2026-08-04,https://image.production.fruitsfamily.com/public/product/resized%40width620/EE0pjRyT7-260e5832b89d.jpg|https://image.production.fruitsfamily.com/public/product/resized%40width620/YCKa-0Topq-39f4f88dd038.jpg|https://image.production.fruitsfamily.com/public/product/resized%40width620/9kmQCjdatP-b9a261dd975b.jpg|https://image.production.fruitsfamily.com/public/product/resized%40width620/sSANXIAd3l-db8e96aaac2a.jpg,data/images/crocs/10330964_01.jpg|data/images/crocs/10330964_02.jpg|data/images/crocs/10330964_03.jpg
FRUITSFAMILY,10402233,Crocs,Crocs,Crocs 크록스 베이 클로그 - 드래곤 프루츠,99000,,250,"✅ 개봉 후 바로 종이가방에 보관 한 상태로 새상품에 가까운 상태입니다. (상자x)
✅ 판매는 8월 8일까지만 판매합니다!
✅ 환불 불가합니다!",False,https://fruitsfamily.com/product/66yex/crocs-%ED%81%AC%EB%A1%9D%EC%8A%A4-%EB%B2%A0%EC%9D%B4-%ED%81%B4%EB%A1%9C%EA%B7%B8-%EB%93%9C%EB%9E%98%EA%B3%A4-%ED%94%84%EB%A3%A8%EC%B8%A0,2026-08-04,https://image.production.fruitsfamily.com/public/product/resized%40width620/qL6x1L3T7C-ff3f7ff48fef.jpg|https://image.production.fruitsfamily.com/public/product/resized%40width620/FBBaqac6--3235c3dc5a47.jpg|https://image.production.fruitsfamily.com/public/product/resized%40width620/PcAA59iTiI-36868ea0ab8c.jpg|https://image.production.fruitsfamily.com/public/product/resized%40width620/TAXjXpepjt-1003730ac7bc.jpg,data/images/crocs/10402233_01.jpg|data/images/crocs/10402233_02.jpg|data/images/crocs/10402233_03.jpg
FRUITSFAMILY,4850939,Crocs,Crocs,크록스 테르 팔레 코어 Crocs Terre Ballet Core,189000,210000,250,"새상품

COLOR: Black/Silver Metallic
SIZE: 250

📦계좌거래시 반택 2-3천원, 일반 4-5천원 
(제주/도서산간지역은 예외 요금 적용)",False,https://fruitsfamily.com/product/2vz0b/%ED%81%AC%EB%A1%9D%EC%8A%A4-%ED%85%8C%EB%A5%B4-%ED%8C%94%EB%A0%88-%EC%BD%94%EC%96%B4-crocs-terre-ballet-core,2026-08-04,https://image.production.fruitsfamily.com/public/product/resized%40width620/rUGUhZDCOY-3CC7D2B7-68E2-42E7-8CDB-4F3CFDDDABD1.jpg|https://image.production.fruitsfamily.com/public/product/resized%40width620/76DJgkxUEe-41473476-6714-4D26-8736-94BA7922C1AA.jpg|https://image.production.fruitsfamily.com/public/product/resized%40width620/__yOIMOeGC-21B27AB2-E2F4-4525-A584-BFF7B0EE5297.jpg|https://image.production.fruitsfamily.com/public/product/resized%40width620/8Ov5lKXIty-B1611CF5-0B5F-4C23-98BF-B78C7F4A7901.jpg|https://image.production.fruitsfamily.com/public/product/resized%40width620/xjQcmx4zQk-8BBF95DF-6932-4C87-BC95-F649A069F86D.jpg|https://image.production.fruitsfamily.com/public/product/resized%40width620/YYIqpqfEbg-E72C2263-EC40-43E5-AAA9-104D73104B31.jpg|https://image.production.fruitsfamily.com/public/product/resized%40width620/DNT8_kt6lL-2A412335-19CB-43C0-9320-FC41E4AA1B8F.jpg|https://image.production.fruitsfamily.com/public/product/resized%40width620/1C1RZD9yVS-3D2A4318-FF0B-4C14-81A0-7066F41A1E65.jpg|https://image.production.fruitsfamily.com/public/product/resized%40width620/fAKOOsSLvM-38DC1E92-3FD0-4BCB-B82E-4FDF76C96003.jpg,data/images/crocs/4850939_01.jpg|data/images/crocs/4850939_02.jpg|data/images/crocs/4850939_03.jpg
FRUITSFAMILY,10208703,Crocs,Crocs,크록스x살레헤 벰버리 폴렉스 주니퍼 멀티,185000,190000,270,"크록스x살레헤 벰버리 폴렉스 주니퍼 멀티 
270 새상품 팝니다. 문의 주세요",False,https://fruitsfamily.com/product/62t33/%ED%81%AC%EB%A1%9D%EC%8A%A4x%EC%82%B4%EB%A0%88%ED%97%A4-%EB%B2%B0%EB%B2%84%EB%A6%AC-%ED%8F%B4%EB%A0%89%EC%8A%A4-%EC%A3%BC%EB%8B%88%ED%8D%BC-%EB%A9%80%ED%8B%B0,2026-08-04,https://image.production.fruitsfamily.com/public/product/resized%40width620/5nE098dQLK-138b80d777df.jpg|https://image.production.fruitsfamily.com/public/product/resized%40width620/ORPReLpLBZ-5ba69e48902a.jpg|https://image.production.fruitsfamily.com/public/product/resized%40width620/efU1kr1D9z-9cc45fc41390.jpg|https://image.production.fruitsfamily.com/public/product/resized%40width620/LjG0I-zYOo-da1b07c2e811.jpg,data/images/crocs/10208703_01.jpg|data/images/crocs/10208703_02.jpg|data/images/crocs/10208703_03.jpg
FRUITSFAMILY,10001377,Crocs,Crocs,230mm 크록스 파트리샤 웨지 블랙 샌들,35000,,230,"크록스샌들 크록스웨지샌들

가벼운 착화감에 낮은 웨지굽이 더해져
데일리로 신기 좋은 모델입니다.
블랙 계열 컬러라 튀지 않고
무난하게 매치되며, 슬라이드형 구조라
신고 벗기 편합니다.
살짝 높이감 있는 웨지 타입이라 
부담 없이 활용하기 좋습니다.

상품은 사진 그대로 입니다.
꼼꼼히 확인해 보시고 결정해 주세요.
특별한 문의 없으시면
바로 안전결제하시면 됩니다.
 
밑창 (솔) 컨디션     4.5 / 5.0
갑피(어퍼) 컨디션   5.0 / 5.0
뒷축, 앞코 컨디션   5.0 / 5.0

[ 무게 및 솔 높이 : 약 239g / 4cm ]

■ 안내사항

✔ 제주/도서산간은 추가 배송비가 발생할 수 있습니다.
✔ 상품 설명/사진을 꼭 확인 후 구매 부탁드립니다.
✔ 사이즈 맞춤 상담은 어렵고, 동일 표기라도 
   브랜드/모델에 따라 차이 있을 수 있습니다.
✔ 과한 보정 없이 실제 상태 기준으로 촬영했습니다.
   사진에 다 담기지 않는 미세 사용감은 있을 수 있습니다.
✔ 보풀/마감실/미약 오염/세월감 등 중고·빈티지 
   특성은 있을 수 있으며, 새상품은 별도 표기합니다.

✔ 사이즈 착오 및 단순변심으로 인한 
   반품/환불은 어렵습니다.

✔ 궁금한 점이나 추가 사진 요청은 문의 주세요. 
   빈티지에 민감하신 분은 신중히 부탁드립니다.",False,https://fruitsfamily.com/product/5yd41/230mm-%ED%81%AC%EB%A1%9D%EC%8A%A4-%ED%8C%8C%ED%8A%B8%EB%A6%AC%EC%83%A4-%EC%9B%A8%EC%A7%80-%EB%B8%94%EB%9E%99-%EC%83%8C%EB%93%A4,2026-08-04,https://image.production.fruitsfamily.com/public/product/resized%40width620/oHT3HYi8Z-09dff5ec650e.jpg|https://image.production.fruitsfamily.com/public/product/resized%40width620/KzNfnxfIF0-ae855640cb1e.jpg|https://image.production.fruitsfamily.com/public/product/resized%40width620/TSCkdL4F2r-df63d2cf4322.jpg|https://image.production.fruitsfamily.com/public/product/resized%40width620/BlbXjA0LRM-78187328de31.jpg|https://image.production.fruitsfamily.com/public/product/resized%40width620/RbB_ekcH3c-9954f34c76d5.jpg|https://image.production.fruitsfamily.com/public/product/resized%40width620/oJP7x3dfMo-02f4c42337c4.jpg|https://image.production.fruitsfamily.com/public/product/resized%40width620/u8TcfF7xLd-e9028afd4d69.jpg|https://image.production.fruitsfamily.com/public/product/resized%40width620/BjhTDdqszd-8ac21726688d.jpg|https://image.production.fruitsfamily.com/public/product/resized%40width620/5QULcxjrE6-b1ae2db5a88f.jpg,data/images/crocs/10001377_01.jpg|data/images/crocs/10001377_02.jpg|data/images/crocs/10001377_03.jpg
FRUITSFAMILY,9512163,Crocs,Crocs,290 새제품) 크록스 x 리바이스 올 터레인 클로그 슬리퍼 뮬 남자,185000,,290,"Crocs x Levi's All Terrain Clog Navy
208917-410  리바이스 콜라보

290 미시착 새제품입니다. 
전용 지비츠 3종 전부 포함되어 있습니다.

실물 고급스러워요!
｡･:*:･ﾟ★,｡･:*:･ﾟ☆　｡･:*:･ﾟ★,｡･:*:･ﾟ☆
🚛 택배 : 3,000원  /  반택 : 2,000원
🐾 직거 : 부산 사직역 ~ 미남역 부근",False,https://fruitsfamily.com/product/5nvmr/290-%EC%83%88%EC%A0%9C%ED%92%88-%ED%81%AC%EB%A1%9D%EC%8A%A4-x-%EB%A6%AC%EB%B0%94%EC%9D%B4%EC%8A%A4-%EC%98%AC-%ED%84%B0%EB%A0%88%EC%9D%B8-%ED%81%B4%EB%A1%9C%EA%B7%B8-%EC%8A%AC%EB%A6%AC%ED%8D%BC-%EB%AE%AC-%EB%82%A8%EC%9E%90,2026-08-04,https://image.production.fruitsfamily.com/public/product/resized%40width620/1JY6rHj_X-fb878e14e6c4.png|https://image.production.fruitsfamily.com/public/product/resized%40width620/ExdIjBM1Br-0a8eb6a47260.png|https://image.production.fruitsfamily.com/public/product/resized%40width620/pRQMEv01td-95cf76c9fabe.jpg|https://image.production.fruitsfamily.com/public/product/resized%40width620/AQ5BqWE4LX-2be7eccb5a16.jpg|https://image.production.fruitsfamily.com/public/product/resized%40width620/yXSWPbOrZ1-60ba6f8aad5d.jpg|https://image.production.fruitsfamily.com/public/product/resized%40width620/X079l2F1n1-089aa0a91f15.jpg|https://image.production.fruitsfamily.com/public/product/resized%40width620/LWBZaG8LkX-bad5680fc2a5.jpg|https://image.production.fruitsfamily.com/public/product/resized%40width620/TU6L_WQNXh-1b19874071d1.jpg|https://image.production.fruitsfamily.com/public/product/resized%40width620/YIo-DULkG_-82bf51b166c2.jpg|https://image.production.fruitsfamily.com/public/product/resized%40width620/HRkNFwS47n-398d4e01529c.jpg,data/images/crocs/9512163_01.jpg|data/images/crocs/9512163_02.jpg|data/images/crocs/9512163_03.jpg
FRUITSFAMILY,9911887,Crocs,Crocs,[280] 크록스 마모트 캐피탈 퀵 트레일,170000,,280,"크록스 마모트 캐피탈 퀵 트레일
사이즈 280
신발 단품
착용횟수 적으며
상태 양호합니다
연락주세요",False,https://fruitsfamily.com/product/5wg27/280-%ED%81%AC%EB%A1%9D%EC%8A%A4-%EB%A7%88%EB%AA%A8%ED%8A%B8-%EC%BA%90%ED%94%BC%ED%83%88-%ED%80%B5-%ED%8A%B8%EB%A0%88%EC%9D%BC,2026-08-04,https://image.production.fruitsfamily.com/public/product/resized%40width620/zDn1y-BwWI-126c3dcf8628.jpg|https://image.production.fruitsfamily.com/public/product/resized%40width620/-kqZHNyR2f-b1a94d026677.jpg|https://image.production.fruitsfamily.com/public/product/resized%40width620/02RiZG9lUP-a950989a7901.jpg|https://image.production.fruitsfamily.com/public/product/resized%40width620/DQOi4INukD-201183e8bc68.jpg,data/images/crocs/9911887_01.jpg|data/images/crocs/9911887_02.jpg|data/images/crocs/9911887_03.jpg
FRUITSFAMILY,10362794,Crocs,Crocs,크록스 x 앤드 원더 x 엔드 트레일 브레이크 블랙,144000,160000,290,"크록스, 앤드 원더, 엔드 콜라보 제품으로 매우 편하고 큰 실루엣에 신발로 예쁘며 고프코어 코디할때 찰떡입니다.
사이즈 미스로 판매합니다.
3회미만 실측했습니다.
무료배송해드리겠습니다!",False,https://fruitsfamily.com/product/663ze/%ED%81%AC%EB%A1%9D%EC%8A%A4-x-%EC%95%A4%EB%93%9C-%EC%9B%90%EB%8D%94-x-%EC%97%94%EB%93%9C-%ED%8A%B8%EB%A0%88%EC%9D%BC-%EB%B8%8C%EB%A0%88%EC%9D%B4%ED%81%AC-%EB%B8%94%EB%9E%99,2026-08-04,https://image.production.fruitsfamily.com/public/product/resized%40width620/yKdhI62jC-390839451184.jpg|https://image.production.fruitsfamily.com/public/product/resized%40width620/-Do7QpRs98-0a4431e6fe7f.jpg|https://image.production.fruitsfamily.com/public/product/resized%40width620/zYn6BYwzVl-2e515c2d587a.jpg,data/images/crocs/10362794_01.jpg|data/images/crocs/10362794_02.jpg|data/images/crocs/10362794_03.jpg
FRUITSFAMILY,10374364,Crocs,Crocs,크록스 클래식 크러쉬 하이 디스코 클로그 (250),62000,,250,"후르츠 구매 후 1번 신었습니당 사이즈 미쓰ㅠ 넘예쁜데 흑 

해외배송 제품이라 원가는 9만원 넘어요.. 08 굽도 높고 잘 구할수없는 특이한 디자인이라 강추드립니다
편택 4000원
Cu, gs25 반택 2000원",False,https://fruitsfamily.com/product/66cws/%ED%81%AC%EB%A1%9D%EC%8A%A4-%ED%81%B4%EB%9E%98%EC%8B%9D-%ED%81%AC%EB%9F%AC%EC%89%AC-%ED%95%98%EC%9D%B4-%EB%94%94%EC%8A%A4%EC%BD%94-%ED%81%B4%EB%A1%9C%EA%B7%B8-250,2026-08-04,https://image.production.fruitsfamily.com/public/product/resized%40width620/duziaYjFP-13ede5cd6d1f.jpg|https://image.production.fruitsfamily.com/public/product/resized%40width620/wd0VJBUJj8-22dbce352f6d.jpg|https://image.production.fruitsfamily.com/public/product/resized%40width620/yxgG27gZcR-d391f4a1e14e.jpg,data/images/crocs/10374364_01.jpg|data/images/crocs/10374364_02.jpg|data/images/crocs/10374364_03.jpg
FRUITSFAMILY,10412253,Crocs,Crocs,크록스 클래식 클로그(280mm) ,40000,,280,"크록스 클래식 클로그(280mm) 택포4만원에 판매합니다
제품상태는 양호합니다(사진참조)
직거래 및 안전구매 가능합니다
구매문의는 톡으로 연락주세요~^^
참! 제 상점은 그 자체가 박물관입니다 제 상점 구경 많이 오세요^^",False,https://fruitsfamily.com/product/67659/%ED%81%AC%EB%A1%9D%EC%8A%A4-%ED%81%B4%EB%9E%98%EC%8B%9D-%ED%81%B4%EB%A1%9C%EA%B7%B8-280mm,2026-08-04,https://image.production.fruitsfamily.com/public/product/resized%40width620/HdNQyhPhe-0c0c188958a4.jpg|https://image.production.fruitsfamily.com/public/product/resized%40width620/oXP5kNXcGi-3b7716818956.jpg|https://image.production.fruitsfamily.com/public/product/resized%40width620/nSYpmZtCTw-2895c4b54edb.jpg|https://image.production.fruitsfamily.com/public/product/resized%40width620/Q7hcZznvfb-da7722121277.jpg|https://image.production.fruitsfamily.com/public/product/resized%40width620/9qSsQXLUp7-b885b96c94f8.jpg|https://image.production.fruitsfamily.com/public/product/resized%40width620/ae8Y5AwWnS-19c0436adea1.jpg|https://image.production.fruitsfamily.com/public/product/resized%40width620/QrJAXwljeP-d12f299704b8.jpg|https://image.production.fruitsfamily.com/public/product/resized%40width620/rQmNeETlep-6d8a807ec9c0.jpg|https://image.production.fruitsfamily.com/public/product/resized%40width620/Apd6b-352E-58ac4a899cd8.jpg,data/images/crocs/10412253_01.jpg|data/images/crocs/10412253_02.jpg|data/images/crocs/10412253_03.jpg
FRUITSFAMILY,10112187,Crocs,Crocs,빈티지 민트 크록스 샌들힐 W7,30000,35000,240,"빈티지로 구매한 상태 좋은 크록스 힐입니다.

한 번도 안 신고 보관만 해와서 상태 나쁘지 않습니다.

사이즈는 W7로 대략 240정도 됩니다.",False,https://fruitsfamily.com/product/60qm3/%EB%B9%88%ED%8B%B0%EC%A7%80-%EB%AF%BC%ED%8A%B8-%ED%81%AC%EB%A1%9D%EC%8A%A4-%EC%83%8C%EB%93%A4%ED%9E%90-w7,2026-08-04,https://image.production.fruitsfamily.com/public/product/resized%40width620/LsxA0R3Q6-6406178d3a62.jpg|https://image.production.fruitsfamily.com/public/product/resized%40width620/uYRXKBDV-3-afeba9945654.jpg|https://image.production.fruitsfamily.com/public/product/resized%40width620/Fb5SYOOnAS-f5439d33643c.jpg|https://image.production.fruitsfamily.com/public/product/resized%40width620/O4SbHVfWxw-6d8e43986fbd.jpg|https://image.production.fruitsfamily.com/public/product/resized%40width620/zKc-FsRCVN-b5941d3a1ab0.jpg,data/images/crocs/10112187_01.jpg|data/images/crocs/10112187_02.jpg|data/images/crocs/10112187_03.jpg
FRUITSFAMILY,10366569,Crocs,Crocs,크록스 퍼 윈터 부츠,99000,,245,"릭 오웬스처럼 유틸리티 스타일의 레이스와 인조 퍼가 특징인 윈터 부츠입니다.

Condition : B

Size : 245-250

•인스타그램 @vitaly.room 팔로우 시 5% 할인",False,https://fruitsfamily.com/product/666w9/%ED%81%AC%EB%A1%9D%EC%8A%A4-%ED%8D%BC-%EC%9C%88%ED%84%B0-%EB%B6%80%EC%B8%A0,2026-08-04,https://image.production.fruitsfamily.com/public/product/resized%40width620/Rja6lxYh3-0387ffde7d9e.jpg|https://image.production.fruitsfamily.com/public/product/resized%40width620/nf1KojI7xI-52a7c59223dd.jpg|https://image.production.fruitsfamily.com/public/product/resized%40width620/wuK473FXHC-3bdfc6e212fe.jpg|https://image.production.fruitsfamily.com/public/product/resized%40width620/vi03l3TmH9-147b1ea3a643.jpg|https://image.production.fruitsfamily.com/public/product/resized%40width620/Gyi7HywEE8-258b693ea548.jpg,data/images/crocs/10366569_01.jpg|data/images/crocs/10366569_02.jpg|data/images/crocs/10366569_03.jpg
FRUITSFAMILY,10152622,Crocs,Crocs,크록스 레이 그래픽 웨지 샌들 롤리팝 250mm,35000,,250,"크록스샌들 크록스웨지샌들

가벼운 웨지솔과 발목 스트랩 조합이라 
데일리 샌들로 편하게 신기 좋습니다.
웨지 통굽 높이감 있어 다리 라인 
깔끔하게 떨어집니다.
특유의 가벼운 착화감이 장점입니다.

상품은 사진 그대로 입니다.
꼼꼼히 확인해 보시고 결정해 주세요.
문의 없으시면 바로 안전결제하시면 됩니다.

문의 순서와 관계없이
결제 완료 순서 기준으로 판매/출고됩니다
 
밑창 (솔) 컨디션     4.5 / 5.0
갑피(어퍼) 컨디션   5.0 / 5.0
뒷축, 앞코 컨디션   5.0 / 5.0

[ 무게 및 솔 높이 : 약 395g / 8cm ]

■ 안내사항

✔ 제주/도서산간은 추가 배송비가 발생할 수 있습니다.
✔ 상품 설명/사진을 꼭 확인 후 구매 부탁드립니다.
✔ 사이즈 맞춤 상담은 어렵고, 동일 표기라도 
   브랜드/모델에 따라 차이 있을 수 있습니다.
✔ 과한 보정 없이 실제 상태 기준으로 촬영했습니다.
   사진에 다 담기지 않는 미세 사용감은 있을 수 있습니다.
✔ 보풀/마감실/미약 오염/세월감 등 중고·빈티지 
   특성은 있을 수 있으며, 새상품은 별도 표기합니다.

✔ 사이즈 착오 및 단순변심으로 인한 
   반품/환불은 어렵습니다.

✔ 궁금한 점이나 추가 사진 요청은 문의 주세요. 
   빈티지에 민감하신 분은 신중히 부탁드립니다.",False,https://fruitsfamily.com/product/61lta/%ED%81%AC%EB%A1%9D%EC%8A%A4-%EB%A0%88%EC%9D%B4-%EA%B7%B8%EB%9E%98%ED%94%BD-%EC%9B%A8%EC%A7%80-%EC%83%8C%EB%93%A4-%EB%A1%A4%EB%A6%AC%ED%8C%9D-250mm,2026-08-04,https://image.production.fruitsfamily.com/public/product/resized%40width620/U8e6uGu0au-1784288046494-kwtmahz1f.jpg|https://image.production.fruitsfamily.com/public/product/resized%40width620/5_LCnu3I9E-1784288046476-e0ojzx8gc.jpg|https://image.production.fruitsfamily.com/public/product/resized%40width620/sZZb1UxC6P-1784288046489-cqxhz9rxc.jpg|https://image.production.fruitsfamily.com/public/product/resized%40width620/Hhyx4NgYAF-1784288046491-3difndvv3.jpg|https://image.production.fruitsfamily.com/public/product/resized%40width620/tv2iVH_mw8-1784288046499-upg212ikb.jpg|https://image.production.fruitsfamily.com/public/product/resized%40width620/_qklBqx-B2-1784288046501-1yb4j2b4i.jpg|https://image.production.fruitsfamily.com/public/product/resized%40width620/A8KHpE9p13h-1784288046504-jusjktuvz.jpg|https://image.production.fruitsfamily.com/public/product/resized%40width620/zPEfIKQKqUX-1784288046505-unuc2b07m.jpg|https://image.production.fruitsfamily.com/public/product/resized%40width620/2qLEu4uat0Z-1784288046507-spflp2lds.jpg|https://image.production.fruitsfamily.com/public/product/resized%40width620/CeVC7EpBH8D-1784288046509-xadxjf40f.jpg,data/images/crocs/10152622_01.jpg|data/images/crocs/10152622_02.jpg|data/images/crocs/10152622_03.jpg
FRUITSFAMILY,9467582,Crocs,Crocs,크록스 클래식 클로그 화이트 270,34000,35000,270,"ㅕ입니다
사진에서 보시는 것처럼 편안하게 신으실 수 있어요
사이즈는 M9 270
현재 크림가 43,000원
데일리로 신기 좋은 크록스 클로그입니다
1회착 신발단품 

3.5",False,https://fruitsfamily.com/product/5mx8e/%ED%81%AC%EB%A1%9D%EC%8A%A4-%ED%81%B4%EB%9E%98%EC%8B%9D-%ED%81%B4%EB%A1%9C%EA%B7%B8-%ED%99%94%EC%9D%B4%ED%8A%B8-270,2026-08-04,https://image.production.fruitsfamily.com/public/product/resized%40width620/Ryww13spo-2aaec7584c42.jpg|https://image.production.fruitsfamily.com/public/product/resized%40width620/BdyU1_z-l3-d933d765f9ba.jpg|https://image.production.fruitsfamily.com/public/product/resized%40width620/BkHiMD4jD9-e41beb292fcb.jpg|https://image.production.fruitsfamily.com/public/product/resized%40width620/E300P8VnRq-5b4182eb4cac.jpg|https://image.production.fruitsfamily.com/public/product/resized%40width620/xDMOsZ2DnU-4824b0c61ee7.jpg,data/images/crocs/9467582_01.jpg|data/images/crocs/9467582_02.jpg|data/images/crocs/9467582_03.jpg
FRUITSFAMILY,10001373,Crocs,Crocs,크록스 몬터레이 메탈릭 웨지 슬립온 샌들 그레이 230mm,35000,,230,"크록스슬리퍼 크록스슬라이드

웨지 슬립온 모델로 베이지 톤에 실버 포인트가
들어가 깔끔하게 신기 좋습니다.
슬리퍼처럼 편하게 신고 벗기 좋으면서 웨지
굽감이 있어 자연스러운 키높이 효과가 있습니다.
메탈릭 포인트가 밋밋하지 않아 코디 매치하기 좋습니다.
가벼운 착화감에 웨지 실루엣이 더해져 편안함과 여성스러운 느낌을 같이 가져가기 좋습니다.

상품은 사진 그대로 입니다.
꼼꼼히 확인해 보시고 결정해 주세요.
특별한 문의 없으시면 
바로 안전결제하시면 됩니다.

문의 순서와 관계없이
결제 완료 순서 기준으로 판매/출고됩니다
 
밑창 (솔) 컨디션     5.0 / 5.0
갑피(어퍼) 컨디션   5.0 / 5.0
뒷축, 앞코 컨디션   5.0 / 5.0

[ 무게 및 솔 높이 : 약 330g / 4.5cm ]

■ 안내사항

✔ 제주/도서산간은 추가 배송비가 발생할 수 있습니다.
✔ 상품 설명/사진을 꼭 확인 후 구매 부탁드립니다.
✔ 사이즈 맞춤 상담은 어렵고, 동일 표기라도 
   브랜드/모델에 따라 차이 있을 수 있습니다.
✔ 과한 보정 없이 실제 상태 기준으로 촬영했습니다.
   사진에 다 담기지 않는 미세 사용감은 있을 수 있습니다.
✔ 보풀/마감실/미약 오염/세월감 등 중고·빈티지 
   특성은 있을 수 있으며, 새상품은 별도 표기합니다.

✔ 사이즈 착오 및 단순변심으로 인한 
   반품/환불은 어렵습니다.

✔ 궁금한 점이나 추가 사진 요청은 문의 주세요. 
   빈티지에 민감하신 분은 신중히 부탁드립니다.",False,https://fruitsfamily.com/product/5yd3x/%ED%81%AC%EB%A1%9D%EC%8A%A4-%EB%AA%AC%ED%84%B0%EB%A0%88%EC%9D%B4-%EB%A9%94%ED%83%88%EB%A6%AD-%EC%9B%A8%EC%A7%80-%EC%8A%AC%EB%A6%BD%EC%98%A8-%EC%83%8C%EB%93%A4-%EA%B7%B8%EB%A0%88%EC%9D%B4-230mm,2026-08-04,https://image.production.fruitsfamily.com/public/product/resized%40width620/8zb2s9OAa-a45a368ebe73.jpg|https://image.production.fruitsfamily.com/public/product/resized%40width620/dqFSmhDHsw-f4c4559f35b8.jpg|https://image.production.fruitsfamily.com/public/product/resized%40width620/G-e7W83_0z-196645a69bd1.jpg|https://image.production.fruitsfamily.com/public/product/resized%40width620/P1ANiMT81G-fb625786f54a.jpg|https://image.production.fruitsfamily.com/public/product/resized%40width620/fVMN2rrsHO-b1fb6f76a481.jpg|https://image.production.fruitsfamily.com/public/product/resized%40width620/IVyDFfgsjo-5de078bf0b41.jpg|https://image.production.fruitsfamily.com/public/product/resized%40width620/WCxMBoL7YG-d22b72c46ddf.jpg|https://image.production.fruitsfamily.com/public/product/resized%40width620/cerzP4TEpF-16d79c32187e.jpg|https://image.production.fruitsfamily.com/public/product/resized%40width620/KW5klvu4S--3851ce7ffc5b.jpg,data/images/crocs/10001373_01.jpg|data/images/crocs/10001373_02.jpg|data/images/crocs/10001373_03.jpg
FRUITSFAMILY,10223483,Crocs,Crocs,(새상품)크록스 크러쉬 클로그,40000,,250,"착용하지 않은 새상품 크록스 크러쉬 클로그 입니다.

사이즈는 250 사이즈

구매하실분만 연락주세요.",False,https://fruitsfamily.com/product/634hn/%EC%83%88%EC%83%81%ED%92%88-%ED%81%AC%EB%A1%9D%EC%8A%A4-%ED%81%AC%EB%9F%AC%EC%89%AC-%ED%81%B4%EB%A1%9C%EA%B7%B8,2026-08-04,https://image.production.fruitsfamily.com/public/product/resized%40width620/_ylffc4zv-7c2d4a71791e.jpg|https://image.production.fruitsfamily.com/public/product/resized%40width620/GlI4A9vAl8-6fa768e25dc7.jpg|https://image.production.fruitsfamily.com/public/product/resized%40width620/WUW4wXiLrc-913204f89255.jpg|https://image.production.fruitsfamily.com/public/product/resized%40width620/YJkjxbOYim-1472ff90258b.jpg,data/images/crocs/10223483_01.jpg|data/images/crocs/10223483_02.jpg|data/images/crocs/10223483_03.jpg
FRUITSFAMILY,10101743,Crocs,Crocs,크록스 x 살레헤 벰버리 폴렉스 슬라이드 허클 270~275,39000,,270,"단품
실착수 적어 
상태 좋음
보기완 달리 착용감 좋음
표기사이즈 보다 작게 나온듯 함
추천사이즈 270~275

중고물품 특성상 
개인변심으로 인한 교환/환불 불가",False,https://fruitsfamily.com/product/60ijz/%ED%81%AC%EB%A1%9D%EC%8A%A4-x-%EC%82%B4%EB%A0%88%ED%97%A4-%EB%B2%B0%EB%B2%84%EB%A6%AC-%ED%8F%B4%EB%A0%89%EC%8A%A4-%EC%8A%AC%EB%9D%BC%EC%9D%B4%EB%93%9C-%ED%97%88%ED%81%B4-270-275,2026-08-04,https://image.production.fruitsfamily.com/public/product/resized%40width620/7eJ3JhlW5-07c1d7d2d4b5.jpg|https://image.production.fruitsfamily.com/public/product/resized%40width620/RHMaoPl_j3-86f4edab16f3.jpg|https://image.production.fruitsfamily.com/public/product/resized%40width620/GXY7AcxfF8-4a2a34ca3f29.jpg|https://image.production.fruitsfamily.com/public/product/resized%40width620/fcEorvJYKa-14fdc75f6a30.jpg|https://image.production.fruitsfamily.com/public/product/resized%40width620/88Q3NU0JDg-49d58e4c7f4a.jpg,data/images/crocs/10101743_01.jpg|data/images/crocs/10101743_02.jpg|data/images/crocs/10101743_03.jpg
FRUITSFAMILY,10412783,Crocs,Crocs,크록스 트레일브레이크2 클레이 280,155000,,280,"280입니다
연락주세여~",False,https://fruitsfamily.com/product/676jz/%ED%81%AC%EB%A1%9D%EC%8A%A4-%ED%8A%B8%EB%A0%88%EC%9D%BC%EB%B8%8C%EB%A0%88%EC%9D%B4%ED%81%AC2-%ED%81%B4%EB%A0%88%EC%9D%B4-280,2026-08-04,https://image.production.fruitsfamily.com/public/product/resized%40width620/2Q7IK0kpE-39ce146833d5.jpg|https://image.production.fruitsfamily.com/public/product/resized%40width620/wxiUuuABPr-4acb1f42baa8.jpg|https://image.production.fruitsfamily.com/public/product/resized%40width620/_8Nk3mvzHi-1487bee9f25d.jpg|https://image.production.fruitsfamily.com/public/product/resized%40width620/KHXZzWDYry-623526c33863.jpg|https://image.production.fruitsfamily.com/public/product/resized%40width620/RxhtRY7Z33-0c07eb021ec8.jpg,data/images/crocs/10412783_01.jpg|data/images/crocs/10412783_02.jpg|data/images/crocs/10412783_03.jpg
FRUITSFAMILY,10366835,Crocs,Crocs,[265] 크록스 비브람 클로그 블랙,119000,,265,"블랙 색상의 크록스 비브람 클로그 265 사이즈입니다. 

튼튼한 비브람 밑창으로 접지력과 내구성이 좋습니다. 

박스포함 미착용 신품입니다

배송비 무료 입니다

가품일시만 환불 가능합니다

구매 원하시면 바로 안전결제 해주시면 됩니다

문의주세뇨",False,https://fruitsfamily.com/product/6673n/265-%ED%81%AC%EB%A1%9D%EC%8A%A4-%EB%B9%84%EB%B8%8C%EB%9E%8C-%ED%81%B4%EB%A1%9C%EA%B7%B8-%EB%B8%94%EB%9E%99,2026-08-04,https://image.production.fruitsfamily.com/public/product/resized%40width620/BVxcNrtEP-b6e50be6ca22.jpg|https://image.production.fruitsfamily.com/public/product/resized%40width620/PnVzLMNsEp-765f5c45aca4.jpg|https://image.production.fruitsfamily.com/public/product/resized%40width620/6fWbNAtwfl-260766d9dad7.jpg|https://image.production.fruitsfamily.com/public/product/resized%40width620/oc3uKJP-rr-d506ffbad4ad.jpg,data/images/crocs/10366835_01.jpg|data/images/crocs/10366835_02.jpg|data/images/crocs/10366835_03.jpg
FRUITSFAMILY,3546604,Crocs,Crocs,Crocs,82000,,230,"- crocs gretel

* Size : US 6
230mm recommended.

shoes only

✲ 𝟮,𝟬𝟬𝟬 𝗞𝗥𝗪 coupon, 
for site membership registration ✲

tentothefour.kr",False,https://fruitsfamily.com/product/240ks/crocs,2026-08-04,https://image.production.fruitsfamily.com/public/product/resized%40width620/AZQwQiuJIW-2E14E8FC-999F-4A91-8D74-17F70325D70D.jpg|https://image.production.fruitsfamily.com/public/product/resized%40width620/I5JhjhxmGJ-A5413120-1B57-4B71-8BDE-D6E1389B026E.jpg|https://image.production.fruitsfamily.com/public/product/resized%40width620/YuYe9M_FwD-21DD0F51-02C7-4656-9DCA-6A28432E31B7.jpg|https://image.production.fruitsfamily.com/public/product/resized%40width620/3MzQQBpOmY-B26600C6-7536-4B5F-AFBA-FA4C3AC92F0F.jpg|https://image.production.fruitsfamily.com/public/product/resized%40width620/meQifxs1la-78029F4F-8666-48BB-8DA3-BE61B792025A.jpg,data/images/crocs/3546604_01.jpg|data/images/crocs/3546604_02.jpg|data/images/crocs/3546604_03.jpg
FRUITSFAMILY,10272702,Hunter,Hunter,헌터 오리지널 2.0 쇼트 레인부츠 블랙 uk8,116100,129000,270,"1회 착용 새상품과 크게 차이 없을 정도로 컨디션 아주 좋습니다 여분 깔창, 박스, 보증서 등 구매했을 당시 풀박스 그대로 보내드립니다",False,https://fruitsfamily.com/product/646gu/%ED%97%8C%ED%84%B0-%EC%98%A4%EB%A6%AC%EC%A7%80%EB%84%90-2-0-%EC%87%BC%ED%8A%B8-%EB%A0%88%EC%9D%B8%EB%B6%80%EC%B8%A0-%EB%B8%94%EB%9E%99-uk8,2026-08-04,https://image.production.fruitsfamily.com/public/product/resized%40width620/z8i-vJ2xf-e60b67c84e7a.jpg|https://image.production.fruitsfamily.com/public/product/resized%40width620/eq159y33bq-c65b2bc6afe8.jpg|https://image.production.fruitsfamily.com/public/product/resized%40width620/Y6AK9341am-2f2070286c96.jpg|https://image.production.fruitsfamily.com/public/product/resized%40width620/77r76vwYXV-e8f8518166c4.jpg,data/images/hunter/10272702_01.jpg|data/images/hunter/10272702_02.jpg|data/images/hunter/10272702_03.jpg
FRUITSFAMILY,10215604,Hunter,Hunter,"헌터 네이비 톨 레인부츠 245,250",43000,57000,245,"헌터 오리지널 톨 레인부츠 네이비 입니다.
uk6, us7, eu39
245,250신는 저에게 잘 맞습니다.
5회 착용으로 상태 좋습니다.
장마철 대비하세요:)
박스는 구매하자마자 버려서 없습니댱 🥹

🎀인천지역 직거래 가능합니다.
🎀노리턴, 노환불. 신중한 선택 부탁드려요.
🎀중고제품이니 예민하신분은 피해주세요.",False,https://fruitsfamily.com/product/62yes/%ED%97%8C%ED%84%B0-%EB%84%A4%EC%9D%B4%EB%B9%84-%ED%86%A8-%EB%A0%88%EC%9D%B8%EB%B6%80%EC%B8%A0-245-250,2026-08-04,https://image.production.fruitsfamily.com/public/product/resized%40width620/8Ur1995gp-fb443f100be9.jpg|https://image.production.fruitsfamily.com/public/product/resized%40width620/CGTrp39j4W-331f1c6c1782.jpg|https://image.production.fruitsfamily.com/public/product/resized%40width620/Q7sKYqXIl6-2d3c6f15603d.jpg|https://image.production.fruitsfamily.com/public/product/resized%40width620/Y8yiuGnHDX-5749554cb5d4.jpg,data/images/hunter/10215604_01.jpg|data/images/hunter/10215604_02.jpg|data/images/hunter/10215604_03.jpg
FRUITSFAMILY,10179433,Hunter,Hunter,사이즈220) 헌터 오리지날 플레이 톨 레인부츠-WFT2007RMACAS,70000,,220,"[WOMEN] 오리지날 플레이 톨 레인부츠 - 캐스트 WFT2007RMACAS

사이즈 220에 UK3, 추천 225-230mm 추천입니다.
총 5번 신었습니다.

⭐️사람마다 체형은 상이합니다.
⭐️사용감 있는 중고입니다. 
⭐️현장네고 및 반품 / 환불 불가합니다.

택배거래 가능하고 직거래시 신도림 중학교 앞에서 진행합니다.",False,https://fruitsfamily.com/product/626i1/%EC%82%AC%EC%9D%B4%EC%A6%88220-%ED%97%8C%ED%84%B0-%EC%98%A4%EB%A6%AC%EC%A7%80%EB%82%A0-%ED%94%8C%EB%A0%88%EC%9D%B4-%ED%86%A8-%EB%A0%88%EC%9D%B8%EB%B6%80%EC%B8%A0-wft2007rmacas,2026-08-04,https://image.production.fruitsfamily.com/public/product/resized%40width620/15u-rV752-b3477a49b537.jpg|https://image.production.fruitsfamily.com/public/product/resized%40width620/OJZRP-UvnA-3229d4a077b6.jpg|https://image.production.fruitsfamily.com/public/product/resized%40width620/-llCZvcc7F-c563716b13ae.jpg|https://image.production.fruitsfamily.com/public/product/resized%40width620/d6Q8ogyD0o-d00bcae42d5a.jpg|https://image.production.fruitsfamily.com/public/product/resized%40width620/skgwtfvhMM-96326cda9707.jpg|https://image.production.fruitsfamily.com/public/product/resized%40width620/X7Bv6TV386-13d96e301084.jpg|https://image.production.fruitsfamily.com/public/product/resized%40width620/JXRcEcltGG-75296de73add.jpg,data/images/hunter/10179433_01.jpg|data/images/hunter/10179433_02.jpg|data/images/hunter/10179433_03.jpg
FRUITSFAMILY,10385897,Hunter,Hunter,헌터 오리지널 글로스 페니로퍼 핑크 UK5 240,67000,,240,"헌터 핑크 글로스 로퍼예요. 광택감 있는 소재로 고급스럽고 상태도 깔끔해 보여요. 비오는 날 실용적이면서 스타일리시한 디자인이라 편하게 신기 좋을 것 같아요!
가볍게 착용한 제품이라 깔끔한 컨디션입니다.

· 빈티지 제품 특성상 미처 발견하지 못한 오염이나 데미지가 있을 수 있습니다.
· 모니터 사양에 따라 색상이 다르게 보일 수 있습니다.
· 측정 방법에 따라 1~2cm 오차가 발생할 수 있습니다.
· 교환 및 환불은 불가능하오니 신중한 구매 부탁드립니다.",False,https://fruitsfamily.com/product/66lt5/%ED%97%8C%ED%84%B0-%EC%98%A4%EB%A6%AC%EC%A7%80%EB%84%90-%EA%B8%80%EB%A1%9C%EC%8A%A4-%ED%8E%98%EB%8B%88%EB%A1%9C%ED%8D%BC-%ED%95%91%ED%81%AC-uk5-240,2026-08-04,https://image.production.fruitsfamily.com/public/product/resized%40width620/3GFT3i3sG-2e700d38be12.jpg|https://image.production.fruitsfamily.com/public/product/resized%40width620/phhDluPB8m-849a3972a0e4.jpg|https://image.production.fruitsfamily.com/public/product/resized%40width620/ynLxgl7Pz5-8d4335266b43.jpg|https://image.production.fruitsfamily.com/public/product/resized%40width620/BMGHoXjrmQ-b51f9add974b.jpg|https://image.production.fruitsfamily.com/public/product/resized%40width620/NLFJHH47K7-a6ddc3353841.jpg|https://image.production.fruitsfamily.com/public/product/resized%40width620/Xa-cHuchTo-344bcc1e7212.jpg|https://image.production.fruitsfamily.com/public/product/resized%40width620/qGztlPU4TA-5a9fd1b85288.jpg|https://image.production.fruitsfamily.com/public/product/resized%40width620/cZ6p_YuXKg-7d12158a8451.jpg|https://image.production.fruitsfamily.com/public/product/resized%40width620/W_vFZOiKGH-9debd0aaf30c.jpg,data/images/hunter/10385897_01.jpg|data/images/hunter/10385897_02.jpg|data/images/hunter/10385897_03.jpg
FRUITSFAMILY,4859596,Hunter,Hunter,헌터 리파인드 글로스 미드 힐,110000,123000,240,"국내 사이즈가 없는 새상품에요
잘 관리하다 내놓게 되었네요
이쁘게 신으실분 연락주세요",False,https://fruitsfamily.com/product/2w5os/%ED%97%8C%ED%84%B0-%EB%A6%AC%ED%8C%8C%EC%9D%B8%EB%93%9C-%EA%B8%80%EB%A1%9C%EC%8A%A4-%EB%AF%B8%EB%93%9C-%ED%9E%90,2026-08-04,https://image.production.fruitsfamily.com/public/product/resized%40width620/mI0tFFLH8bF-09FF46D0-2552-46A8-B11E-5DB4BB58A3CC.jpg|https://image.production.fruitsfamily.com/public/product/resized%40width620/hwnJ-vpkaAs-EC669410-7EA0-4A7B-93D2-56B4471DDFE6.jpg,data/images/hunter/4859596_01.jpg|data/images/hunter/4859596_02.jpg
FRUITSFAMILY,9874908,Hunter,Hunter,헌터 레인부츠270,50000,,270,"헌터 레인부츠270
헌터 레인부츠 270입니다. 275까지 가능할 거 같습니다. 구성품은 신발뿐입니다",False,https://fruitsfamily.com/product/5vnj0/%ED%97%8C%ED%84%B0-%EB%A0%88%EC%9D%B8%EB%B6%80%EC%B8%A0270,2026-08-04,https://image.production.fruitsfamily.com/public/product/resized%40width620/NsST2uhm2-e4929d48095d.jpg|https://image.production.fruitsfamily.com/public/product/resized%40width620/sYRTxd8fww-11cc5b16a0d9.jpg|https://image.production.fruitsfamily.com/public/product/resized%40width620/QmVm080vQN-c1b9f237cbdb.jpg|https://image.production.fruitsfamily.com/public/product/resized%40width620/xmBhulRLos-efde1d1f8c7b.jpg|https://image.production.fruitsfamily.com/public/product/resized%40width620/oDK4ie_6sZ-1271d34e40e1.jpg|https://image.production.fruitsfamily.com/public/product/resized%40width620/Z90bTEDOgc-a3b7a05f5ef9.jpg|https://image.production.fruitsfamily.com/public/product/resized%40width620/gWkp9l4nBQ-b101f62c31b0.jpg,data/images/hunter/9874908_01.jpg|data/images/hunter/9874908_02.jpg|data/images/hunter/9874908_03.jpg
FRUITSFAMILY,9971348,Hunter,Hunter,[정가 14만원] HUNTER 헌터 오리지널 톨 글로스 레인부츠 230,63000,69000,230,"정가 15만원 헌터 글로시 레인부츠 UK4 230 사이즈입니다.
튼튼한 소재와 클래식한 디자인으로 오래 신을 수 있는 제품입니다. 
생활 기스 외에는 특별한 하자 없이 상태 좋습니다.

직거래 검단사거리
집으로 보내드리는 일반택배 +4000원
CU 편의점으로 보내드리는 반값택배 +2000원

판매중인 다른 옷들이랑 같이 구매하시면 할인해드립니다!
프로필 누르시고 판매물품 들어가시면 많이 있습니다!",False,https://fruitsfamily.com/product/5xpxw/%EC%A0%95%EA%B0%80-14%EB%A7%8C%EC%9B%90-hunter-%ED%97%8C%ED%84%B0-%EC%98%A4%EB%A6%AC%EC%A7%80%EB%84%90-%ED%86%A8-%EA%B8%80%EB%A1%9C%EC%8A%A4-%EB%A0%88%EC%9D%B8%EB%B6%80%EC%B8%A0-230,2026-08-04,https://image.production.fruitsfamily.com/public/product/resized%40width620/m3Xtki6pT-6d19d7fae88f.jpg|https://image.production.fruitsfamily.com/public/product/resized%40width620/mwN2uLwxPm-6943b387c86f.jpg|https://image.production.fruitsfamily.com/public/product/resized%40width620/00ssQzhhL0-49b6dbf4ea0e.jpg|https://image.production.fruitsfamily.com/public/product/resized%40width620/wNCF0G9r-V-8756aab23f49.jpg|https://image.production.fruitsfamily.com/public/product/resized%40width620/XMtElyYpg6-93fa3baae106.jpg|https://image.production.fruitsfamily.com/public/product/resized%40width620/JqeSwvbwTU-38b45bf1e55a.jpg|https://image.production.fruitsfamily.com/public/product/resized%40width620/yF_y_52cQ-0c0ac3f48649.jpg|https://image.production.fruitsfamily.com/public/product/resized%40width620/4Nw9FrSl95-4576d94463bc.jpg,data/images/hunter/9971348_01.jpg|data/images/hunter/9971348_02.jpg|data/images/hunter/9971348_03.jpg
FRUITSFAMILY,6936803,Hunter,Hunter,헌터 레인부츠 레드 글로시 ,150000,,240,"헌터 레인부츠 레드 글로시 톨 사이즈입니다
- 사이즈는 UK5, EU38, 240mm
- 새 상품 입니다",False,https://fruitsfamily.com/product/44ogz/%ED%97%8C%ED%84%B0-%EB%A0%88%EC%9D%B8%EB%B6%80%EC%B8%A0-%EB%A0%88%EB%93%9C-%EA%B8%80%EB%A1%9C%EC%8B%9C,2026-08-04,https://image.production.fruitsfamily.com/public/product/resized%40width620/mtCY9MDL4r-D1C6AD80-D384-4DB2-A599-FE97A97B1E79.jpg|https://image.production.fruitsfamily.com/public/product/resized%40width620/hYYPy_P_Qx-CE9BDEBA-BAB7-4257-9F75-692E513315E2.jpg|https://image.production.fruitsfamily.com/public/product/resized%40width620/WbkpHsKQgs-D6D85BE3-77EC-4DAB-8257-85B8B284C629.jpg|https://image.production.fruitsfamily.com/public/product/resized%40width620/qYPVAe0fG6-A698AA50-ABD9-4585-9D3B-9687B2995EB1.jpg|https://image.production.fruitsfamily.com/public/product/resized%40width620/8jf1K2uDvH-7ECCAD41-6AE4-459E-BFE6-91D5FE60C929.jpg,data/images/hunter/6936803_01.jpg|data/images/hunter/6936803_02.jpg|data/images/hunter/6936803_03.jpg
FRUITSFAMILY,10327408,Hunter,Hunter,헌터 [MEN] 오리지날 플레이 숏 레인부츠 - 블랙,49000,70000,300,"헌터 오리지날 플레이 숏 레인부츠 블랙 색상입니다. 실제 2회 착용으로 박스 포함하여 상태 좋습니다. 
남성용으로 나온 제품이며, 300사이즈입니다. 
300이라 널널하고 바지 넣어입어도 편합니다.

구매 원하시면 바로 안전결제 해주시면 됩니다!",False,https://fruitsfamily.com/product/65cog/%ED%97%8C%ED%84%B0-men-%EC%98%A4%EB%A6%AC%EC%A7%80%EB%82%A0-%ED%94%8C%EB%A0%88%EC%9D%B4-%EC%88%8F-%EB%A0%88%EC%9D%B8%EB%B6%80%EC%B8%A0-%EB%B8%94%EB%9E%99,2026-08-04,https://image.production.fruitsfamily.com/public/product/resized%40width620/TCd7e1dmM-464b2f1e9efd.jpg|https://image.production.fruitsfamily.com/public/product/resized%40width620/fS_SA0rVJd-0a135bcc7bbc.jpg|https://image.production.fruitsfamily.com/public/product/resized%40width620/76U4HwXkqE-8ff3f32173c2.jpg|https://image.production.fruitsfamily.com/public/product/resized%40width620/gitwGxkGNM-7462a3a2ade1.jpg|https://image.production.fruitsfamily.com/public/product/resized%40width620/43cfgdRgj--6e3b46c94bb2.jpg,data/images/hunter/10327408_01.jpg|data/images/hunter/10327408_02.jpg|data/images/hunter/10327408_03.jpg
FRUITSFAMILY,9770649,Hunter,Hunter,오호스 헌터 부츠 판매해요,450000,600000,250,"딱 한 번 신고 그 뒤로 안 신었습니다
산지 얼마 안됐어요 
급전이 필요해서 내 놓았습니다
박스는 없지만 신발에 붙이는 끈까지 다 있습니다

근데 진짜 너뮤 예뻐요.. 급전이 필요해서 60만원에 샀는데 급하게 내놓습니다 ㅠㅠ",False,https://fruitsfamily.com/product/5tf2x/%EC%98%A4%ED%98%B8%EC%8A%A4-%ED%97%8C%ED%84%B0-%EB%B6%80%EC%B8%A0-%ED%8C%90%EB%A7%A4%ED%95%B4%EC%9A%94,2026-08-04,https://image.production.fruitsfamily.com/public/product/resized%40width620/b-kZJMdSg-c84950d0fa62.jpg,data/images/hunter/9770649_01.jpg
FRUITSFAMILY,9909528,Hunter,Hunter,헌터 [UNISEX] 플레이 트래블 숏 레인부츠 - 화이트윌로우 UFS4,100000,130000,230,"1회 착용 상품이고 단종되어 품절되어있는 사이즈입니다 
정가 239,000
ㄱㅈ거래시 수수료 무료",False,https://fruitsfamily.com/product/5we8o/%ED%97%8C%ED%84%B0-unisex-%ED%94%8C%EB%A0%88%EC%9D%B4-%ED%8A%B8%EB%9E%98%EB%B8%94-%EC%88%8F-%EB%A0%88%EC%9D%B8%EB%B6%80%EC%B8%A0-%ED%99%94%EC%9D%B4%ED%8A%B8%EC%9C%8C%EB%A1%9C%EC%9A%B0-ufs4,2026-08-04,https://image.production.fruitsfamily.com/public/product/resized%40width620/ZwEj6OivM-806e043850b4.jpg,data/images/hunter/9909528_01.jpg
FRUITSFAMILY,10382318,Hunter,Hunter,정품 헌터 스트랩 샌들 남성 250 네이비 사랑봉봉,36000,,250,"(네이비배색)

편한 착화감, 기본스타일.
정품, 특이사항없어요.

검색창에 사랑봉봉 검색해주세요^^~

라벨 : UK6 / 250정도
-60--8700273--",False,https://fruitsfamily.com/product/66j1q/%EC%A0%95%ED%92%88-%ED%97%8C%ED%84%B0-%EC%8A%A4%ED%8A%B8%EB%9E%A9-%EC%83%8C%EB%93%A4-%EB%82%A8%EC%84%B1-250-%EB%84%A4%EC%9D%B4%EB%B9%84-%EC%82%AC%EB%9E%91%EB%B4%89%EB%B4%89,2026-08-04,https://image.production.fruitsfamily.com/public/product/resized%40width620/kk2Zxxz2k-7060134243ba.jpg|https://image.production.fruitsfamily.com/public/product/resized%40width620/HfP56sWXlF-69f231822e57.jpg|https://image.production.fruitsfamily.com/public/product/resized%40width620/l3hfaEF-sD-7c14d3b11ca6.jpg|https://image.production.fruitsfamily.com/public/product/resized%40width620/C8-Qj1Oxo_-d10b9a1ba0d4.jpg|https://image.production.fruitsfamily.com/public/product/resized%40width620/qwAps8b3ZX-052ccacde17c.jpg|https://image.production.fruitsfamily.com/public/product/resized%40width620/drNBwODyJH-fa309dcb67cb.jpg,data/images/hunter/10382318_01.jpg|data/images/hunter/10382318_02.jpg|data/images/hunter/10382318_03.jpg
FRUITSFAMILY,6612182,Hunter,Hunter,겐조x헌터 방한화 270,266000,380000,270,"새상품 미착용 

꼬르소꼬모 구매후 보관

풀셋 

박스엔 275 이나 270 신으신분에게 맞아요 

270 으로 봐야 해용",False,https://fruitsfamily.com/product/3xpzq/%EA%B2%90%EC%A1%B0x%ED%97%8C%ED%84%B0-%EB%B0%A9%ED%95%9C%ED%99%94-270,2026-08-04,https://image.production.fruitsfamily.com/public/product/resized%40width620/w2HJFU7-y0-58381543-3B3C-41A1-A6C3-3EDF1704D556.jpg|https://image.production.fruitsfamily.com/public/product/resized%40width620/KbPs2Gby1q-45749977-79D2-429D-BBCF-2E2B5507E590.jpg|https://image.production.fruitsfamily.com/public/product/resized%40width620/XyXTMdc0wd-0E7201F5-4200-4228-A4E9-70A810D76781.jpg|https://image.production.fruitsfamily.com/public/product/resized%40width620/eRqUMMdFHm-A814DBAA-D780-4F66-9EC7-98678308B0F2.jpg|https://image.production.fruitsfamily.com/public/product/resized%40width620/UKfusdlh0m-654D6F33-BF3D-4DBB-A546-872158B9DCF1.jpg|https://image.production.fruitsfamily.com/public/product/resized%40width620/Avn3Ya5wAv-7D763403-4872-4BE0-B582-7B4A6580D748.jpg,data/images/hunter/6612182_01.jpg|data/images/hunter/6612182_02.jpg|data/images/hunter/6612182_03.jpg
FRUITSFAMILY,9308494,Hunter,Hunter,헌터 첼시 레인부츠 ,60000,70000,245,"EU38 UK5 US7
(235~245)  이건 그냥 참고

사이즈 조언 어려우니 검색해보고 구매하세요 
사이즈 문제로  교환 환불 안받아요
실측사이즈 확인후 구매하세요 
사람이 재는거기에 약 1~2센치 오차는 있을수 있습니다
당연히 꼼꼼히 체크 하겠지만 미처 발견하지 못한 오염이 있을수 있습니다 
중고이니 예민하신분은 패스해주세요 
환불 반품 안됩니다 
이것저것 따지시는분은 백화점으로 고고하십쇼
 네고문의는 안받습니다
없는 물건이 있으니 메세지 먼저 주세요",False,https://fruitsfamily.com/product/5jiha/%ED%97%8C%ED%84%B0-%EC%B2%BC%EC%8B%9C-%EB%A0%88%EC%9D%B8%EB%B6%80%EC%B8%A0,2026-08-04,https://image.production.fruitsfamily.com/public/product/resized%40width620/_N5xZrtoC-aff8deda54b8.jpg|https://image.production.fruitsfamily.com/public/product/resized%40width620/lXljPZjjUU-ca4c949ef34b.jpg|https://image.production.fruitsfamily.com/public/product/resized%40width620/31c3Fc8XyO-f4b6aded14e2.jpg|https://image.production.fruitsfamily.com/public/product/resized%40width620/GU_hF3LOVn-73d2d3fb5ae9.jpg|https://image.production.fruitsfamily.com/public/product/resized%40width620/kvmdQjOLfV-e103961d651d.jpg|https://image.production.fruitsfamily.com/public/product/resized%40width620/EriF-BdMO-7cf55ac8fa88.jpg|https://image.production.fruitsfamily.com/public/product/resized%40width620/UaE19ALUtj-bdd7aa7fdcaa.jpg|https://image.production.fruitsfamily.com/public/product/resized%40width620/YdCR7RK8Qb-7fa2d32cad09.jpg,data/images/hunter/9308494_01.jpg|data/images/hunter/9308494_02.jpg|data/images/hunter/9308494_03.jpg
FRUITSFAMILY,9481260,Hunter,Hunter,헌터 레인부츠 오리지널 톨 글로스 레드 UK5,60000,65000,240,"UK5 EU38 사이즈로 240mm 입니다.

유광제품으로 광택감 유지를 위한 헌터 부츠 전용 클리너를 함께 드립니다!

사진 속 코디처럼 센스있는 코디가 가능해요🔴",False,https://fruitsfamily.com/product/5n7sc/%ED%97%8C%ED%84%B0-%EB%A0%88%EC%9D%B8%EB%B6%80%EC%B8%A0-%EC%98%A4%EB%A6%AC%EC%A7%80%EB%84%90-%ED%86%A8-%EA%B8%80%EB%A1%9C%EC%8A%A4-%EB%A0%88%EB%93%9C-uk5,2026-08-04,https://image.production.fruitsfamily.com/public/product/resized%40width620/2ncPrV7aIz-0e3b418ad054.jpg|https://image.production.fruitsfamily.com/public/product/resized%40width620/SYMlmibezt-a3b8b39fcdda.jpg|https://image.production.fruitsfamily.com/public/product/resized%40width620/BriHr1Wd9i-5596a2d4ec3a.jpg|https://image.production.fruitsfamily.com/public/product/resized%40width620/krjgOAC0vh-ab169771cf0c.jpg|https://image.production.fruitsfamily.com/public/product/resized%40width620/rdq-MiyNSO-e1731c5b6058.jpg|https://image.production.fruitsfamily.com/public/product/resized%40width620/QOBh6weyL-daad2e1319c7.jpg|https://image.production.fruitsfamily.com/public/product/resized%40width620/8Bm1WY9dhk-d7101b69b808.jpg|https://image.production.fruitsfamily.com/public/product/resized%40width620/eSAMmcq4j4-1c63f66375b6.jpg,data/images/hunter/9481260_01.jpg|data/images/hunter/9481260_02.jpg|data/images/hunter/9481260_03.jpg
FRUITSFAMILY,9256524,Hunter,Hunter,헌터 레인부츠 톨 블랙,95000,100000,240,"크림에서 구매
구매후 실착x
새상품입니다
Gs편의점 반택 가능

사이즈: US 6W (UK 4)",False,https://fruitsfamily.com/product/5iedo/%ED%97%8C%ED%84%B0-%EB%A0%88%EC%9D%B8%EB%B6%80%EC%B8%A0-%ED%86%A8-%EB%B8%94%EB%9E%99,2026-08-04,https://image.production.fruitsfamily.com/public/product/resized%40width620/JyHk2LgOq-b5f3dfeda7fb.jpg|https://image.production.fruitsfamily.com/public/product/resized%40width620/Sqp8D_Hk9V-7243b41647b7.jpg,data/images/hunter/9256524_01.jpg|data/images/hunter/9256524_02.jpg
FRUITSFAMILY,6198621,Hunter,Hunter,헌터 x 앤더슨벨 오리지날 2.0 톨 부츠 블랙,395000,,260,3번 밖에 착용안해서 상태 좋고 하얗게 뜬 현상 있는데 고무전용클리너로 닦으면 복원 가능해요 해,False,https://fruitsfamily.com/product/3ouvx/%ED%97%8C%ED%84%B0-x-%EC%95%A4%EB%8D%94%EC%8A%A8%EB%B2%A8-%EC%98%A4%EB%A6%AC%EC%A7%80%EB%82%A0-2-0-%ED%86%A8-%EB%B6%80%EC%B8%A0-%EB%B8%94%EB%9E%99,2026-08-04,https://image.production.fruitsfamily.com/public/product/resized%40width620/lobdO5Skcu-738FEB36-BF57-4C83-A7C8-F35E46325B84.jpg,data/images/hunter/6198621_01.jpg
FRUITSFAMILY,10212676,Hunter,Hunter,헌터 오리지날 톨 레인부츠 230,72000,80000,230,"크림에서 구매
시착 후 보관",False,https://fruitsfamily.com/product/62w5g/%ED%97%8C%ED%84%B0-%EC%98%A4%EB%A6%AC%EC%A7%80%EB%82%A0-%ED%86%A8-%EB%A0%88%EC%9D%B8%EB%B6%80%EC%B8%A0-230,2026-08-04,https://image.production.fruitsfamily.com/public/product/resized%40width620/J84JDrF5k-723da721b364.jpg|https://image.production.fruitsfamily.com/public/product/resized%40width620/LE4Ecu8t7T-3c115d43ad83.jpg|https://image.production.fruitsfamily.com/public/product/resized%40width620/hEet_kLpBc-371c57f82050.jpg|https://image.production.fruitsfamily.com/public/product/resized%40width620/i0MnULlbuN-86d1de52bdf3.jpg,data/images/hunter/10212676_01.jpg|data/images/hunter/10212676_02.jpg|data/images/hunter/10212676_03.jpg
FRUITSFAMILY,10355132,Hunter,Hunter,(w) 헌터 플레이 톨 레인부츠,90000,,240,한 번 착용하고 보관 했습니다,False,https://fruitsfamily.com/product/65y2k/w-%ED%97%8C%ED%84%B0-%ED%94%8C%EB%A0%88%EC%9D%B4-%ED%86%A8-%EB%A0%88%EC%9D%B8%EB%B6%80%EC%B8%A0,2026-08-04,https://image.production.fruitsfamily.com/public/product/resized%40width620/x53EkPPGq-361f1ae3563a.jpg|https://image.production.fruitsfamily.com/public/product/resized%40width620/vmvZBeYhnt-16906751ca21.jpg|https://image.production.fruitsfamily.com/public/product/resized%40width620/7oqvjBqxIh-4814d773261c.jpg|https://image.production.fruitsfamily.com/public/product/resized%40width620/MpHrqPWAuB-5ebbd2ce1bf9.jpg|https://image.production.fruitsfamily.com/public/product/resized%40width620/KSMeTyhtY4-283c1c7ec96a.jpg|https://image.production.fruitsfamily.com/public/product/resized%40width620/4KyyaJzekE-a7077e22ae32.jpg|https://image.production.fruitsfamily.com/public/product/resized%40width620/Je7TsZAHUq-1cc43328f257.jpg,data/images/hunter/10355132_01.jpg|data/images/hunter/10355132_02.jpg|data/images/hunter/10355132_03.jpg
FRUITSFAMILY,10109432,Hunter,Hunter,헌터 우먼 오리지널 플레이 부츠 숏[260],100000,,260,"거의 새상품
한번 착용해보고 사이즈 미스로 판매합니다
교환,에눌X",False,https://fruitsfamily.com/product/60ohk/%ED%97%8C%ED%84%B0-%EC%9A%B0%EB%A8%BC-%EC%98%A4%EB%A6%AC%EC%A7%80%EB%84%90-%ED%94%8C%EB%A0%88%EC%9D%B4-%EB%B6%80%EC%B8%A0-%EC%88%8F-260,2026-08-04,https://image.production.fruitsfamily.com/public/product/resized%40width620/G1ua6e-Uz-d24432554e92.jpg|https://image.production.fruitsfamily.com/public/product/resized%40width620/hbJgX0TA7M-d79aa011c552.jpg|https://image.production.fruitsfamily.com/public/product/resized%40width620/6QqOVJLtc6-092aefe263a4.jpg|https://image.production.fruitsfamily.com/public/product/resized%40width620/ZVzUwL1KsO-566b848a2a0a.jpg,data/images/hunter/10109432_01.jpg|data/images/hunter/10109432_02.jpg|data/images/hunter/10109432_03.jpg
FRUITSFAMILY,8005698,Puma,Puma,푸마 미하라 야스히로 스니커스,189000,210000,240,"Puma mihara yasuhiro 

Size:240",False,https://fruitsfamily.com/product/4rl8i/%ED%91%B8%EB%A7%88-%EB%AF%B8%ED%95%98%EB%9D%BC-%EC%95%BC%EC%8A%A4%ED%9E%88%EB%A1%9C-%EC%8A%A4%EB%8B%88%EC%BB%A4%EC%8A%A4,2026-08-04,https://image.production.fruitsfamily.com/public/product/resized%40width620/AXRod62prC-27270AA3-448D-489E-AFBE-0FAAA5F51C16.jpg|https://image.production.fruitsfamily.com/public/product/resized%40width620/55XUCGAwGn-DBF8068A-A995-4452-BFA7-28C432451E43.jpg|https://image.production.fruitsfamily.com/public/product/resized%40width620/yVebsAmU-c-B8B902C2-19CF-4F26-A92A-CDAABC3A68AB.jpg,data/images/puma/8005698_01.jpg|data/images/puma/8005698_02.jpg|data/images/puma/8005698_03.jpg
FRUITSFAMILY,10236362,Puma,Puma,준지 푸마 스피드캣 230,135000,,230,"준지 푸마 스피드캣 새상품 230 사이즈입니다

풀구성품",False,https://fruitsfamily.com/product/63efe/%EC%A4%80%EC%A7%80-%ED%91%B8%EB%A7%88-%EC%8A%A4%ED%94%BC%EB%93%9C%EC%BA%A3-230,2026-08-04,https://image.production.fruitsfamily.com/public/product/resized%40width620/Jgf_mx1Ek-b7ce41967093.jpg|https://image.production.fruitsfamily.com/public/product/resized%40width620/2XRkc8nGaw-514384a91077.jpg|https://image.production.fruitsfamily.com/public/product/resized%40width620/-jZK3ABGcI-6041babf8698.jpg|https://image.production.fruitsfamily.com/public/product/resized%40width620/xZiF-Lk3ww-532903b6d5b1.jpg,data/images/puma/10236362_01.jpg|data/images/puma/10236362_02.jpg|data/images/puma/10236362_03.jpg
FRUITSFAMILY,9870892,Puma,Puma,PUMA 푸마×에리스 모스트로 미드 레더 40.5 ,280000,350000,260,"푸마 에리스 콜라보 
모스트로 미드 레더입니다

옆에 지퍼가 디테일이 확뜨여서 이뻐요

직구샾에서 샀다가 좀 작아서 팝니다
1회착 초A급입니다

박스풀셋  우체국 발송",False,https://fruitsfamily.com/product/5vkfg/puma-%ED%91%B8%EB%A7%88-%EC%97%90%EB%A6%AC%EC%8A%A4-%EB%AA%A8%EC%8A%A4%ED%8A%B8%EB%A1%9C-%EB%AF%B8%EB%93%9C-%EB%A0%88%EB%8D%94-40-5,2026-08-04,https://image.production.fruitsfamily.com/public/product/resized%40width620/spKsXcAxT-35dec60acff8.jpg|https://image.production.fruitsfamily.com/public/product/resized%40width620/-EB1oaqg0S-20918bd6fb78.jpg|https://image.production.fruitsfamily.com/public/product/resized%40width620/HT970jLbFA-6316b407d590.jpg|https://image.production.fruitsfamily.com/public/product/resized%40width620/6aC1mvlriD-eb11f7b496a6.jpg|https://image.production.fruitsfamily.com/public/product/resized%40width620/wgNkLLfnz0-e59d730de9ba.jpg|https://image.production.fruitsfamily.com/public/product/resized%40width620/m-PaBfs_AB-c7efe715077c.jpg|https://image.production.fruitsfamily.com/public/product/resized%40width620/07bMuRRsy--66fdd1be5526.jpg,data/images/puma/9870892_01.jpg|data/images/puma/9870892_02.jpg|data/images/puma/9870892_03.jpg
FRUITSFAMILY,5557431,Puma,Puma,푸마x버터굿즈 바스켓 빈티지 스니커즈 신발 여성235,60000,,235,"정품 푸마x버터굿즈 바스켓 빈티지 스니커즈 신발
구성품 없이 신발만 단품입니다
스웨이드 느낌에 재질입니다
제품 상태는 매우 깨끗한 제품입니다
8,000원 드려서 세탁 완료 후 보관 중입니다

사이즈 ( 여성 235 )

✔️ 빈티지텐텐은 상품 컨디션을 중점으로 두고 합리적인 가격에 판매합니다 ‼️
✔️모든 제품 문의는 24시간 언제든지 주세요  ‼️",False,https://fruitsfamily.com/product/3b453/%ED%91%B8%EB%A7%88x%EB%B2%84%ED%84%B0%EA%B5%BF%EC%A6%88-%EB%B0%94%EC%8A%A4%EC%BC%93-%EB%B9%88%ED%8B%B0%EC%A7%80-%EC%8A%A4%EB%8B%88%EC%BB%A4%EC%A6%88-%EC%8B%A0%EB%B0%9C-%EC%97%AC%EC%84%B1235,2026-08-04,https://image.production.fruitsfamily.com/public/product/resized%40width620/L9nrgXXlY-f0d3aa060ac0.jpg|https://image.production.fruitsfamily.com/public/product/resized%40width620/xroq5TIt6y-1755858847164-4i66dpyut.jpg|https://image.production.fruitsfamily.com/public/product/resized%40width620/WSxWxw8RXw-1755858847165-ihsrnxqp2.jpg|https://image.production.fruitsfamily.com/public/product/resized%40width620/GX4WrIi0G3-1755858847166-o350xgjtx.jpg|https://image.production.fruitsfamily.com/public/product/resized%40width620/SgPoWpxdSK-1755858847166-6ou9g6cev.jpg|https://image.production.fruitsfamily.com/public/product/resized%40width620/9s2uHrb6DC-1755858847168-16ns9npcd.jpg|https://image.production.fruitsfamily.com/public/product/resized%40width620/wmifccZH2o-1755858847168-ixe3c2lub.jpg|https://image.production.fruitsfamily.com/public/product/resized%40width620/NVyQpIQ8IP-1755858847169-weyvo8f7g.jpg|https://image.production.fruitsfamily.com/public/product/resized%40width620/ilaq09fmE0-1755858847170-x1xf9e2l8.jpg,data/images/puma/5557431_01.jpg|data/images/puma/5557431_02.jpg|data/images/puma/5557431_03.jpg
FRUITSFAMILY,9582398,Puma,Puma,푸마 V-S1 블랙 270,175000,180000,270,"크림에서 20에 구매했어요
한번신었습니다
앞부분에 주름 살짝 있습니다
끈 전에꺼 빼고 끈 새거로 드립니다
끈 넣는구멍 하나 끊어졌어요 원하시면 사진보내드려용
지금 크림에서 23에 거래됩니다
ㄱㅈ거래시 네고 소액의 네고 가능",False,https://fruitsfamily.com/product/5pdtq/%ED%91%B8%EB%A7%88-v-s1-%EB%B8%94%EB%9E%99-270,2026-08-04,https://image.production.fruitsfamily.com/public/product/resized%40width620/gn0RXBvUi-d582d42b8570.jpg|https://image.production.fruitsfamily.com/public/product/resized%40width620/b5YDDNVIyr-109a0d49f9f1.jpg|https://image.production.fruitsfamily.com/public/product/resized%40width620/OItN46d4Eu-6967023ea91c.jpg|https://image.production.fruitsfamily.com/public/product/resized%40width620/sSOXCrjYkP-50f7521b1bf6.jpg|https://image.production.fruitsfamily.com/public/product/resized%40width620/6Pvp0m3e6x-22b4876962ec.jpg|https://image.production.fruitsfamily.com/public/product/resized%40width620/4z5sv5aSD-766320ce6b98.jpg|https://image.production.fruitsfamily.com/public/product/resized%40width620/JslYFSd_O0-75ea6ef3de20.jpg|https://image.production.fruitsfamily.com/public/product/resized%40width620/fjt083KVCl-66359ab8efa4.jpg,data/images/puma/9582398_01.jpg|data/images/puma/9582398_02.jpg|data/images/puma/9582398_03.jpg
FRUITSFAMILY,9845471,Puma,Puma,푸마 캐치 솔레일 슬립온 핑크,58000,80000,245,"제품 상세컷 아닌 실제 촬영컷이 유사 색감입니다.
1회 세탁 완료, 사용감 없는 제품입니다.
배송비 포함 가격입니다.",False,https://fruitsfamily.com/product/5v0tb/%ED%91%B8%EB%A7%88-%EC%BA%90%EC%B9%98-%EC%86%94%EB%A0%88%EC%9D%BC-%EC%8A%AC%EB%A6%BD%EC%98%A8-%ED%95%91%ED%81%AC,2026-08-04,https://image.production.fruitsfamily.com/public/product/resized%40width620/N-rCGKNXH-6edcb81b272c.jpg|https://image.production.fruitsfamily.com/public/product/resized%40width620/iagNUcaVYR-e84d874efde1.jpg|https://image.production.fruitsfamily.com/public/product/resized%40width620/uEypYxxL_K-214cb30075c5.jpg|https://image.production.fruitsfamily.com/public/product/resized%40width620/YHpS1GXIix-40f632de1ff2.jpg|https://image.production.fruitsfamily.com/public/product/resized%40width620/GiUkCMufFO-df6aeae1286f.jpg|https://image.production.fruitsfamily.com/public/product/resized%40width620/X9AbjFtbWV-1fd5e027e619.jpg|https://image.production.fruitsfamily.com/public/product/resized%40width620/KmgV_DgQ1P-6fcc2bcd2b1f.jpg,data/images/puma/9845471_01.jpg|data/images/puma/9845471_02.jpg|data/images/puma/9845471_03.jpg
FRUITSFAMILY,7255945,Puma,Puma,Puma X Asap Rocky 디스크코드 290,270000,,290,"1회 착용, 공홈 품절 재발매 예정x

사이즈는 275~290 추천 (조절가능)

구성품: 본품, 택, 박스 (박스 모서리 미세한 구김)

구매 외 문의는 답장하지 않으며 교환이나 환불요청x",False,https://fruitsfamily.com/product/4biq1/puma-x-asap-rocky-%EB%94%94%EC%8A%A4%ED%81%AC%EC%BD%94%EB%93%9C-290,2026-08-04,https://image.production.fruitsfamily.com/public/product/resized%40width620/Ao7m0_bdwU-A5C82E00-2177-400B-99F5-B1B82F22C043.jpg|https://image.production.fruitsfamily.com/public/product/resized%40width620/r7CsR0GQ9e-3D7C2464-38CF-41B4-8891-E39F528404C1.jpg|https://image.production.fruitsfamily.com/public/product/resized%40width620/NdKirzrB9o-47C81E8A-0ED9-4074-8698-E1975E118B8E.jpg|https://image.production.fruitsfamily.com/public/product/resized%40width620/Wk_PKXrnip-A180B340-AD43-4481-A649-BA10FAA69365.jpg|https://image.production.fruitsfamily.com/public/product/resized%40width620/Fcvo4a1-ci-C2DF6A6A-3E90-421E-8068-80B42A730357.jpg|https://image.production.fruitsfamily.com/public/product/resized%40width620/O7mHNk_TvU-C44C9A0B-E3BF-4595-8298-01944002A92F.jpg,data/images/puma/7255945_01.jpg|data/images/puma/7255945_02.jpg|data/images/puma/7255945_03.jpg
FRUITSFAMILY,3078869,Puma,Puma,(230)(W)푸마x마르디 메크르디 스웨이드 플랫폼 브라이트 멜론[대전],100000,,230,"안녕하세요 저의 상품은 두가지 방법으로 구매 가능하십니다

1.대전 직거래(장소:대전 유성구 복용파출소 앞)-8.5만원
                           - 저와 직거래시 장점-
(1)신어보시고 구매 가능해서 착화감 확인이 가능하고
사이즈 미스 없는 구매가 가능합니다
(2)15분~1시간만에 구매가 가능해서 온라인 구매보다 훨씬 빠른 구매가 가능합니다
(3)안전한 직거래 장소(파출소 바로 앞)
(4)자차를 가져오시는분은 잠시 주.정차 하실 널널한 공간
(5)천장이 있는 벤치가 있어 앉아서 신어보실 수 있고 비가 와도 편하게 거래가 가능합니다
(6)신발 주걱 제공
(7)메시지를 확인하면 늦은 새벽에도 거래 가능합니다
(8)구매시 교통비 3000원 상품가격에서 할인
(9)오프라인 매장에서 구매한 상품이라면 영수증을 보여드립니다
(10)상품과 최대한 근접한 오프라인 정품 매장 종이백에 상품을 넣어드립니다

2.택배 거래(이마트24 CJ대한통운 편의점 택배)-10만원
(1)빠른배송
(월화수목금 중 집하 완료시 평균적으로 1일 후 도착 택배사의 사정이 있다면 늦어질수도 있습니다 주말,공휴일 제외)
(2)CCTV가 설치된 편의점에서 상품 사진 최대 120장 실시간 사진 전송해드립니다 택배로 받아 볼 상품을 사진으로 미리 확인해보세요
(3)무료배송으로 배송비 3590원은 판매자인 제가 부담합니다
(4)요청시 정품 오프라인 매장 종이백을 같이 넣어드립니다

-상품 정보-
구매처:무신사(정품)

모델명:(W)푸마 x 마르디 메크르디 스웨이드 플랫폼 브라이트 멜론

사이즈:230(여성용)

정가:129,000원 (-29000원)

교환 환불
대전 직거래:상품 상태 확인 하실 여유로운 시간도 드리고 신어보시고 구매하게 해드리니 거래 후 교환,환불 불가합니다

택배거래:상품 사진 실시간 전송 중 하자 발견시 거래 취소 가능합니다 발송 후에는 교환,환불 불가합니다

#225 #235 #Daejeon #신발 #운동화 #대전 #PUMA
#MardiMercredi",False,https://fruitsfamily.com/product/1tzo5/230-w-%ED%91%B8%EB%A7%88x%EB%A7%88%EB%A5%B4%EB%94%94-%EB%A9%94%ED%81%AC%EB%A5%B4%EB%94%94-%EC%8A%A4%EC%9B%A8%EC%9D%B4%EB%93%9C-%ED%94%8C%EB%9E%AB%ED%8F%BC-%EB%B8%8C%EB%9D%BC%EC%9D%B4%ED%8A%B8-%EB%A9%9C%EB%A1%A0-%EB%8C%80%EC%A0%84,2026-08-04,https://image.production.fruitsfamily.com/public/product/resized%40width620/2UzpBACvZq-20241105_171154.jpg|https://image.production.fruitsfamily.com/public/product/resized%40width620/lu2HwJdXXG-20241105_170656.jpg|https://image.production.fruitsfamily.com/public/product/resized%40width620/Cmgtus1_-I-20241105_170816.jpg|https://image.production.fruitsfamily.com/public/product/resized%40width620/fSsnXSetU5-20241105_171004.jpg|https://image.production.fruitsfamily.com/public/product/resized%40width620/7AzmATPl5M-20241105_171029.jpg|https://image.production.fruitsfamily.com/public/product/resized%40width620/uuziB5O62i-20241105_171044.jpg|https://image.production.fruitsfamily.com/public/product/resized%40width620/G_9-dRTSTC-20241105_171101.jpg|https://image.production.fruitsfamily.com/public/product/resized%40width620/xFs_Gcc9Rk-20241105_171135.jpg|https://image.production.fruitsfamily.com/public/product/resized%40width620/qqGCmBY7II-20241105_171213.jpg|https://image.production.fruitsfamily.com/public/product/resized%40width620/zoSAEJ0RHA-20241105_171416.jpg,data/images/puma/3078869_01.jpg|data/images/puma/3078869_02.jpg|data/images/puma/3078869_03.jpg
FRUITSFAMILY,8704331,Puma,Puma,푸마 FENTY 슬라이드 시크 퍼 샌들 슬리퍼 힐 블랙 뮬 쥬시꾸뛰르,180000,,245,"Rihanna와 PUMA가 다시 한 번 손을 잡고, FENTY X PUMA 컬렉션을 선보입니다.
푸마의 스포츠 헤리티지를 기반으로 리한나의 감각적인 디자인이 더해져, 클래식과 현대적 스타일이 자연스럽게 공존합니다.
이번 컬렉션은 풋볼과 러닝 등 푸마의 대표적 스포츠 아이콘에서 영감을 받아, 유니섹스 실루엣과 세련된 컬러 팔레트로 일상 속 새로운 스타일을 제안합니다.

245사이즈,
풀박스 구성, 택 달린 새상품으로 드립니다.

특징 및 장점.
아카이브 모델 'PUMA Striker'에서 영감받은 디자인
푸마의 아이코닉한 FENTY 퍼 슬라이드를 현대적으로 재해석
퍼 소재의 스트레이트 스트랩으로 전통적인 푸마 슬라이드 형태 구현
스트랩 중앙에 메탈릭 자수 캣 로고
풋베드에 폼스트립 그래픽 스티치 디테일
젤리 미드솔과 클리트 아웃솔 적용
툴링과 풋베드에 메탈릭 FENTY 로고 적용",False,https://fruitsfamily.com/product/56kaz/%ED%91%B8%EB%A7%88-fenty-%EC%8A%AC%EB%9D%BC%EC%9D%B4%EB%93%9C-%EC%8B%9C%ED%81%AC-%ED%8D%BC-%EC%83%8C%EB%93%A4-%EC%8A%AC%EB%A6%AC%ED%8D%BC-%ED%9E%90-%EB%B8%94%EB%9E%99-%EB%AE%AC-%EC%A5%AC%EC%8B%9C%EA%BE%B8%EB%9B%B0%EB%A5%B4,2026-08-04,https://image.production.fruitsfamily.com/public/product/resized%40width620/NhdeFN289e-A23D2F81-C1EB-44FF-8720-7136FBE880EF.jpg|https://image.production.fruitsfamily.com/public/product/resized%40width620/rS27Tk9lO1-AF801EE5-9DAC-40E4-BBBE-706D3AF50A41.jpg|https://image.production.fruitsfamily.com/public/product/resized%40width620/3IuHA5c7c_-84AF75E2-42A9-4AB3-A127-1B060A1A7542.jpg|https://image.production.fruitsfamily.com/public/product/resized%40width620/LiDXMgsxe5-60666C9D-6C96-49C6-9FA0-19BC6881BD63.jpg|https://image.production.fruitsfamily.com/public/product/resized%40width620/UQ3Qwm4UU_-DE4DFC51-49EB-4467-8AEE-98A84C2DD810.jpg|https://image.production.fruitsfamily.com/public/product/resized%40width620/BIoUrdqbUd-12E43A17-BF2C-4B6A-A784-0C2A7FB245BE.jpg|https://image.production.fruitsfamily.com/public/product/resized%40width620/NAX6obCvc2-6EBAA0A7-B5F9-48B2-AABD-39FE62425C94.jpg|https://image.production.fruitsfamily.com/public/product/resized%40width620/TS_SIxiEgx-271571AE-834A-4216-BBB1-91E5F8BCD246.jpg|https://image.production.fruitsfamily.com/public/product/resized%40width620/3FN0T43hpx-AF063A7D-9A30-43AA-A8D9-CB6972A36848.jpg,data/images/puma/8704331_01.jpg|data/images/puma/8704331_02.jpg|data/images/puma/8704331_03.jpg
FRUITSFAMILY,10361521,Puma,Puma,푸마 x 닐바렛,110000,,275,"Puma x 96 hours

표기 사이즈 295이지만 착용감이 작게 나와 270 ~ 280 신으시는 분들에게 권장드립니다",False,https://fruitsfamily.com/product/66301/%ED%91%B8%EB%A7%88-x-%EB%8B%90%EB%B0%94%EB%A0%9B,2026-08-04,https://image.production.fruitsfamily.com/public/product/resized%40width620/yD-xyK8JK-0159378cdca3.jpg|https://image.production.fruitsfamily.com/public/product/resized%40width620/r21kAVlFNI-c6cb68ce80bc.jpg|https://image.production.fruitsfamily.com/public/product/resized%40width620/__8KtJ2kLI-7015409d9cc1.jpg|https://image.production.fruitsfamily.com/public/product/resized%40width620/eEHKDYOwKy-d6e613abc48e.jpg|https://image.production.fruitsfamily.com/public/product/resized%40width620/of_YrJYv7u-52a1dfe51b7c.jpg|https://image.production.fruitsfamily.com/public/product/resized%40width620/2uPVyRc-pm-293ebd2adc5e.jpg|https://image.production.fruitsfamily.com/public/product/resized%40width620/yKaqEzQRZr-b6fc5c7ce084.jpg|https://image.production.fruitsfamily.com/public/product/resized%40width620/MemMdksU-O-65c1b8625d87.jpg|https://image.production.fruitsfamily.com/public/product/resized%40width620/8auZvlwxgC-ff44e5a21c8b.jpg,data/images/puma/10361521_01.jpg|data/images/puma/10361521_02.jpg|data/images/puma/10361521_03.jpg
FRUITSFAMILY,6836629,Puma,Puma,Puma king 96hours neil barrett sneakers,145000,,255,"Made in Italy / size 40 (250-255) 

Caterpyrun의 탄성끈으로 교체된 상태 / 뒷굽 고무 부분 파손 흔적 확인 ( 추후 착용시 추가적인 파손 우려가 있으니 수선 권장드립니다 )

아웃솔 28.5
굽 1.5

-

착용샷이 제공된 상품의 경우, 모델 스펙은 172/63 입니다. 

두 개 이상 구매시 택포로 안내드립니다. 결제 전, 원하시는 상품 사진과 함께 문의 바랍니다.

사진으로는 색감·질감·두께감이 완전히 전달되지 않을 수 있습니다. 궁금하신 부분은 부담없이 문의 바랍니다.

상태 표기는 판매자의 주관이 들어갈 수 있으니, 추가확인 필요시 문의 바랍니다.

실측은 측정방식에 따라 1~2cm 오차가 있을 수 있습니다.

편의점 택배로 발송되며, 접수일 기준 1~3일 정도 소요됩니다.",False,https://fruitsfamily.com/product/42j6d/puma-king-96hours-neil-barrett-sneakers,2026-08-04,https://image.production.fruitsfamily.com/public/product/resized%40width620/jk3r3EjZ6L-700F34ED-39E0-4BEE-8AEC-A49B67907E01.jpg|https://image.production.fruitsfamily.com/public/product/resized%40width620/hdkiRdn8nn-E09E5A96-95A8-4209-8360-F77A26058717.jpg|https://image.production.fruitsfamily.com/public/product/resized%40width620/OIYsXaSO8o-EEBC4143-3A5F-4619-8394-E38746B554D5.jpg|https://image.production.fruitsfamily.com/public/product/resized%40width620/X9mA4Lz8oD-BC99938C-A594-41AD-A902-3C9112CC6B9C.jpg|https://image.production.fruitsfamily.com/public/product/resized%40width620/Rj7klWZYNP-C9061364-D805-414A-9715-B424F9E95370.jpg|https://image.production.fruitsfamily.com/public/product/resized%40width620/jPO_VkXww2-74822EB4-A36B-45AA-ADFC-F74846F92376.jpg|https://image.production.fruitsfamily.com/public/product/resized%40width620/VZ725tVlXhD-5A7B437C-D2E7-4775-AAB7-FCACDE71378B.jpg|https://image.production.fruitsfamily.com/public/product/resized%40width620/cHePhAttkCJ-C40D9321-3E30-4875-80FB-B4E84759F35D.jpg|https://image.production.fruitsfamily.com/public/product/resized%40width620/K1s4sEOAjrw-2384D8C6-E3FF-4F7C-8556-CCA5F07CBF0A.jpg|https://image.production.fruitsfamily.com/public/product/resized%40width620/8LnL3f2pPQd-2B244A32-DE97-4FD7-B46A-0752453BBBAD.jpg,data/images/puma/6836629_01.jpg|data/images/puma/6836629_02.jpg|data/images/puma/6836629_03.jpg
FRUITSFAMILY,10172536,Puma,Puma,푸마x산산기어 탈론 블랙 275,112000,140000,275,"사고 스타일 변화로 인해 팝니다. 5번 정도 신었습니다.
박스는 버려서 없습니다.. 사진 더 필요하시면 보내드리겠습니다. 쿨거시 네고해드려요 지금 크림에서 20만원에 판매되고 있습니다.",False,https://fruitsfamily.com/product/6216g/%ED%91%B8%EB%A7%88x%EC%82%B0%EC%82%B0%EA%B8%B0%EC%96%B4-%ED%83%88%EB%A1%A0-%EB%B8%94%EB%9E%99-275,2026-08-04,https://image.production.fruitsfamily.com/public/product/resized%40width620/aCryWRugI-062cf1e9356a.jpg|https://image.production.fruitsfamily.com/public/product/resized%40width620/BL4cB-e8Nf-2d0dcc493e2d.jpg|https://image.production.fruitsfamily.com/public/product/resized%40width620/60y0Lr7fUd-b5130204cf2a.jpg|https://image.production.fruitsfamily.com/public/product/resized%40width620/pSUsU9V0lM-ded48bdd2c7b.jpg|https://image.production.fruitsfamily.com/public/product/resized%40width620/yYRDM0jIeQ-2c718203d7f5.jpg|https://image.production.fruitsfamily.com/public/product/resized%40width620/IQXNXito0-059b45184546.jpg,data/images/puma/10172536_01.jpg|data/images/puma/10172536_02.jpg|data/images/puma/10172536_03.jpg
FRUITSFAMILY,10412067,Puma,Puma,[Puma] evoPOWER 3.2 TT 풋살 터프슈즈 250~260,40000,,250,"동생이 일본 빈티지 샵가서 택도 안떼진걸 사왔는데 사이즈미스로 올립니다ㅜ
품번 103218-01 입니다! 정품확인했습니다:)

일본 260사이즈라 250도 들어갈것 같구요.
발볼 있으시면 250추천합니다 260은 발볼러들한테 좀 꽉낄거같네요;
텍 보시면 알겠지만 안 신었는데 잘못둬서 뒷축에 머가 묻었습니다ㅠ 
택포 업어가세유",False,https://fruitsfamily.com/product/67603/puma-evopower-3-2-tt-%ED%92%8B%EC%82%B4-%ED%84%B0%ED%94%84%EC%8A%88%EC%A6%88-250-260,2026-08-04,https://image.production.fruitsfamily.com/public/product/resized%40width620/vJm3j-sdd-426918bd9243.jpg|https://image.production.fruitsfamily.com/public/product/resized%40width620/_StCTadsxC-3ed98976aa13.jpg|https://image.production.fruitsfamily.com/public/product/resized%40width620/REmmbM0BwV-59536f1c08b2.jpg,data/images/puma/10412067_01.jpg|data/images/puma/10412067_02.jpg|data/images/puma/10412067_03.jpg
FRUITSFAMILY,10205091,Puma,Puma,푸마 파르코 스피드켓 285 ,45000,50000,285,"앞쪽에 로고가 없고 안쪽에 파르코 로고가 들어가 있는 콜라보 제품입니다 23년도에 직구했습니다

전체적으로 자연스러운 사용감이 존재하며 큰 하자는 없습니다",False,https://fruitsfamily.com/product/62qar/%ED%91%B8%EB%A7%88-%ED%8C%8C%EB%A5%B4%EC%BD%94-%EC%8A%A4%ED%94%BC%EB%93%9C%EC%BC%93-285,2026-08-04,https://image.production.fruitsfamily.com/public/product/resized%40width620/VT2-L_1uT-646792a776fd.jpg|https://image.production.fruitsfamily.com/public/product/resized%40width620/nDJETiLnFK-99993e0fb3ef.jpg|https://image.production.fruitsfamily.com/public/product/resized%40width620/rWOiq9MaZc-f9aad3d1f8e2.jpg|https://image.production.fruitsfamily.com/public/product/resized%40width620/Dm8AGQf0xR-f017cba4b9b9.jpg|https://image.production.fruitsfamily.com/public/product/resized%40width620/EO4muHuYtd-25eef36184c6.jpg,data/images/puma/10205091_01.jpg|data/images/puma/10205091_02.jpg|data/images/puma/10205091_03.jpg
FRUITSFAMILY,9764057,Puma,Puma,[280] 푸마 2003 모스트로 스웨이드 브라운,170000,,280,"브랜드: Puma
제품명: Mostro Suede Brown
사이즈: 280
상태: 8/10
구성: 단품
가격: 170,000

—

2003년 출시된 푸마 모스트로입니다
60년대 스프린트 스파이크와 80년대 서핑화에서 영감을 받은 모델입니다

Brown. Suede Upper
Slip-on. Elastic Lacing
스컬프처럴한 스파이크 아웃솔과 슬립온 구조가 특징인 구성입니다

🦶 정사이즈 착용 권장

문의는 채팅 부탁드립니다",False,https://fruitsfamily.com/product/5t9zt/280-%ED%91%B8%EB%A7%88-2003-%EB%AA%A8%EC%8A%A4%ED%8A%B8%EB%A1%9C-%EC%8A%A4%EC%9B%A8%EC%9D%B4%EB%93%9C-%EB%B8%8C%EB%9D%BC%EC%9A%B4,2026-08-04,https://image.production.fruitsfamily.com/public/product/resized%40width620/ctT598kfX-be28378bcb96.jpg|https://image.production.fruitsfamily.com/public/product/resized%40width620/fMQOH4CCB9-7648abd74b68.jpg|https://image.production.fruitsfamily.com/public/product/resized%40width620/suDhq__i5c-48d51200da16.jpg|https://image.production.fruitsfamily.com/public/product/resized%40width620/Y8JEXSIIGs-60bb7c26df87.jpg|https://image.production.fruitsfamily.com/public/product/resized%40width620/ytgEyq7FiD-0fc3fba2e5ea.jpg|https://image.production.fruitsfamily.com/public/product/resized%40width620/dm0MEfS2fy-ddbb71d653a4.jpg|https://image.production.fruitsfamily.com/public/product/resized%40width620/Qnlof5Wjky-e9822c122b69.jpg,data/images/puma/9764057_01.jpg|data/images/puma/9764057_02.jpg|data/images/puma/9764057_03.jpg
FRUITSFAMILY,8669229,Puma,Puma,푸마 에시토 피날레 FG 축구화 255(새상품),45000,50000,255,"푸마 에시토 피날레 FG 축구화 블루/옐로우
255 사이즈이고, 박스 포함 새상품입니다
사이즈가 너무 딱맞아서 판매합니다 ㅠ",False,https://fruitsfamily.com/product/55t7x/%ED%91%B8%EB%A7%88-%EC%97%90%EC%8B%9C%ED%86%A0-%ED%94%BC%EB%82%A0%EB%A0%88-fg-%EC%B6%95%EA%B5%AC%ED%99%94-255-%EC%83%88%EC%83%81%ED%92%88,2026-08-04,https://image.production.fruitsfamily.com/public/product/resized%40width620/IsXR-VwGBO-42CA52A8-9182-434E-83B8-EEAD7E141549.jpg|https://image.production.fruitsfamily.com/public/product/resized%40width620/BmbWXEgoqU-34812DDE-508B-4C42-8224-F1343868226C.jpg|https://image.production.fruitsfamily.com/public/product/resized%40width620/glel2PBGQA-50121B76-E105-4E82-B81C-BD949F5A47EA.jpg|https://image.production.fruitsfamily.com/public/product/resized%40width620/baRf1YJfEI-BA7AE799-BA9B-4548-9BC5-CF353093F1E7.jpg|https://image.production.fruitsfamily.com/public/product/resized%40width620/lcRRajj2lJ-ED1127E4-E881-4BA6-9185-32B837F3FC21.jpg|https://image.production.fruitsfamily.com/public/product/resized%40width620/biB22d9311-47AC50F4-443E-495A-8802-234E160B38C8.jpg|https://image.production.fruitsfamily.com/public/product/resized%40width620/PuZV8sOvZx-268AA9A2-8BE7-4AF6-9BE2-5180D8F483EA.jpg|https://image.production.fruitsfamily.com/public/product/resized%40width620/2hbjw5FRrs-7700DEC2-8835-4EC8-B91B-9A08770E5A0D.jpg,data/images/puma/8669229_01.jpg|data/images/puma/8669229_02.jpg|data/images/puma/8669229_03.jpg
FRUITSFAMILY,9408307,Puma,Puma,푸마 물쿠션 슬라이드 뮬 260-270 새제품,35000,,260,"매장정품 새제품
260사이즈지만 엄청 크게나와 265-270 신는분 맞음
직거래 과천시",False,https://fruitsfamily.com/product/5lnhv/%ED%91%B8%EB%A7%88-%EB%AC%BC%EC%BF%A0%EC%85%98-%EC%8A%AC%EB%9D%BC%EC%9D%B4%EB%93%9C-%EB%AE%AC-260-270-%EC%83%88%EC%A0%9C%ED%92%88,2026-08-04,https://image.production.fruitsfamily.com/public/product/resized%40width620/Rk5m_2dFt-12c07f3c6ddf.jpg|https://image.production.fruitsfamily.com/public/product/resized%40width620/f9wiVBbIPd-197774a1e8c1.jpg|https://image.production.fruitsfamily.com/public/product/resized%40width620/qtUtg7XBcJ-10e19c4338e0.jpg|https://image.production.fruitsfamily.com/public/product/resized%40width620/Q0o9bzuCuu-51f91bc9c387.jpg,data/images/puma/9408307_01.jpg|data/images/puma/9408307_02.jpg|data/images/puma/9408307_03.jpg
FRUITSFAMILY,5405328,Puma,Puma,푸마 발레슈즈 발레코어 플랫 메리제인 240,68000,70000,240,끈부분 오염있으나 신었을때 크게 눈에 띄지 않아요,False,https://fruitsfamily.com/product/37us0/%ED%91%B8%EB%A7%88-%EB%B0%9C%EB%A0%88%EC%8A%88%EC%A6%88-%EB%B0%9C%EB%A0%88%EC%BD%94%EC%96%B4-%ED%94%8C%EB%9E%AB-%EB%A9%94%EB%A6%AC%EC%A0%9C%EC%9D%B8-240,2026-08-04,https://image.production.fruitsfamily.com/public/product/resized%40width620/CfJbgHRK_P-2A0C5AB1-C83C-4707-9B61-04E5BFAD2AC0.jpg|https://image.production.fruitsfamily.com/public/product/resized%40width620/I6RmpaWdrM-7C111DB7-8197-43CB-972E-733F98FB6B47.jpg|https://image.production.fruitsfamily.com/public/product/resized%40width620/O8Y3IRjsRe-9D0D129D-5E58-43B4-8A14-8F218FD02196.jpg|https://image.production.fruitsfamily.com/public/product/resized%40width620/zT4rQjD04B-D2CE6DD2-781D-4DD1-9D22-E6396820BEA4.jpg,data/images/puma/5405328_01.jpg|data/images/puma/5405328_02.jpg|data/images/puma/5405328_03.jpg
FRUITSFAMILY,10392303,Puma,Puma,푸마 스피드캣 핑크 발레 슈즈,50000,,245,"사랑스러운 핑크색 푸마 발레 슈즈예요
2회 착용
245mm

스피드캣 발렛 비너스 - 자스민 플라워:원화이트",False,https://fruitsfamily.com/product/66qr3/%ED%91%B8%EB%A7%88-%EC%8A%A4%ED%94%BC%EB%93%9C%EC%BA%A3-%ED%95%91%ED%81%AC-%EB%B0%9C%EB%A0%88-%EC%8A%88%EC%A6%88,2026-08-04,https://image.production.fruitsfamily.com/public/product/resized%40width620/Z97-7yB-F-2b53d4119575.jpg|https://image.production.fruitsfamily.com/public/product/resized%40width620/epvpwomw5S-87279e2c4b96.jpg|https://image.production.fruitsfamily.com/public/product/resized%40width620/b50RbhzHkS-935b1d75227c.jpg|https://image.production.fruitsfamily.com/public/product/resized%40width620/2fJiGyxSdI-ed9a66f0985a.jpg|https://image.production.fruitsfamily.com/public/product/resized%40width620/i_vz3la6FJ-f2667d630137.jpg|https://image.production.fruitsfamily.com/public/product/resized%40width620/jbm8Yb1KyE-fcc844cff91f.jpg,data/images/puma/10392303_01.jpg|data/images/puma/10392303_02.jpg|data/images/puma/10392303_03.jpg
FRUITSFAMILY,10253121,Puma,Puma,푸마 스피드캣 발레 레더,70000,,240,"집에서 시착만 한 제품입니다.

택을 제거해버려 반품이 불가한데
사이즈 미스로 재구매 예정이라 판매합니다.

정가 : 119,000원

구매 후 반품, 환불 불가합니다.

우리 모두의 시간은 소중하니
채팅 하기 전 충분히 고민하시고
*구매하실분만* 채팅주세요.",False,https://fruitsfamily.com/product/63rcx/%ED%91%B8%EB%A7%88-%EC%8A%A4%ED%94%BC%EB%93%9C%EC%BA%A3-%EB%B0%9C%EB%A0%88-%EB%A0%88%EB%8D%94,2026-08-04,https://image.production.fruitsfamily.com/public/product/resized%40width620/ioK9_BRLk-2170cf3204b4.jpg|https://image.production.fruitsfamily.com/public/product/resized%40width620/ZCefyEkC3B-c29d7f5e753d.jpg|https://image.production.fruitsfamily.com/public/product/resized%40width620/2uFVVi8Wik-0834ebc4c017.jpg,data/images/puma/10253121_01.jpg|data/images/puma/10253121_02.jpg|data/images/puma/10253121_03.jpg
FRUITSFAMILY,9441797,ASICS,Asics,아식스 x 언어펙티드 젤 카야노 14 실버 문 250,170000,,250,"아식스 x 언어펙티드 젤 카야노 14 실버 문 250
2회 착용한 거의 새상품입니다. 아무래도 사이즈가 안맞아서 판매합니다ㅜㅜ 크림에서 프리미엄 주고 구매했습니다.",False,https://fruitsfamily.com/product/5mdc5/%EC%95%84%EC%8B%9D%EC%8A%A4-x-%EC%96%B8%EC%96%B4%ED%8E%99%ED%8B%B0%EB%93%9C-%EC%A0%A4-%EC%B9%B4%EC%95%BC%EB%85%B8-14-%EC%8B%A4%EB%B2%84-%EB%AC%B8-250,2026-08-04,https://image.production.fruitsfamily.com/public/product/resized%40width620/QSdMZFvLx-8a14750dacd9.jpg|https://image.production.fruitsfamily.com/public/product/resized%40width620/kipi6Qy3CX-db492a5de12c.jpg|https://image.production.fruitsfamily.com/public/product/resized%40width620/vcYX0DYaPH-99816c993cd0.jpg|https://image.production.fruitsfamily.com/public/product/resized%40width620/MOUN52_ufi-b350e845bc24.jpg|https://image.production.fruitsfamily.com/public/product/resized%40width620/dAcbxr6I9p-bd541a52e326.jpg|https://image.production.fruitsfamily.com/public/product/resized%40width620/H_hQaegSSK-4503057ba583.jpg|https://image.production.fruitsfamily.com/public/product/resized%40width620/LYkn3Jghnj-e35a9182e903.jpg|https://image.production.fruitsfamily.com/public/product/resized%40width620/64Z3-pSjcA-5a1c1a70adde.jpg,data/images/asics/9441797_01.jpg|data/images/asics/9441797_02.jpg|data/images/asics/9441797_03.jpg
FRUITSFAMILY,10199369,ASICS,Asics,아식스 토가 그레이 270 사이즈,500000,,270,"아식스 토가 그레이 270 사이즈 입니다
사진에 보다시피 사용감 적고
미사용급 입니다
박스포함 구성품 다 있습니다.",False,https://fruitsfamily.com/product/62lvt/%EC%95%84%EC%8B%9D%EC%8A%A4-%ED%86%A0%EA%B0%80-%EA%B7%B8%EB%A0%88%EC%9D%B4-270-%EC%82%AC%EC%9D%B4%EC%A6%88,2026-08-04,https://image.production.fruitsfamily.com/public/product/resized%40width620/Pn4KSSJpZ-628287da428b.jpg|https://image.production.fruitsfamily.com/public/product/resized%40width620/m3V4CFQg6A-a6bc4dee058d.jpg|https://image.production.fruitsfamily.com/public/product/resized%40width620/v7s87dBtfG-7ddb15b673a4.jpg|https://image.production.fruitsfamily.com/public/product/resized%40width620/tb9ePalcq2-04b13a5f0760.jpg|https://image.production.fruitsfamily.com/public/product/resized%40width620/C4H_FI9wPN-1c63c77e37f6.jpg|https://image.production.fruitsfamily.com/public/product/resized%40width620/MyPGfiRJIB-7d313910d438.jpg|https://image.production.fruitsfamily.com/public/product/resized%40width620/-p6arWivmI-faaa20d09ea5.jpg|https://image.production.fruitsfamily.com/public/product/resized%40width620/RxD4UY1MKU-c0e58dc8a8cf.jpg|https://image.production.fruitsfamily.com/public/product/resized%40width620/ZrsaNhIvAt-c45471fbea29.jpg|https://image.production.fruitsfamily.com/public/product/resized%40width620/8vdaGig_Fu-6f94128ebe7a.jpg,data/images/asics/10199369_01.jpg|data/images/asics/10199369_02.jpg|data/images/asics/10199369_03.jpg
FRUITSFAMILY,10057920,ASICS,Asics,젤1130 스틸 그레이:퓨어 실버,75000,119000,290,"젤1130
스틸 그레이:퓨어 실버
290 사이즈
착용횟수 2회입니다
상태 사진과 같습니다
네고 요청 편하게 해주셔도 됩니다",False,https://fruitsfamily.com/product/5zkqo/%EC%A0%A41130-%EC%8A%A4%ED%8B%B8-%EA%B7%B8%EB%A0%88%EC%9D%B4-%ED%93%A8%EC%96%B4-%EC%8B%A4%EB%B2%84,2026-08-04,https://image.production.fruitsfamily.com/public/product/resized%40width620/duPi0fGN8-023aa6586d64.jpg|https://image.production.fruitsfamily.com/public/product/resized%40width620/cYRWWcHQi7-5920ad056577.jpg|https://image.production.fruitsfamily.com/public/product/resized%40width620/miKVA5x4_p-8a039d9b08f7.jpg|https://image.production.fruitsfamily.com/public/product/resized%40width620/MX9iDagilJ-4f9867f870bd.jpg|https://image.production.fruitsfamily.com/public/product/resized%40width620/z9jy-Dqh63-53d5716dfc90.jpg|https://image.production.fruitsfamily.com/public/product/resized%40width620/GTM6YI0M45-1c3e15717784.jpg|https://image.production.fruitsfamily.com/public/product/resized%40width620/TvMP8bB_3h-6278797ef7b0.jpg|https://image.production.fruitsfamily.com/public/product/resized%40width620/NS7xnWObWb-83032837bdce.jpg|https://image.production.fruitsfamily.com/public/product/resized%40width620/bVaP2UKHsS-9b63a789e3f7.jpg|https://image.production.fruitsfamily.com/public/product/resized%40width620/10IZ7wJyaC-ec7402689e6b.jpg,data/images/asics/10057920_01.jpg|data/images/asics/10057920_02.jpg|data/images/asics/10057920_03.jpg
FRUITSFAMILY,3622870,ASICS,Asics,아식스 젤넘버9 W235,130000,,235,"구매 외 답장✘
찔러보기식 대화&배송비&가격제안 사절✘

채팅 전 하단 글 필독

•크림에서 258000원에 구매
•여러 운동화중 제일 안신게되어 구매하다 판매합니다
•착용에 대한 흔적은 있으나 큰 오염, 하자는 없습니다.
10번 미만 착용하였으나 새것같은 컨디션 찾으시는
예민하신 분들은 구매 피해주세요
•Asics Gel-Nimbus 9 Cream
Mineral Beige
풀박 택 구성

편의점택배 +4000
cu끼리 반값택배 +2000
타 택배사,구매 외 문의 안 받습니다",False,https://fruitsfamily.com/product/25nfa/%EC%95%84%EC%8B%9D%EC%8A%A4-%EC%A0%A4%EB%84%98%EB%B2%849-w235,2026-08-04,https://image.production.fruitsfamily.com/public/product/resized%40width620/flgjVrg7oM-481540AF-5011-41B2-9BD0-5906464301C6.jpg|https://image.production.fruitsfamily.com/public/product/resized%40width620/DBuvHFYJq-89467610ed15.jpg|https://image.production.fruitsfamily.com/public/product/resized%40width620/NXgS2KB1Nx-07cb76bf9a86.jpg|https://image.production.fruitsfamily.com/public/product/resized%40width620/27mJO6kJIS-18d86fd6c3db.jpg|https://image.production.fruitsfamily.com/public/product/resized%40width620/swJeHd_-e6-079a47d050f7.jpg|https://image.production.fruitsfamily.com/public/product/resized%40width620/5jtj_3OmDC-f05a87659c60.jpg|https://image.production.fruitsfamily.com/public/product/resized%40width620/wbelq9N6ju-ec34824379bc.jpg,data/images/asics/3622870_01.jpg|data/images/asics/3622870_02.jpg|data/images/asics/3622870_03.jpg
FRUITSFAMILY,10410896,ASICS,Asics,아식스 젤 퀀텀 키네틱 280,150000,,280,"아식스 젤 퀀텀 키네틱 그래파이트 그레이 블랙
신발단품이며 마지막 사진처럼 왼발 안쪽에 찣어짐 외에 특이사항 없습니다",False,https://fruitsfamily.com/product/6753k/%EC%95%84%EC%8B%9D%EC%8A%A4-%EC%A0%A4-%ED%80%80%ED%85%80-%ED%82%A4%EB%84%A4%ED%8B%B1-280,2026-08-04,https://image.production.fruitsfamily.com/public/product/resized%40width620/fE_5i73Gi-5814a6dab569.jpg|https://image.production.fruitsfamily.com/public/product/resized%40width620/X0l4rWgOQz-689ee2622a59.jpg|https://image.production.fruitsfamily.com/public/product/resized%40width620/3pDBQE9b34-ed0c874bc655.jpg|https://image.production.fruitsfamily.com/public/product/resized%40width620/8HsZ35Dzky-27f258c38a35.jpg|https://image.production.fruitsfamily.com/public/product/resized%40width620/1QkcYcmHnD-e4dfcfb31310.jpg|https://image.production.fruitsfamily.com/public/product/resized%40width620/U8ubQqyAEq-104c0c2d1d9c.jpg|https://image.production.fruitsfamily.com/public/product/resized%40width620/U7EMKJkc8d-77965d919cbc.jpg|https://image.production.fruitsfamily.com/public/product/resized%40width620/uXNSFV6aDB-f1846bee7d54.jpg|https://image.production.fruitsfamily.com/public/product/resized%40width620/LOtuRW-7IS-557f18ccbda5.jpg,data/images/asics/10410896_01.jpg|data/images/asics/10410896_02.jpg|data/images/asics/10410896_03.jpg
FRUITSFAMILY,9864536,ASICS,Asics,아식스 Gel-Teserakt Kiko Kostadinov,171000,190000,240,"아식스 젤 테서렉트 키코 건메탈 색상입니다.
사이즈 US7(240mm)입니다.
사용감 조금 있는 편이에요. 상태 사진 확인해주세요.

박스 X, 교환, 환불 불가",False,https://fruitsfamily.com/product/5vfiw/%EC%95%84%EC%8B%9D%EC%8A%A4-gel-teserakt-kiko-kostadinov,2026-08-04,https://image.production.fruitsfamily.com/public/product/resized%40width620/SqWEkkFGG-b422614a594f.jpg|https://image.production.fruitsfamily.com/public/product/resized%40width620/6ngzPP98Ap-6abc04037a2b.jpg|https://image.production.fruitsfamily.com/public/product/resized%40width620/rBsnlR2ez5-72494b6a89ac.jpg|https://image.production.fruitsfamily.com/public/product/resized%40width620/rz0u9kOzOU-e3f4d5d34da0.jpg|https://image.production.fruitsfamily.com/public/product/resized%40width620/FCh0KmyIjL-310648aa4358.jpg|https://image.production.fruitsfamily.com/public/product/resized%40width620/b9vJyPZ3Cv-bffbd0a004cf.jpg|https://image.production.fruitsfamily.com/public/product/resized%40width620/YofTBnyzZK-d6347e4eb327.jpg|https://image.production.fruitsfamily.com/public/product/resized%40width620/iRGmVBALko-e31234d21798.jpg|https://image.production.fruitsfamily.com/public/product/resized%40width620/YpFG90_tPy-9cd40b83b733.jpg|https://image.production.fruitsfamily.com/public/product/resized%40width620/I6E73jNDkW-0c0392cecd0d.jpg,data/images/asics/9864536_01.jpg|data/images/asics/9864536_02.jpg|data/images/asics/9864536_03.jpg
FRUITSFAMILY,8509582,ASICS,Asics,아식스 하이퍼싱크 피드몬트 그레이 퓨어 실버 235,105000,,235,"⭐️ 별 다른 문의사항 없으시면 결제 해주시면 됩니다 :) 

📏 사이즈
- 235사이즈

👀 착용 횟수 
- 1회 착용 

🔖 기타
- 신발이 저한테 조금 커서 판매합니다.

사이즈문의x

패키지x (박스, 택 등)

📦택배비
- 일반택배: 3700원
- cu 끼리택배: 1800원

에눌x, 직거래x, 착샷x
중고에 너무 예민하신 분들은 피해주세요 :)",False,https://fruitsfamily.com/product/52e1a/%EC%95%84%EC%8B%9D%EC%8A%A4-%ED%95%98%EC%9D%B4%ED%8D%BC%EC%8B%B1%ED%81%AC-%ED%94%BC%EB%93%9C%EB%AA%AC%ED%8A%B8-%EA%B7%B8%EB%A0%88%EC%9D%B4-%ED%93%A8%EC%96%B4-%EC%8B%A4%EB%B2%84-235,2026-08-04,https://image.production.fruitsfamily.com/public/product/resized%40width620/cTFCb_IcWE-CF4FA40F-9830-4E0D-B003-307A38C7C974.jpg|https://image.production.fruitsfamily.com/public/product/resized%40width620/is7woUFXwI-09E83DAF-2ED3-4B46-A10E-BE60C7CB27A1.jpg|https://image.production.fruitsfamily.com/public/product/resized%40width620/lVq1meilzt-9BE82816-E1C8-41B6-8D5F-313E67C9289E.jpg|https://image.production.fruitsfamily.com/public/product/resized%40width620/rh-g2ss0W-1EF5DBB9-B313-4CB8-9743-5AB1926C37C9.jpg|https://image.production.fruitsfamily.com/public/product/resized%40width620/L5WaBaJ_zU-627FAC52-D6FE-4E52-ABF7-50E37D874DF1.jpg|https://image.production.fruitsfamily.com/public/product/resized%40width620/lkkBrtEMS0-A1EF7FEB-AFF7-439D-8222-B16EE48E5BE5.jpg,data/images/asics/8509582_01.jpg|data/images/asics/8509582_02.jpg|data/images/asics/8509582_03.jpg
FRUITSFAMILY,10357256,ASICS,Asics,아식스 하이퍼싱크 280 판매합니다,160000,170000,280,"단시간 실착 1회 상태 정말 깨끗합니다
연락주세요",False,https://fruitsfamily.com/product/65zpk/%EC%95%84%EC%8B%9D%EC%8A%A4-%ED%95%98%EC%9D%B4%ED%8D%BC%EC%8B%B1%ED%81%AC-280-%ED%8C%90%EB%A7%A4%ED%95%A9%EB%8B%88%EB%8B%A4,2026-08-04,https://image.production.fruitsfamily.com/public/product/resized%40width620/PhTvH5qYA-e5f65b6c070b.jpg|https://image.production.fruitsfamily.com/public/product/resized%40width620/r3xsSHdbBT-e2714305ed0c.jpg|https://image.production.fruitsfamily.com/public/product/resized%40width620/xl6DdzlKjo-ea84522fa212.jpg,data/images/asics/10357256_01.jpg|data/images/asics/10357256_02.jpg|data/images/asics/10357256_03.jpg
FRUITSFAMILY,9665571,ASICS,Asics,아식스 x 줄리아나 살라자르 젤 카야노 14 유칼립투스 바닐라 아이스,136000,,235,"크림에서 구매후 1번착용후 보관중입니다~ 아주 깨끗하구요..(컨디션상태 사진으로
확인해주세요)
예민하신분은 피해주세요
사이즈:235
제품박스는 없습니다

제품사진 컨디션,상세설명 잘 확인하시구 꼭 제발구매하실분만 연락주세요~
문의하셔서 답변드리면 아무런 답변도안하시는 비매너이신분들이
계세요 ㅠ(읽씹하시는분들 차단합니다)

🎈중고거래특성상 구매후 어떠한이유라도 반품 환불불가이니 충분한 문의후 신중한구매 부탁드립니다^^",False,https://fruitsfamily.com/product/5r603/%EC%95%84%EC%8B%9D%EC%8A%A4-x-%EC%A4%84%EB%A6%AC%EC%95%84%EB%82%98-%EC%82%B4%EB%9D%BC%EC%9E%90%EB%A5%B4-%EC%A0%A4-%EC%B9%B4%EC%95%BC%EB%85%B8-14-%EC%9C%A0%EC%B9%BC%EB%A6%BD%ED%88%AC%EC%8A%A4-%EB%B0%94%EB%8B%90%EB%9D%BC-%EC%95%84%EC%9D%B4%EC%8A%A4,2026-08-04,https://image.production.fruitsfamily.com/public/product/resized%40width620/q-1viTjNH-0c4c60c9bb7d.jpg|https://image.production.fruitsfamily.com/public/product/resized%40width620/AXcdvSqn0-f57cb06e065f.jpg|https://image.production.fruitsfamily.com/public/product/resized%40width620/6ssIQWVnc_-26041ec97aac.jpg|https://image.production.fruitsfamily.com/public/product/resized%40width620/U1EkGPOXVo-f18d08fbae1b.jpg|https://image.production.fruitsfamily.com/public/product/resized%40width620/a-SCYnhSg6-1c48d513397e.jpg|https://image.production.fruitsfamily.com/public/product/resized%40width620/_fILJlOlQw-6b21db1e0e1d.jpg|https://image.production.fruitsfamily.com/public/product/resized%40width620/CHKQ_jnGzY-7110fade7e60.jpg,data/images/asics/9665571_01.jpg|data/images/asics/9665571_02.jpg|data/images/asics/9665571_03.jpg
FRUITSFAMILY,8735339,ASICS,Asics,아식스 x 오토 958 젤 플렉스키 헌터 그린 블랙,180000,250000,280,"아식스 x 오토 958 젤 플렉스키 헌터 그린 블랙(280) 

키코 코스타디노브 스튜디오의 큐레이션 브랜드 오토958과 아식스의 협업 스니커즈입니다. 안전화 CP209 보아를 90년대 축구화 스타일로 재해석한 모델로, 퀼팅 레더 어퍼와 대형 자수 'O' 로고가 특징이며, 슬림한 쉐입이지만 독특한 미드솔의 형태로 매력적인 신발입니다. 

구매하고 군대가서 많이 못신었습니다..! 전역 후 스타일 변화로 판매합니다.",False,https://fruitsfamily.com/product/5788b/%EC%95%84%EC%8B%9D%EC%8A%A4-x-%EC%98%A4%ED%86%A0-958-%EC%A0%A4-%ED%94%8C%EB%A0%89%EC%8A%A4%ED%82%A4-%ED%97%8C%ED%84%B0-%EA%B7%B8%EB%A6%B0-%EB%B8%94%EB%9E%99,2026-08-04,https://image.production.fruitsfamily.com/public/product/resized%40width620/5FXiqfif5-358ad56d07fc.jpg|https://image.production.fruitsfamily.com/public/product/resized%40width620/i6zvfakDQR-CD86A0E0-DAC0-4312-BFFF-E2C609EF513A.jpg|https://image.production.fruitsfamily.com/public/product/resized%40width620/QEMmqMSAF0-EC12DC74-5F92-4C0D-B043-112D04B7B320.jpg|https://image.production.fruitsfamily.com/public/product/resized%40width620/mOXi887wcl-1A93D97C-19A5-4B0A-A550-28EAE58CDFD6.jpg|https://image.production.fruitsfamily.com/public/product/resized%40width620/RpcFPNfFOC-F7C2A7DA-A797-48B7-A036-BC1F6A77A4B7.jpg|https://image.production.fruitsfamily.com/public/product/resized%40width620/-J443ZnuhM-DB934454-5B82-43AA-8297-F5E08E97A9ED.jpg|https://image.production.fruitsfamily.com/public/product/resized%40width620/9BdwPSfVvC-55E3AFDE-B184-45D0-823D-04F27C915DCB.jpg,data/images/asics/8735339_01.jpg|data/images/asics/8735339_02.jpg|data/images/asics/8735339_03.jpg
FRUITSFAMILY,6123435,ASICS,Asics,[270] 아식스 키코 US6-S 젤 키네틱 플루언트 블랙 바닐라 새상품,260000,,270,"상품설명
키코 큐레이션 제품
택달린 새상품
정가 289000원 현재 공홈 품절

가격
265000원, 택배비 3500원 OR 착불
(제 상점에서 2개 이상 구매 시 택포로 드립니다)

유의사항
직거래 지역은 의왕시 포일동 부근입니다
먼저 입금 주신 분 우선 거래입니다
찔러 보기, 거래와 관련없는 문의는 차단합니다",False,https://fruitsfamily.com/product/3n8vf/270-%EC%95%84%EC%8B%9D%EC%8A%A4-%ED%82%A4%EC%BD%94-us6-s-%EC%A0%A4-%ED%82%A4%EB%84%A4%ED%8B%B1-%ED%94%8C%EB%A3%A8%EC%96%B8%ED%8A%B8-%EB%B8%94%EB%9E%99-%EB%B0%94%EB%8B%90%EB%9D%BC-%EC%83%88%EC%83%81%ED%92%88,2026-08-04,https://image.production.fruitsfamily.com/public/product/resized%40width620/QFWtew8CY3-1760396879670.jpg|https://image.production.fruitsfamily.com/public/product/resized%40width620/plqvko_8qC-1760396879679.jpg|https://image.production.fruitsfamily.com/public/product/resized%40width620/GL9SAw7-pD-1760396879685.jpg|https://image.production.fruitsfamily.com/public/product/resized%40width620/tcgoaKTag5-1760396879690.jpg|https://image.production.fruitsfamily.com/public/product/resized%40width620/KmNA-2b9t0-1760396879696.jpg,data/images/asics/6123435_01.jpg|data/images/asics/6123435_02.jpg|data/images/asics/6123435_03.jpg
FRUITSFAMILY,10182527,ASICS,Asics,아식스 엔더슨 벨 젤 소노마 275,75000,,275,"사용감은 있으나 깨끗하게 신었습니다
일반적인 아식스 신발보다 살짝 작게 느껴집니다
여분 끈 포함 신발 단품
편하게 연락 주세요",False,https://fruitsfamily.com/product/628vz/%EC%95%84%EC%8B%9D%EC%8A%A4-%EC%97%94%EB%8D%94%EC%8A%A8-%EB%B2%A8-%EC%A0%A4-%EC%86%8C%EB%85%B8%EB%A7%88-275,2026-08-04,https://image.production.fruitsfamily.com/public/product/resized%40width620/xIogH2K6W-82c6d8722886.jpg|https://image.production.fruitsfamily.com/public/product/resized%40width620/X1i1LoXAnh-3d533b9bf5c8.jpg|https://image.production.fruitsfamily.com/public/product/resized%40width620/cWrY0iBrZF-79c476a30179.jpg|https://image.production.fruitsfamily.com/public/product/resized%40width620/JKgeVbX4qR-2bf0bf785c01.jpg|https://image.production.fruitsfamily.com/public/product/resized%40width620/SjYnJQF7tE-509453d4d79f.jpg|https://image.production.fruitsfamily.com/public/product/resized%40width620/Bk5Gc2BpZp-445822d4d0cf.jpg,data/images/asics/10182527_01.jpg|data/images/asics/10182527_02.jpg|data/images/asics/10182527_03.jpg
FRUITSFAMILY,10354078,ASICS,Asics,아식스 젤 퀀텀 블랙 260,197100,219000,260,"상태 좋습니다.
크림 정품이고
10중에8.5정도입니다.
쿨거래 원해요",False,https://fruitsfamily.com/product/65x9a/%EC%95%84%EC%8B%9D%EC%8A%A4-%EC%A0%A4-%ED%80%80%ED%85%80-%EB%B8%94%EB%9E%99-260,2026-08-04,https://image.production.fruitsfamily.com/public/product/resized%40width620/99EJ1BYdH-75271a60c788.jpg|https://image.production.fruitsfamily.com/public/product/resized%40width620/S5ex6DndY5-b30321934396.jpg|https://image.production.fruitsfamily.com/public/product/resized%40width620/CJdKtNiESi-cb97ff068cd2.jpg|https://image.production.fruitsfamily.com/public/product/resized%40width620/ZSRhr_SoZp-6e18e35a5333.jpg|https://image.production.fruitsfamily.com/public/product/resized%40width620/ylrJRe0w0l-4d511e5486c1.jpg,data/images/asics/10354078_01.jpg|data/images/asics/10354078_02.jpg|data/images/asics/10354078_03.jpg
FRUITSFAMILY,4683858,ASICS,Asics,아식스 앤더슨벨 젤소노마 블랙그린 240,170000,,240,"Asics x Andersson Bell Gel-Sonoma 15-50 Black Green
1201A852-001
아식스 x 앤더슨벨 젤 소노마 블랙그린 

사이즈 240
실착 1회 
상태 좋습니다. 
택배비 포함",False,https://fruitsfamily.com/product/2se36/%EC%95%84%EC%8B%9D%EC%8A%A4-%EC%95%A4%EB%8D%94%EC%8A%A8%EB%B2%A8-%EC%A0%A4%EC%86%8C%EB%85%B8%EB%A7%88-%EB%B8%94%EB%9E%99%EA%B7%B8%EB%A6%B0-240,2026-08-04,https://image.production.fruitsfamily.com/public/product/resized%40width620/_KLdPhpT3x-1747470870651.jpg|https://image.production.fruitsfamily.com/public/product/resized%40width620/ShGGPex0L8-20240617_003541.jpg|https://image.production.fruitsfamily.com/public/product/resized%40width620/7KshFRUzsU-20240617_003526.jpg|https://image.production.fruitsfamily.com/public/product/resized%40width620/kajNqSEul4-20240617_003511.jpg|https://image.production.fruitsfamily.com/public/product/resized%40width620/zG7U5ebFoi-20240617_003504.jpg|https://image.production.fruitsfamily.com/public/product/resized%40width620/10OzjPh2d8-20240617_003456.jpg|https://image.production.fruitsfamily.com/public/product/resized%40width620/ARpXPqLWht-20240617_003417.jpg|https://image.production.fruitsfamily.com/public/product/resized%40width620/ZcrvjStdc0-20240617_003446.jpg|https://image.production.fruitsfamily.com/public/product/resized%40width620/SGSuvFZO5-20240617_003433.jpg|https://image.production.fruitsfamily.com/public/product/resized%40width620/k5mMxAuxvp-20240617_003400.jpg,data/images/asics/4683858_01.jpg|data/images/asics/4683858_02.jpg|data/images/asics/4683858_03.jpg
FRUITSFAMILY,10191555,ASICS,Asics,아식스 젤 카야노 14 화이트 그래파이트 그레이,180000,,240,"Asics Gel-Kayano 14 White Graphite Grey -240

사이즈 미스로 새상품 그대로 올립니다 ㅠ",False,https://fruitsfamily.com/product/62fur/%EC%95%84%EC%8B%9D%EC%8A%A4-%EC%A0%A4-%EC%B9%B4%EC%95%BC%EB%85%B8-14-%ED%99%94%EC%9D%B4%ED%8A%B8-%EA%B7%B8%EB%9E%98%ED%8C%8C%EC%9D%B4%ED%8A%B8-%EA%B7%B8%EB%A0%88%EC%9D%B4,2026-08-04,https://image.production.fruitsfamily.com/public/product/resized%40width620/2nL-ChIrp-d71afe75bd6e.jpg|https://image.production.fruitsfamily.com/public/product/resized%40width620/btw2Aaq3Zw-b7d496a90d8e.jpg|https://image.production.fruitsfamily.com/public/product/resized%40width620/N-u2rjf9w4-360b43e0c3b0.jpg|https://image.production.fruitsfamily.com/public/product/resized%40width620/D0Hbrsu0BA-0c2a61463b1b.jpg|https://image.production.fruitsfamily.com/public/product/resized%40width620/P8zzuWou40-dc6f5f0b409c.jpg|https://image.production.fruitsfamily.com/public/product/resized%40width620/5V9NkSgt04-bb19806c3baf.jpg|https://image.production.fruitsfamily.com/public/product/resized%40width620/MCivdFVkGG-2642fe2fb813.jpg|https://image.production.fruitsfamily.com/public/product/resized%40width620/SP5SIoFGyE-f83559f418aa.jpg|https://image.production.fruitsfamily.com/public/product/resized%40width620/byV72zQ86D-d7f845bcabb5.jpg,data/images/asics/10191555_01.jpg|data/images/asics/10191555_02.jpg|data/images/asics/10191555_03.jpg
FRUITSFAMILY,8469839,ASICS,Asics,아식스 GT-2160 블랙 퓨어실버 290,135000,150000,290,"아식스 GT-2160 블랙 퓨어실버 입니다. 
거의 새상품이고, 박스까지 드립니다.",False,https://fruitsfamily.com/product/51jdb/%EC%95%84%EC%8B%9D%EC%8A%A4-gt-2160-%EB%B8%94%EB%9E%99-%ED%93%A8%EC%96%B4%EC%8B%A4%EB%B2%84-290,2026-08-04,https://image.production.fruitsfamily.com/public/product/resized%40width620/fppNdrofY3-978B3C1B-F1C9-429A-8D55-C932D4042CD1.jpg|https://image.production.fruitsfamily.com/public/product/resized%40width620/jSrJICoJNh-FE718FCA-0FB7-493D-87CA-BE835052079C.jpg|https://image.production.fruitsfamily.com/public/product/resized%40width620/PgYV2H9d1j-EEE6378E-B9DF-41CE-8035-A551B20C459D.jpg|https://image.production.fruitsfamily.com/public/product/resized%40width620/Oy7nmBaf5--E816684C-3DC2-4189-93DC-7D2E8188F4B8.jpg,data/images/asics/8469839_01.jpg|data/images/asics/8469839_02.jpg|data/images/asics/8469839_03.jpg
FRUITSFAMILY,9616737,ASICS,Asics,270)아식스 x 세실리에 반센 GT-2160 블랙 사이즈,290000,,270,"Asics x Cecilie Bahnsen GT-2160 Black us size9
아식스 코리아에서 새상품 증정받은후 시착1회
봉태규,박규영,뷔,제니,차정원등 신은 제품
사이즈감 275",False,https://fruitsfamily.com/product/5q4bl/270-%EC%95%84%EC%8B%9D%EC%8A%A4-x-%EC%84%B8%EC%8B%A4%EB%A6%AC%EC%97%90-%EB%B0%98%EC%84%BC-gt-2160-%EB%B8%94%EB%9E%99-%EC%82%AC%EC%9D%B4%EC%A6%88,2026-08-04,https://image.production.fruitsfamily.com/public/product/resized%40width620/M8JV_F4h7-0662f042ebc9.jpg|https://image.production.fruitsfamily.com/public/product/resized%40width620/9WcAoAYZ0q-a32d10206ce3.jpg|https://image.production.fruitsfamily.com/public/product/resized%40width620/XMpL8tn3Yk-47cd94d4b6e0.jpg|https://image.production.fruitsfamily.com/public/product/resized%40width620/1utNA01-Cd-165e71514b95.jpg|https://image.production.fruitsfamily.com/public/product/resized%40width620/zyUInrCDu-2e9049fb35b2.jpg,data/images/asics/9616737_01.jpg|data/images/asics/9616737_02.jpg|data/images/asics/9616737_03.jpg
FRUITSFAMILY,10255903,ASICS,Asics,아식스 메타스피드 스카이 도쿄 265,200000,,265,"아식스 메타스피드 스카이 도쿄 265 size

공홈 구입

10km 트랙에서 시착 한번 하였습니다.

택과 박스 둘 다 있어요.

사이즈가 커서 방출합니다.

마일리지 안 속여요.",False,https://fruitsfamily.com/product/63ti7/%EC%95%84%EC%8B%9D%EC%8A%A4-%EB%A9%94%ED%83%80%EC%8A%A4%ED%94%BC%EB%93%9C-%EC%8A%A4%EC%B9%B4%EC%9D%B4-%EB%8F%84%EC%BF%84-265,2026-08-04,https://image.production.fruitsfamily.com/public/product/resized%40width620/xk3G9p4Fa-50e1de305e68.jpg|https://image.production.fruitsfamily.com/public/product/resized%40width620/xOrKkAZuP9-7df52bd03edb.jpg|https://image.production.fruitsfamily.com/public/product/resized%40width620/d3krZN2lVN-a7f291f0e361.jpg|https://image.production.fruitsfamily.com/public/product/resized%40width620/aLrV0VQ-mc-2d1a119349fa.jpg|https://image.production.fruitsfamily.com/public/product/resized%40width620/NrA5QKtH_E-410dfdbee642.jpg,data/images/asics/10255903_01.jpg|data/images/asics/10255903_02.jpg|data/images/asics/10255903_03.jpg
FRUITSFAMILY,10069735,ASICS,Asics,아식스 x 세실리에 반센 GT-2160 화이트 하바네로,230000,,230,"아식스 x 세실리에 반센 GT-2160 화이트 하바네로 색상 230 사이즈입니다.
구매하고 5번도 안 신은 것 같아요. 상태 매우 좋습니다
박스도 찾아보면 있을거라 같이 보내드릴게요
구매 전 채팅 주세요!",False,https://fruitsfamily.com/product/5ztuv/%EC%95%84%EC%8B%9D%EC%8A%A4-x-%EC%84%B8%EC%8B%A4%EB%A6%AC%EC%97%90-%EB%B0%98%EC%84%BC-gt-2160-%ED%99%94%EC%9D%B4%ED%8A%B8-%ED%95%98%EB%B0%94%EB%84%A4%EB%A1%9C,2026-08-04,https://image.production.fruitsfamily.com/public/product/resized%40width620/6rhHYxPAz-13ba4573603a.jpg|https://image.production.fruitsfamily.com/public/product/resized%40width620/M_ATsEVye1-b71ebe2815d0.jpg|https://image.production.fruitsfamily.com/public/product/resized%40width620/Qk9rFvmgxi-04e8da0f4119.jpg,data/images/asics/10069735_01.jpg|data/images/asics/10069735_02.jpg|data/images/asics/10069735_03.jpg
FRUITSFAMILY,10410605,ASICS,Asics,아식스 x 세실리에 반센 GT-2160 화이트,300000,,270,"실착 2~3회 정도로 착용 횟수가 적어 전체적으로 상태 좋습니다.
밑창 마모도 거의 없고, 큰 오염이나 하자는 없습니다.
사진 그대로 박스 포함 구성입니다.

 사이즈 : 270mm (US 9)
 색상 : White / Pure Silver
품번 : 1203A321-100
구성 : 신발 + 정품 박스

중고 특성상 아주 미세한 사용감은 있을 수 있으니 사진 참고 부탁드립니다.
궁금한 점 있으시면 편하게 문의 주세요.",False,https://fruitsfamily.com/product/674vh/%EC%95%84%EC%8B%9D%EC%8A%A4-x-%EC%84%B8%EC%8B%A4%EB%A6%AC%EC%97%90-%EB%B0%98%EC%84%BC-gt-2160-%ED%99%94%EC%9D%B4%ED%8A%B8,2026-08-04,https://image.production.fruitsfamily.com/public/product/resized%40width620/p382FoBNc-87ab191646f6.jpg|https://image.production.fruitsfamily.com/public/product/resized%40width620/Q7B7ZD5bQs-c6d15fbbea82.jpg|https://image.production.fruitsfamily.com/public/product/resized%40width620/skeP0_hMz4-a090f7bbd314.jpg|https://image.production.fruitsfamily.com/public/product/resized%40width620/26KosnVaMA-fa6ceaee7c84.jpg|https://image.production.fruitsfamily.com/public/product/resized%40width620/j9iqISv6rg-ff627168c24e.jpg|https://image.production.fruitsfamily.com/public/product/resized%40width620/VUwVmaaBzy-aa4738ef0950.jpg,data/images/asics/10410605_01.jpg|data/images/asics/10410605_02.jpg|data/images/asics/10410605_03.jpg
FRUITSFAMILY,10328729,Dr. Martens,Dr. Martens,빈티지 닥터마틴 3홀,110000,,250,"누벅 250사이즈
굿컨디션
광나는 가죽보다 빈티지한 멋이 나는
누벅가죽입니다",False,https://fruitsfamily.com/product/65dp5/%EB%B9%88%ED%8B%B0%EC%A7%80-%EB%8B%A5%ED%84%B0%EB%A7%88%ED%8B%B4-3%ED%99%80,2026-08-04,https://image.production.fruitsfamily.com/public/product/resized%40width620/2yAD_GdKn-1951dab48842.jpg|https://image.production.fruitsfamily.com/public/product/resized%40width620/XqhTYwn34y-478e3ed50ab0.jpg|https://image.production.fruitsfamily.com/public/product/resized%40width620/5oigZHKqIq-f88dcdd95127.jpg|https://image.production.fruitsfamily.com/public/product/resized%40width620/8pGz0f5rdY-54261bc42a47.jpg|https://image.production.fruitsfamily.com/public/product/resized%40width620/h2GXLpN0FI-bdb9a9b288e1.jpg,data/images/dr_martens/10328729_01.jpg|data/images/dr_martens/10328729_02.jpg|data/images/dr_martens/10328729_03.jpg
FRUITSFAMILY,10030062,Dr. Martens,Dr. Martens,닥터마틴 3홀 블랙 스무스 280,150000,170000,280,"제품명: 닥터마틴 블랙 스무스
사이즈: 280 
판매 가격: 170,000원 (택배비 포함)
 실착 횟수 딱 5번으로 가죽 상태 아주 짱짱하고 깨끗합니다.
사이즈 미스로 판매합니다 
 스무스 가죽 특성상 앞코 쪽에 자연스러운 활동 주름 
약간 있는 것 외에는 눈에 띄는 큰 스크래치나 오염 없습니다.
 뒷굽 마모 거의 없습니다  (사진 참고해 주세요!)
 박스는 없어서 다른 박스에 안전하게 포장해서 보내드립니다.",False,https://fruitsfamily.com/product/5yz8u/%EB%8B%A5%ED%84%B0%EB%A7%88%ED%8B%B4-3%ED%99%80-%EB%B8%94%EB%9E%99-%EC%8A%A4%EB%AC%B4%EC%8A%A4-280,2026-08-04,https://image.production.fruitsfamily.com/public/product/resized%40width620/3dQqDFrBs-fe99e02dc597.jpg|https://image.production.fruitsfamily.com/public/product/resized%40width620/GueJN6mwK7-932187216871.jpg|https://image.production.fruitsfamily.com/public/product/resized%40width620/8qLTyNYAOf-146566968b7a.jpg|https://image.production.fruitsfamily.com/public/product/resized%40width620/wBj61s_iaA-828bf0b7dffd.jpg|https://image.production.fruitsfamily.com/public/product/resized%40width620/xwQPr1pog6-f1961af347d0.jpg|https://image.production.fruitsfamily.com/public/product/resized%40width620/xrpDZtnmz--4faaada1d0c8.jpg|https://image.production.fruitsfamily.com/public/product/resized%40width620/izYWE0vJ---8ac0d98d0380.jpg|https://image.production.fruitsfamily.com/public/product/resized%40width620/avlfy9fA7B-d913522f922d.jpg|https://image.production.fruitsfamily.com/public/product/resized%40width620/lQADN6yOEW-7ae0fdce7bc3.jpg|https://image.production.fruitsfamily.com/public/product/resized%40width620/nPZb2Cq8f8-7e9f956cb4b6.jpg,data/images/dr_martens/10030062_01.jpg|data/images/dr_martens/10030062_02.jpg|data/images/dr_martens/10030062_03.jpg
FRUITSFAMILY,10364256,Dr. Martens,Dr. Martens,닥터마틴 메이페어 로퍼 230(uk4),100000,,230,"박스 있고 상태 좋아요
저한텐 좀 안어울려 판매해요",False,https://fruitsfamily.com/product/66540/%EB%8B%A5%ED%84%B0%EB%A7%88%ED%8B%B4-%EB%A9%94%EC%9D%B4%ED%8E%98%EC%96%B4-%EB%A1%9C%ED%8D%BC-230-uk4,2026-08-04,https://image.production.fruitsfamily.com/public/product/resized%40width620/s0TwQldF5-8c18a2f87406.jpg|https://image.production.fruitsfamily.com/public/product/resized%40width620/Xik2tD1rld-ccf9f4a19b96.jpg|https://image.production.fruitsfamily.com/public/product/resized%40width620/hh3SQaPT0b-b7dfa7ccccc8.jpg|https://image.production.fruitsfamily.com/public/product/resized%40width620/kH0Isa8rhw-fe267afaa5d5.jpg,data/images/dr_martens/10364256_01.jpg|data/images/dr_martens/10364256_02.jpg|data/images/dr_martens/10364256_03.jpg
FRUITSFAMILY,8032371,Dr. Martens,Dr. Martens,[UK6 250] 닥터마틴 x 더블탭스 WTAPS 1460 리마스터 부츠,310000,350000,250,"사이즈는 UK6(250) 입니다
보강패치를 붙이고 4번 정도 실착해서 상태는 전체적으로 좋습니다
박스 모서리 찢어짐 존재(8번사진)

네고 교신 안받습니다
구매 후 환불은 불가능 합니다
직거래는 경기도 하남시 신장로 하남우체국 앞에서 거래합니다",False,https://fruitsfamily.com/product/4s5tf/uk6-250-%EB%8B%A5%ED%84%B0%EB%A7%88%ED%8B%B4-x-%EB%8D%94%EB%B8%94%ED%83%AD%EC%8A%A4-wtaps-1460-%EB%A6%AC%EB%A7%88%EC%8A%A4%ED%84%B0-%EB%B6%80%EC%B8%A0,2026-08-04,https://image.production.fruitsfamily.com/public/product/resized%40width620/C6idDSfOjv-1772429400471.jpg|https://image.production.fruitsfamily.com/public/product/resized%40width620/2B1CJfQvu2-1772429400502.jpg|https://image.production.fruitsfamily.com/public/product/resized%40width620/3xO4NBZfv3-1772429400518.jpg|https://image.production.fruitsfamily.com/public/product/resized%40width620/9U4sG7NS62-1772429400533.jpg|https://image.production.fruitsfamily.com/public/product/resized%40width620/GK3txbKkfl-1772429400558.jpg|https://image.production.fruitsfamily.com/public/product/resized%40width620/smX6R_Jy8-1772429400581.jpg|https://image.production.fruitsfamily.com/public/product/resized%40width620/_enKSd4Mxl-1772429400607.jpg|https://image.production.fruitsfamily.com/public/product/resized%40width620/ch-eaij4ge-1772429400627.jpg,data/images/dr_martens/8032371_01.jpg|data/images/dr_martens/8032371_02.jpg|data/images/dr_martens/8032371_03.jpg
FRUITSFAMILY,10377463,Dr. Martens,Dr. Martens,닥터마틴 1461 나파,115000,120000,230,"사이즈 : 230
사용감 있습니다! 
사진 보고 연락 주세요!
네고 가능합니다 🙂🙂",False,https://fruitsfamily.com/product/66fav/%EB%8B%A5%ED%84%B0%EB%A7%88%ED%8B%B4-1461-%EB%82%98%ED%8C%8C,2026-08-04,https://image.production.fruitsfamily.com/public/product/resized%40width620/B6KnvF9d8-745643bfe31f.jpg|https://image.production.fruitsfamily.com/public/product/resized%40width620/uazO6c3Xa-7861e7ba0c71.jpg|https://image.production.fruitsfamily.com/public/product/resized%40width620/QmLd7jrIdg-caf2d7ad57ac.jpg|https://image.production.fruitsfamily.com/public/product/resized%40width620/HYuLeF8tmB-077c1fb0aaf8.jpg,data/images/dr_martens/10377463_01.jpg|data/images/dr_martens/10377463_02.jpg|data/images/dr_martens/10377463_03.jpg
FRUITSFAMILY,10379292,Dr. Martens,Dr. Martens,희귀모델 닥터마틴 1461 인페르노 270,270000,300000,270,"사이즈 UK8 (270) 새상품이며 소장하려다가 신발이 너무 많아 정리합니다.
밑창보강 슈구작업 완료되어있고 풀박스 입니다.
크림에서도 동일사이즈 즉시구매가 33만원+수수료배송비 입니다.
해외직구 매물도 해당 황금사이즈는 모두 재고가 말라서 못구하는 제품입니다!
크림보다 저렴하게 데려가세요!!
신발 진짜 이쁘고 영롱하고 유니크합니다.
플레임 패턴이 실제로 착용하면 과하지 않고 은은하며 에이징되면 더더 이뻐집니다.
교환,환불,네고문의X 구매하실 분만 연락주세요.
계좌시 무료배송 쏩니다.",False,https://fruitsfamily.com/product/66gpo/%ED%9D%AC%EA%B7%80%EB%AA%A8%EB%8D%B8-%EB%8B%A5%ED%84%B0%EB%A7%88%ED%8B%B4-1461-%EC%9D%B8%ED%8E%98%EB%A5%B4%EB%85%B8-270,2026-08-04,https://image.production.fruitsfamily.com/public/product/resized%40width620/BnBGSFW3A-396ef61c5c45.jpg|https://image.production.fruitsfamily.com/public/product/resized%40width620/UNWRt-47_h-e631ae8d4d34.jpg|https://image.production.fruitsfamily.com/public/product/resized%40width620/msz-9rKBl7-4161bd906928.jpg|https://image.production.fruitsfamily.com/public/product/resized%40width620/RaGLuwHna--10b8fc08efa8.jpg|https://image.production.fruitsfamily.com/public/product/resized%40width620/mPFUWzXMUj-31296e135168.jpg|https://image.production.fruitsfamily.com/public/product/resized%40width620/XBQU8AkU0P-c3f73e213dc2.jpg|https://image.production.fruitsfamily.com/public/product/resized%40width620/Zb4udM8bUd-fcaa765597cb.jpg|https://image.production.fruitsfamily.com/public/product/resized%40width620/a20d_ZqkGH-602c4bdb32b3.jpg|https://image.production.fruitsfamily.com/public/product/resized%40width620/-a6IqMZQGR-55f77ad9ca60.jpg|https://image.production.fruitsfamily.com/public/product/resized%40width620/89u3ilWh5G-59b7840bd67d.jpg,data/images/dr_martens/10379292_01.jpg|data/images/dr_martens/10379292_02.jpg|data/images/dr_martens/10379292_03.jpg
FRUITSFAMILY,9600412,Dr. Martens,Dr. Martens,닥터마틴 1461 나파 250,130000,,250,"후르츠에서 샀는데 사이즈미스로 인하여 팝니다.
거의 사용 안 한 정가 22,000원 깔창도 같이 드립니다!
신발 단품입니다. 

문의 편하게 주세요.",False,https://fruitsfamily.com/product/5prq4/%EB%8B%A5%ED%84%B0%EB%A7%88%ED%8B%B4-1461-%EB%82%98%ED%8C%8C-250,2026-08-04,https://image.production.fruitsfamily.com/public/product/resized%40width620/h0RClqdzQ-be1089d8a300.jpg|https://image.production.fruitsfamily.com/public/product/resized%40width620/-e87K9q8v--0a6118c72bdd.jpg|https://image.production.fruitsfamily.com/public/product/resized%40width620/w9dm5gMgY--db8ddf6ddf1c.jpg|https://image.production.fruitsfamily.com/public/product/resized%40width620/q-g9xCEmGh-1089718fa292.jpg|https://image.production.fruitsfamily.com/public/product/resized%40width620/nceeqiwiDj-c650ce13e312.jpg,data/images/dr_martens/9600412_01.jpg|data/images/dr_martens/9600412_02.jpg|data/images/dr_martens/9600412_03.jpg
FRUITSFAMILY,10183345,Dr. Martens,Dr. Martens,닥터마틴 1460 sub boots 서브 부츠 240,210000,,240,"새상품입니다
한국사이즈로 240
정가 280달러 넘는 제품입니다.",False,https://fruitsfamily.com/product/629ip/%EB%8B%A5%ED%84%B0%EB%A7%88%ED%8B%B4-1460-sub-boots-%EC%84%9C%EB%B8%8C-%EB%B6%80%EC%B8%A0-240,2026-08-04,https://image.production.fruitsfamily.com/public/product/resized%40width620/fkxqvTvvL-0c11dd8a3ceb.jpg|https://image.production.fruitsfamily.com/public/product/resized%40width620/p6ottF4jCN-7e546f25c0e7.jpg|https://image.production.fruitsfamily.com/public/product/resized%40width620/ZU7d9kuOUr-1d887f22f61c.jpg|https://image.production.fruitsfamily.com/public/product/resized%40width620/KXmYwDMBO4-0044db7f7b20.jpg|https://image.production.fruitsfamily.com/public/product/resized%40width620/RnXK1SvyFh-3420fffe1cb1.jpg,data/images/dr_martens/10183345_01.jpg|data/images/dr_martens/10183345_02.jpg|data/images/dr_martens/10183345_03.jpg
FRUITSFAMILY,9928229,Dr. Martens,Dr. Martens,닥터마틴 1B60 벡스 사이즈230 soft leather,144000,180000,230,"https://www.drmartens.co.kr/products/boots-1b60-bex-pisa-black-27016001?_pos=2&_sid=b1652e5e0&_ss=r

Soft leather 이라 엄청 부드럽고 편해요
사진과 같이 몇 번 안신고 보관해서 상태 좋습니다
이전 버전인지 사이트와 다르게 홀부분만 블랙이네요!

원가 349,000원 구매/무배",False,https://fruitsfamily.com/product/5wso5/%EB%8B%A5%ED%84%B0%EB%A7%88%ED%8B%B4-1b60-%EB%B2%A1%EC%8A%A4-%EC%82%AC%EC%9D%B4%EC%A6%88230-soft-leather,2026-08-04,https://image.production.fruitsfamily.com/public/product/resized%40width620/sB1a357f0-2f1bacc4d667.jpg|https://image.production.fruitsfamily.com/public/product/resized%40width620/8_PiAHqLM0-3a0b951cc4ac.jpg|https://image.production.fruitsfamily.com/public/product/resized%40width620/J9H3ACO4SL-323e8c9db3cc.jpg|https://image.production.fruitsfamily.com/public/product/resized%40width620/Wz37-EeHCz-1cc5a7055123.jpg|https://image.production.fruitsfamily.com/public/product/resized%40width620/6AkhuG3L8t-91cb24eff313.jpg|https://image.production.fruitsfamily.com/public/product/resized%40width620/TkOnbNGuz-9f23b583fc67.jpg,data/images/dr_martens/9928229_01.jpg|data/images/dr_martens/9928229_02.jpg|data/images/dr_martens/9928229_03.jpg
FRUITSFAMILY,10380201,Dr. Martens,Dr. Martens,닥터마틴 스투시 데콘 블랙 UK6사이즈,370000,,250,"닥터마틴 스투시 데콘 블랙 UK6사이즈 입니다
사진보시면 사용감 거의 없는 상품 입니다
박스포함",False,https://fruitsfamily.com/product/66hex/%EB%8B%A5%ED%84%B0%EB%A7%88%ED%8B%B4-%EC%8A%A4%ED%88%AC%EC%8B%9C-%EB%8D%B0%EC%BD%98-%EB%B8%94%EB%9E%99-uk6%EC%82%AC%EC%9D%B4%EC%A6%88,2026-08-04,https://image.production.fruitsfamily.com/public/product/resized%40width620/bBExERER--a2e49f1dde03.jpg|https://image.production.fruitsfamily.com/public/product/resized%40width620/N8ZXC2Yv_V-3de6c695f1e2.jpg|https://image.production.fruitsfamily.com/public/product/resized%40width620/lWUzmrbIgJ-64172d6967a9.jpg|https://image.production.fruitsfamily.com/public/product/resized%40width620/kyV9VeNUyF-abfcfe7638c1.jpg|https://image.production.fruitsfamily.com/public/product/resized%40width620/cSZxRaX4Zo-d7e41ad18ea6.jpg|https://image.production.fruitsfamily.com/public/product/resized%40width620/mcb760EjjX-97c5af53442a.jpg|https://image.production.fruitsfamily.com/public/product/resized%40width620/S3--Vbwv_2-1472184e2277.jpg|https://image.production.fruitsfamily.com/public/product/resized%40width620/COkPeZPX-9-a226a4293713.jpg,data/images/dr_martens/10380201_01.jpg|data/images/dr_martens/10380201_02.jpg|data/images/dr_martens/10380201_03.jpg
FRUITSFAMILY,10197075,Dr. Martens,Dr. Martens,닥터마틴 모노블랙 무배 (실착3회 미만) ,120000,,270,크림에서 한달전쯤 구매한 닥터마틴 모노블랙입니다 사놓고 사이즈가 좀 작아서 3번인가 신고 집에 모셔두고 있어서 거의 새상품이나 다름 없는 상태입니다 사이즈 270(uk8),False,https://fruitsfamily.com/product/62k43/%EB%8B%A5%ED%84%B0%EB%A7%88%ED%8B%B4-%EB%AA%A8%EB%85%B8%EB%B8%94%EB%9E%99-%EB%AC%B4%EB%B0%B0-%EC%8B%A4%EC%B0%A93%ED%9A%8C-%EB%AF%B8%EB%A7%8C,2026-08-04,https://image.production.fruitsfamily.com/public/product/resized%40width620/B6tZQ61gE-183a8a731d20.jpg|https://image.production.fruitsfamily.com/public/product/resized%40width620/tR76WXqZhY-8a99d0cc343c.jpg|https://image.production.fruitsfamily.com/public/product/resized%40width620/QjaCUCY4P7-070fe4082866.jpg,data/images/dr_martens/10197075_01.jpg|data/images/dr_martens/10197075_02.jpg|data/images/dr_martens/10197075_03.jpg
FRUITSFAMILY,10384200,Dr. Martens,Dr. Martens,닥터마틴 1460 파스칼 스틸토 270 판매,170000,,270,"닥터마틴 1460 파스칼 스틸토 270 판매합니다
270 사이즈 매물 없습니다.
스타일변화로 싸게 올리니 연락주세요",False,https://fruitsfamily.com/product/66ki0/%EB%8B%A5%ED%84%B0%EB%A7%88%ED%8B%B4-1460-%ED%8C%8C%EC%8A%A4%EC%B9%BC-%EC%8A%A4%ED%8B%B8%ED%86%A0-270-%ED%8C%90%EB%A7%A4,2026-08-04,https://image.production.fruitsfamily.com/public/product/resized%40width620/wWpn7slnu-244cf01ca1e6.jpg|https://image.production.fruitsfamily.com/public/product/resized%40width620/UgnJbpWvvB-f646726d8ac2.jpg|https://image.production.fruitsfamily.com/public/product/resized%40width620/6RaGZ_7I5L-aaf1df58df41.jpg|https://image.production.fruitsfamily.com/public/product/resized%40width620/X1RDx9HS8C-ff3bbbc9a396.jpg,data/images/dr_martens/10384200_01.jpg|data/images/dr_martens/10384200_02.jpg|data/images/dr_martens/10384200_03.jpg
FRUITSFAMILY,10107490,Dr. Martens,Dr. Martens,닥터마틴 패트리샤 UK3 (225) 블랙,90000,,225,"닥터마틴 패트리샤 UK3 (225) 블랙

닥터마틴 패트리샤 블랙 220-225
지금은 단종 된 닥터마틴의 패트리샤 모델입니다.
블랙 색상이며, 귀여운 실루엣 및 굵직하게 예쁜 주름이 잡히는 것이 특징이에요.
버클이 있어서 발볼 잘 조절하여 사이즈감 찾으시면 될것같네요.
사이즈 UK3, 한국사이즈 220~225 입니다.
교환환불 어려우니, 신중하게 사이즈 및 상태 보시고 구매결정 부 탁드립니다.
가죽특성상 스크래치 및 사용감 / 밑창 창 등의 사용감 존재하나, 실착용엔 무리 없는 좋은 상태입니다.
이렇게 가죽은 에이징이 되어야 멋있는거 아시는, 빈티지한 느낌으로 신으실 분께서 가져가셨으면 합니다. 예민한 분은 구매를 피해주세요.
사진으로 최대한 상태를 잘 담아두었으니, 확인부탁드립니다.

⭐️ 글이 올라와 있는 한 판매중이니, 바로 결제해주시면 됩니다. 
⭐️ 사이즈 문의 및 네고 문의는 받지 않습니다.
⭐️ 교환환불 어려우니 신중한 구매결정 부탁드립니다.",False,https://fruitsfamily.com/product/60mzm/%EB%8B%A5%ED%84%B0%EB%A7%88%ED%8B%B4-%ED%8C%A8%ED%8A%B8%EB%A6%AC%EC%83%A4-uk3-225-%EB%B8%94%EB%9E%99,2026-08-04,https://image.production.fruitsfamily.com/public/product/resized%40width620/H3R0zFQru-7dcefd1c7f2c.jpg|https://image.production.fruitsfamily.com/public/product/resized%40width620/NkP7i0UYHk-09c19d1d43e1.jpg|https://image.production.fruitsfamily.com/public/product/resized%40width620/xLyQ6fSUXj-b1d65ee5db60.jpg|https://image.production.fruitsfamily.com/public/product/resized%40width620/IPWeMemsio-3fc4f08aae1c.jpg|https://image.production.fruitsfamily.com/public/product/resized%40width620/fanpC5UMnW-9d0535e7abfc.jpg|https://image.production.fruitsfamily.com/public/product/resized%40width620/gE4IRNjfR6-8980c3979ebb.jpg|https://image.production.fruitsfamily.com/public/product/resized%40width620/pr9bdOASRo-b00000ed1685.jpg|https://image.production.fruitsfamily.com/public/product/resized%40width620/6eGZHRp2bo-1ae724d50c86.jpg|https://image.production.fruitsfamily.com/public/product/resized%40width620/ckLb4YAxG-7418c19da99a.jpg|https://image.production.fruitsfamily.com/public/product/resized%40width620/d_9Y5SShIE-fe56e084e474.jpg,data/images/dr_martens/10107490_01.jpg|data/images/dr_martens/10107490_02.jpg|data/images/dr_martens/10107490_03.jpg
FRUITSFAMILY,10110396,Dr. Martens,Dr. Martens,닥터마틴 아드리안 스무스 블랙 240🖤,126000,140000,240,"실착 짧게 1번이라 거의 새제품과 같아요!
사용감 전혀 없습니다
사이즈 240입니다!",False,https://fruitsfamily.com/product/60p8c/%EB%8B%A5%ED%84%B0%EB%A7%88%ED%8B%B4-%EC%95%84%EB%93%9C%EB%A6%AC%EC%95%88-%EC%8A%A4%EB%AC%B4%EC%8A%A4-%EB%B8%94%EB%9E%99-240,2026-08-04,https://image.production.fruitsfamily.com/public/product/resized%40width620/rcT7gfG06H-2b0b25acc434.jpg|https://image.production.fruitsfamily.com/public/product/resized%40width620/is6_ihyHck-9990d24bc063.jpg|https://image.production.fruitsfamily.com/public/product/resized%40width620/Za51FP--77-8310ed04caa9.jpg,data/images/dr_martens/10110396_01.jpg|data/images/dr_martens/10110396_02.jpg|data/images/dr_martens/10110396_03.jpg
FRUITSFAMILY,10311213,Dr. Martens,Dr. Martens,닥터마틴x베이프 3홀 us8,190000,,260,"닥터마틴x베이프 3홀 더비 us8 판매합니다.
사용감 사진 여러 각도로 찍어놨으니 확인 부탁드려요.
네고X 교신X 사이즈문의X 바로 차단합니다.",False,https://fruitsfamily.com/product/6506l/%EB%8B%A5%ED%84%B0%EB%A7%88%ED%8B%B4x%EB%B2%A0%EC%9D%B4%ED%94%84-3%ED%99%80-us8,2026-08-04,https://image.production.fruitsfamily.com/public/product/resized%40width620/Z93Jf5XFI-da345ff415f8.jpg|https://image.production.fruitsfamily.com/public/product/resized%40width620/6AGAMH9AxE-1267ce1fa0dc.jpg|https://image.production.fruitsfamily.com/public/product/resized%40width620/mX7bQXJbHw-428f1159237a.jpg|https://image.production.fruitsfamily.com/public/product/resized%40width620/XS-sTX8BbC-833e2e569bfb.jpg|https://image.production.fruitsfamily.com/public/product/resized%40width620/Y2QOLre8Jf-fae33f8d6ec8.jpg|https://image.production.fruitsfamily.com/public/product/resized%40width620/NNrNtKClPe-22e47523143d.jpg|https://image.production.fruitsfamily.com/public/product/resized%40width620/CMlr6YcUlk-281b1560fa47.jpg|https://image.production.fruitsfamily.com/public/product/resized%40width620/ZbsfUYPlTu-4e4a21150583.jpg,data/images/dr_martens/10311213_01.jpg|data/images/dr_martens/10311213_02.jpg|data/images/dr_martens/10311213_03.jpg
FRUITSFAMILY,9137442,Dr. Martens,Dr. Martens,닥터마틴×슈프림 로퍼 펜톤 태슬 로퍼,280000,300000,280,"닥터마틴×슈프림 로퍼
유명한 모델로 추가 설명은 하지 않겠습니다
추가 문의사항 없으시면 안전결제 부탁드립니다

* 거래 특성 상 교환, 환불 불가이오니 신중한 구매 필요",False,https://fruitsfamily.com/product/5fuhu/%EB%8B%A5%ED%84%B0%EB%A7%88%ED%8B%B4-%EC%8A%88%ED%94%84%EB%A6%BC-%EB%A1%9C%ED%8D%BC-%ED%8E%9C%ED%86%A4-%ED%83%9C%EC%8A%AC-%EB%A1%9C%ED%8D%BC,2026-08-04,https://image.production.fruitsfamily.com/public/product/resized%40width620/NQ2iAZS4d-56a845626393.jpg|https://image.production.fruitsfamily.com/public/product/resized%40width620/yL3iUTNnj--8f79b06aa8c1.jpg|https://image.production.fruitsfamily.com/public/product/resized%40width620/ar1hJkVIlf-af0f52e56415.jpg|https://image.production.fruitsfamily.com/public/product/resized%40width620/xsKi9arTJP-7edf272f64c1.jpg,data/images/dr_martens/9137442_01.jpg|data/images/dr_martens/9137442_02.jpg|data/images/dr_martens/9137442_03.jpg
FRUITSFAMILY,10387389,Dr. Martens,Dr. Martens,닥터마틴 나파 270,120000,,270,나파 제품이고 스타일 변해서 판매합니다 발등에 보시면 스크레치? 정도 있습니다,False,https://fruitsfamily.com/product/66myl/%EB%8B%A5%ED%84%B0%EB%A7%88%ED%8B%B4-%EB%82%98%ED%8C%8C-270,2026-08-04,https://image.production.fruitsfamily.com/public/product/resized%40width620/ppKHqY9ra-6141881edd71.jpg|https://image.production.fruitsfamily.com/public/product/resized%40width620/S8vcmtBVij-017e10b3be05.jpg|https://image.production.fruitsfamily.com/public/product/resized%40width620/bWHYT_X3LI-b0616d16df05.jpg|https://image.production.fruitsfamily.com/public/product/resized%40width620/SyGg8nUFtd-551e1710f40e.jpg|https://image.production.fruitsfamily.com/public/product/resized%40width620/ckh9A2yfI4-92919bbc2d3d.jpg,data/images/dr_martens/10387389_01.jpg|data/images/dr_martens/10387389_02.jpg|data/images/dr_martens/10387389_03.jpg
FRUITSFAMILY,9847032,Dr. Martens,Dr. Martens,닥터마틴 재브잭 슬라이드,105000,150000,270,닥터마틴 재브잭 슬라이드 270 사이즈입니다. 3번 신었고 깨끗합니다. 공홈 품절 제품입니다. 연락 편하게 주세요,False,https://fruitsfamily.com/product/5v20o/%EB%8B%A5%ED%84%B0%EB%A7%88%ED%8B%B4-%EC%9E%AC%EB%B8%8C%EC%9E%AD-%EC%8A%AC%EB%9D%BC%EC%9D%B4%EB%93%9C,2026-08-04,https://image.production.fruitsfamily.com/public/product/resized%40width620/bNHzliLwla-d29c29407058.jpg|https://image.production.fruitsfamily.com/public/product/resized%40width620/tp1fAv2oc4-f66182d982c5.jpg|https://image.production.fruitsfamily.com/public/product/resized%40width620/eyAoy7LZ4Q-611e7e87e915.jpg|https://image.production.fruitsfamily.com/public/product/resized%40width620/THo9kO2O8V-e7fe9bfeb0ac.jpg,data/images/dr_martens/9847032_01.jpg|data/images/dr_martens/9847032_02.jpg|data/images/dr_martens/9847032_03.jpg
FRUITSFAMILY,10330018,Dr. Martens,Dr. Martens,닥터마틴 와코마리아 Uk8사이즈,400000,,270,"닥터마틴 와코마리아 Uk8사이즈 입니다
미사용 새상품 이고 택 없는 새상품 입니다
문의주세요",False,https://fruitsfamily.com/product/65eoy/%EB%8B%A5%ED%84%B0%EB%A7%88%ED%8B%B4-%EC%99%80%EC%BD%94%EB%A7%88%EB%A6%AC%EC%95%84-uk8%EC%82%AC%EC%9D%B4%EC%A6%88,2026-08-04,https://image.production.fruitsfamily.com/public/product/resized%40width620/O4q_isiYq-768449e2e94c.jpg|https://image.production.fruitsfamily.com/public/product/resized%40width620/mqzbLotw53-0992561a6353.jpg|https://image.production.fruitsfamily.com/public/product/resized%40width620/NKJOSBtYO4-f38cb9223089.jpg|https://image.production.fruitsfamily.com/public/product/resized%40width620/3E6jd3LSGp-e8160e645bf3.jpg|https://image.production.fruitsfamily.com/public/product/resized%40width620/7_GNiEcf71-acf5b2b7b192.jpg|https://image.production.fruitsfamily.com/public/product/resized%40width620/mLOZNOT0kq-623be54ad39c.jpg|https://image.production.fruitsfamily.com/public/product/resized%40width620/TMcKy-6j5l-3db9d19cf4ec.jpg,data/images/dr_martens/10330018_01.jpg|data/images/dr_martens/10330018_02.jpg|data/images/dr_martens/10330018_03.jpg
FRUITSFAMILY,10172657,Dr. Martens,Dr. Martens,닥터마틴 1B60 벡스 240,159000,250000,240,"닥터마틴 1B60 벡스 240 새상품
정말 단한번도 신고나간적 없는 새상품입니다..상태는 사진 확인해주시고 구매한 지는 꽤 되어서 신발박스는 없습니다.
구매원하시면 안전결제 해주시고, 서울 어디든 직거래도 가능합니다~편하게 채팅해주세요",False,https://fruitsfamily.com/product/6219t/%EB%8B%A5%ED%84%B0%EB%A7%88%ED%8B%B4-1b60-%EB%B2%A1%EC%8A%A4-240,2026-08-04,https://image.production.fruitsfamily.com/public/product/resized%40width620/eAerz-TNL-1eceb38b9fe2.jpg|https://image.production.fruitsfamily.com/public/product/resized%40width620/ohDVpKZu6G-761c800fece3.jpg|https://image.production.fruitsfamily.com/public/product/resized%40width620/JTj8yXv3AG-04434036e014.jpg|https://image.production.fruitsfamily.com/public/product/resized%40width620/OeRyWvRl8L-8abc8662f37a.jpg|https://image.production.fruitsfamily.com/public/product/resized%40width620/RnC5jHKUGK-e4e452512796.jpg,data/images/dr_martens/10172657_01.jpg|data/images/dr_martens/10172657_02.jpg|data/images/dr_martens/10172657_03.jpg
FRUITSFAMILY,9443324,Salomon,SALOMON,살로몬 xt-wings 270,112500,125000,270,"사이즈 270

상태 좋음

* 먼저 말걸고 대답없으면 차단
* 교환, 반품 불가
* 사이즈 팁 불가
* 착샷 주세요(x)
* 언제 구매하셨어요(x)
* 어디서 얼마주고 구매하셨어요(x)",False,https://fruitsfamily.com/product/5meik/%EC%82%B4%EB%A1%9C%EB%AA%AC-xt-wings-270,2026-08-04,https://image.production.fruitsfamily.com/public/product/resized%40width620/EakyCv6F1-e2273f2ec061.jpg|https://image.production.fruitsfamily.com/public/product/resized%40width620/pfaIlcX1EF-7b733fee47b3.jpg|https://image.production.fruitsfamily.com/public/product/resized%40width620/WblbaBTcDH-6e7542e721f8.jpg|https://image.production.fruitsfamily.com/public/product/resized%40width620/UkIX5fiPc1-e5b82ad85951.jpg|https://image.production.fruitsfamily.com/public/product/resized%40width620/-LJiigkZ8d-82822e3216e9.jpg|https://image.production.fruitsfamily.com/public/product/resized%40width620/4KYLCreQQD-1edff35c8b6a.jpg,data/images/salomon/9443324_01.jpg|data/images/salomon/9443324_02.jpg|data/images/salomon/9443324_03.jpg
FRUITSFAMILY,9623847,Salomon,SALOMON,살로몬 RX 슬라이드 3.0 블랙,80000,100000,255,"255 사이즈

크림 신품  구매후 1회착

구매가 12.6

1회착용으로 인한 사용감 있습니다 민간하신 분은 구매 피해주세요

이체시 가격 입니다 구매전 문의 주세요",False,https://fruitsfamily.com/product/5q9t3/%EC%82%B4%EB%A1%9C%EB%AA%AC-rx-%EC%8A%AC%EB%9D%BC%EC%9D%B4%EB%93%9C-3-0-%EB%B8%94%EB%9E%99,2026-08-04,https://image.production.fruitsfamily.com/public/product/resized%40width620/1mmJ2lXYr-2619284da66d.jpg|https://image.production.fruitsfamily.com/public/product/resized%40width620/PmW7BLtx9x-9a80cadced2d.jpg|https://image.production.fruitsfamily.com/public/product/resized%40width620/XZTO-nJh-s-41d57a12cd56.jpg|https://image.production.fruitsfamily.com/public/product/resized%40width620/WAohVen0LG-6d0bd74d6ddc.jpg|https://image.production.fruitsfamily.com/public/product/resized%40width620/HFctTR7Ua3-27f848b8ff91.jpg|https://image.production.fruitsfamily.com/public/product/resized%40width620/_2537ADV0o-3ce0fd7dea52.jpg,data/images/salomon/9623847_01.jpg|data/images/salomon/9623847_02.jpg|data/images/salomon/9623847_03.jpg
FRUITSFAMILY,7306841,Salomon,SALOMON,[300] 살로몬 리에르 정글 캐슬락,800000,,300,"300사이즈
사진 보시다시피 자연스러운 사용감입니다
정사이즈 발볼러 280-285 사이이고 끈 건들일 필요 없이 신었다 벗었다 편한 정도입니다
내부 많이 여유롭진 않고 힐슬립 없이 여유로운정도
밑창 보시면 감소 없이 깔끔한거 보이실겁니다",False,https://fruitsfamily.com/product/4clzt/300-%EC%82%B4%EB%A1%9C%EB%AA%AC-%EB%A6%AC%EC%97%90%EB%A5%B4-%EC%A0%95%EA%B8%80-%EC%BA%90%EC%8A%AC%EB%9D%BD,2026-08-04,https://image.production.fruitsfamily.com/public/product/resized%40width620/cSo28CrU2M-60B73F89-755C-4922-84BC-9062D3E1372E.jpg|https://image.production.fruitsfamily.com/public/product/resized%40width620/GXvEqUeVRS-004649EC-D3C9-4C28-800A-721224918964.jpg|https://image.production.fruitsfamily.com/public/product/resized%40width620/0lfyj9lQSF-BDD7F924-151F-4A7D-9841-CFFF4FF6F980.jpg|https://image.production.fruitsfamily.com/public/product/resized%40width620/pTw6iSx-0P-EDAE022F-7AE9-4A22-8365-6A9B5FED4EBB.jpg|https://image.production.fruitsfamily.com/public/product/resized%40width620/-KAty4UCue-D33E4309-4D89-4191-BC22-D6906A838585.jpg|https://image.production.fruitsfamily.com/public/product/resized%40width620/vcxtlNdw4D-BAF72E0F-8F04-4C34-83CD-F031E9451A63.jpg|https://image.production.fruitsfamily.com/public/product/resized%40width620/5u9aEql_i-FC9509D6-8EC8-48BA-833F-29A371E079D9.jpg,data/images/salomon/7306841_01.jpg|data/images/salomon/7306841_02.jpg|data/images/salomon/7306841_03.jpg
FRUITSFAMILY,8128872,Salomon,SALOMON,살로몬 x 란라 크로스 프로 피트 메이저 브라운,380000,413000,265,"크림에서산 정품이고
265사이즈이고 한번신었는데 
거의 새거랑 다름없습니다!

문의주세욥🙏🏼",False,https://fruitsfamily.com/product/4u8a0/%EC%82%B4%EB%A1%9C%EB%AA%AC-x-%EB%9E%80%EB%9D%BC-%ED%81%AC%EB%A1%9C%EC%8A%A4-%ED%94%84%EB%A1%9C-%ED%94%BC%ED%8A%B8-%EB%A9%94%EC%9D%B4%EC%A0%80-%EB%B8%8C%EB%9D%BC%EC%9A%B4,2026-08-04,https://image.production.fruitsfamily.com/public/product/resized%40width620/vmN1sjXVb6-D8189700-7D93-4E8A-A149-E1D8A871ADAF.jpg|https://image.production.fruitsfamily.com/public/product/resized%40width620/LMMzz--TRR-6874CFDA-62B9-42EA-807C-EA9AC0B7D903.jpg|https://image.production.fruitsfamily.com/public/product/resized%40width620/KF_GKhbQBS-559B2EB5-CA01-43E4-B8C3-00B5542E19FE.jpg|https://image.production.fruitsfamily.com/public/product/resized%40width620/6kGl8g81k8-63A411C7-28AA-4093-B2C2-C4C278CE3D68.jpg|https://image.production.fruitsfamily.com/public/product/resized%40width620/gUaoshojPi-9D114BEE-9CD4-417C-8012-045A704E1EA8.jpg|https://image.production.fruitsfamily.com/public/product/resized%40width620/jGKrvMWOO8-AB6A1235-BBCE-47AD-AE7B-BA2FB6A9F6A3.jpg|https://image.production.fruitsfamily.com/public/product/resized%40width620/PrqmvSNidi-AAC98EBD-03B3-48AD-A68C-3DF691F63275.jpg,data/images/salomon/8128872_01.jpg|data/images/salomon/8128872_02.jpg|data/images/salomon/8128872_03.jpg
FRUITSFAMILY,9759013,Salomon,SALOMON,살로몬 acs+ 화이트 실버 트레일 러닝화 250사이즈,110000,120000,250,"트렌디한 고프코어 스타일! 

살로몬의 아카이브 디자인을 현대적으로 재해석한 모델로

고프코어 룩부터 캐주얼, 스트릿 패션까지 어디에나 잘 어울리는 대세 스니커즈입니다!

ACS(Agile Chassis System)**가 적용되어 발을 단단하고 안정적으로 잡아주며, 장시간 걸어도 발이 피로하지 않은 최상의 안정성을 제공합니다!

퀵레이스(Quicklace) 시스템!

끈을 묶을 필요 없이 한 번에 당겨서 조절하는 퀵레이스가 적용되어 신고 벗기가 압도적으로 편리합니다.

콘타그립(Contagrip) 아웃솔!

접지력이 뛰어난 아웃솔 덕분에 미끄러운 길이나 거친 지형에서도 안정적인 보행이 가능합니다!

사진 꼼꼼하게 봐주세요

옷 표기상 사이즈:250

#살로몬#고프코어#트레일러닝#러닝화",False,https://fruitsfamily.com/product/5t63p/%EC%82%B4%EB%A1%9C%EB%AA%AC-acs-%ED%99%94%EC%9D%B4%ED%8A%B8-%EC%8B%A4%EB%B2%84-%ED%8A%B8%EB%A0%88%EC%9D%BC-%EB%9F%AC%EB%8B%9D%ED%99%94-250%EC%82%AC%EC%9D%B4%EC%A6%88,2026-08-04,https://image.production.fruitsfamily.com/public/product/resized%40width620/UphhTXy7Pf-495a355145d9.jpg|https://image.production.fruitsfamily.com/public/product/resized%40width620/swP3qYoOD-3313fc5d2fed.jpg|https://image.production.fruitsfamily.com/public/product/resized%40width620/89OrwqG_fC-25f37e828485.jpg|https://image.production.fruitsfamily.com/public/product/resized%40width620/OuM7eREz-o-2fe6eee69751.jpg|https://image.production.fruitsfamily.com/public/product/resized%40width620/5VBHijd7zC-49e519025621.jpg|https://image.production.fruitsfamily.com/public/product/resized%40width620/ecwr77RwpY-d28553741e4c.jpg|https://image.production.fruitsfamily.com/public/product/resized%40width620/psxBhf6M7n-1ec0a802d079.jpg|https://image.production.fruitsfamily.com/public/product/resized%40width620/jBHaAv5pji-c99452222241.jpg|https://image.production.fruitsfamily.com/public/product/resized%40width620/rGQp9k6EM0-f07b474b7172.jpg|https://image.production.fruitsfamily.com/public/product/resized%40width620/8PdpQMfZv--16a31a7be3b6.jpg,data/images/salomon/9759013_01.jpg|data/images/salomon/9759013_02.jpg|data/images/salomon/9759013_03.jpg
FRUITSFAMILY,9329860,Salomon,SALOMON,살로몬 XT-6 쉐도우 275size,245000,279000,275,"살로몬 XT-6 쉐도우 색상 275사이즈  판매합니다. 
단시간 1회 착용한 새상품 컨디션 입니다.
박스모두있고 한정판 제품 입니다.
쿨거래시 운포입니다.",False,https://fruitsfamily.com/product/5jyys/%EC%82%B4%EB%A1%9C%EB%AA%AC-xt-6-%EC%89%90%EB%8F%84%EC%9A%B0-275size,2026-08-04,https://image.production.fruitsfamily.com/public/product/resized%40width620/TTXLmn82_-c3311ad35727.jpg|https://image.production.fruitsfamily.com/public/product/resized%40width620/jjWvMycCLa-14b42eec487b.jpg|https://image.production.fruitsfamily.com/public/product/resized%40width620/rRLTrPupkB-a0b4d2ea6bbc.jpg|https://image.production.fruitsfamily.com/public/product/resized%40width620/EaLx9ahJo-e8a1357ebd01.jpg|https://image.production.fruitsfamily.com/public/product/resized%40width620/C6CwEB59N1-f91ff89efcf8.jpg,data/images/salomon/9329860_01.jpg|data/images/salomon/9329860_02.jpg|data/images/salomon/9329860_03.jpg
FRUITSFAMILY,6688553,Salomon,SALOMON,새상품 285) 살로몬 xt-6 gtx 블랙 실버 엑스티식스 고어텍스,245000,270000,285,"살로몬 XT-6 GTX 블랙 실버 색상입니다 새상품
- 접지력이 좋은 밑창으로 안정적인 착화감을 제공합니다
- GORE-TEX 소재로 방수 기능이 뛰어납니다

택포 문의",False,https://fruitsfamily.com/product/3zcx5/%EC%83%88%EC%83%81%ED%92%88-285-%EC%82%B4%EB%A1%9C%EB%AA%AC-xt-6-gtx-%EB%B8%94%EB%9E%99-%EC%8B%A4%EB%B2%84-%EC%97%91%EC%8A%A4%ED%8B%B0%EC%8B%9D%EC%8A%A4-%EA%B3%A0%EC%96%B4%ED%85%8D%EC%8A%A4,2026-08-04,https://image.production.fruitsfamily.com/public/product/resized%40width620/IFAp89vCaA-602E12BC-D404-4393-8484-BCD372AEAAD4.jpg|https://image.production.fruitsfamily.com/public/product/resized%40width620/jxw675xNgi-8C899B71-6769-4A2A-8AE3-C5D763D8D417.jpg|https://image.production.fruitsfamily.com/public/product/resized%40width620/QkyuOOQlic-EF476F81-4401-4A74-A92A-B84D7D67572A.jpg,data/images/salomon/6688553_01.jpg|data/images/salomon/6688553_02.jpg|data/images/salomon/6688553_03.jpg
FRUITSFAMILY,8279196,Salomon,SALOMON,[판매] 살로몬 xt-quest 더브로큰암 270,250000,260000,270,"살로몬 xt-quest 더브로큰암 270
상태 너무 좋아요 사고 2-3번 신었습니다.",False,https://fruitsfamily.com/product/4xg9o/%ED%8C%90%EB%A7%A4-%EC%82%B4%EB%A1%9C%EB%AA%AC-xt-quest-%EB%8D%94%EB%B8%8C%EB%A1%9C%ED%81%B0%EC%95%94-270,2026-08-04,https://image.production.fruitsfamily.com/public/product/resized%40width620/bmn_bUSJht-88828286-35C3-4032-A472-647DCC1C9835.jpg|https://image.production.fruitsfamily.com/public/product/resized%40width620/33jMk-uyE--7C224996-3176-426C-8CB0-14FE9B3E55E9.jpg|https://image.production.fruitsfamily.com/public/product/resized%40width620/jx3WhQeiqn-B7D7189C-AD09-4283-9BE3-AF7BFA79AD62.jpg,data/images/salomon/8279196_01.jpg|data/images/salomon/8279196_02.jpg|data/images/salomon/8279196_03.jpg
FRUITSFAMILY,7756362,Salomon,SALOMON,살로몬 XA Pro 1 Advanced 멀티 컬러 새상품(285),100000,150000,285,"❌에눌 요청❌
❌사이즈 문의❌

박스 없는 새상품.
다른 박스에 넣어서 보내드립니다.
사이즈 US 10.5(285)

⚠️에눌, 홀드, 교환 문의 안 받습니다.
      에눌 문의 하지 말아주세요!
⚠️제발 부탁드립니다.
     구매결정이 되신 분만 연락주세요.
     서로 시간 낭비하지 않게 기재된 내용
     꼼꼼히 살펴보시고 연락부탁드립니다.
⚠️예의없고 의미없이 찔러만 보시는분들
      바로 차단합니다.",False,https://fruitsfamily.com/product/4m8ui/%EC%82%B4%EB%A1%9C%EB%AA%AC-xa-pro-1-advanced-%EB%A9%80%ED%8B%B0-%EC%BB%AC%EB%9F%AC-%EC%83%88%EC%83%81%ED%92%88-285,2026-08-04,https://image.production.fruitsfamily.com/public/product/resized%40width620/pp2bvX2qSO-12D0DBEC-CFC1-4812-BCA2-C4DB5E829D15.jpg|https://image.production.fruitsfamily.com/public/product/resized%40width620/vdV-Shh5kA-3FBEA9E0-723E-4275-8317-A10BB00FFEDA.jpg|https://image.production.fruitsfamily.com/public/product/resized%40width620/wVr3Awa-Cm-907B23F6-32C7-408E-9AAA-FD785BC3B734.jpg|https://image.production.fruitsfamily.com/public/product/resized%40width620/1HgZ7vG1Y_-19214AAB-2303-48BC-B48A-FA26C9483773.jpg|https://image.production.fruitsfamily.com/public/product/resized%40width620/B2ZflmywaY-5FD571DC-0412-49C5-9570-942FE63480F1.jpg,data/images/salomon/7756362_01.jpg|data/images/salomon/7756362_02.jpg|data/images/salomon/7756362_03.jpg
FRUITSFAMILY,10209178,Salomon,SALOMON,살로몬 포스 스피드 어썰트2 275size,140000,210000,275,"상태양호
실착 횟수 많지 않습니다. 산책할 때 5~6번 신었습니다
택x 상자x
구매내역 있습니다 정품o

구매 전에 궁금하신점 연락주세요!",False,https://fruitsfamily.com/product/62tga/%EC%82%B4%EB%A1%9C%EB%AA%AC-%ED%8F%AC%EC%8A%A4-%EC%8A%A4%ED%94%BC%EB%93%9C-%EC%96%B4%EC%8D%B0%ED%8A%B82-275size,2026-08-04,https://image.production.fruitsfamily.com/public/product/resized%40width620/QR7Ie7j7_-d9845206b702.jpg|https://image.production.fruitsfamily.com/public/product/resized%40width620/jF4R5yLPRl-9d57a94adfed.jpg|https://image.production.fruitsfamily.com/public/product/resized%40width620/QU-vX84U6o-8cd7241e0260.jpg|https://image.production.fruitsfamily.com/public/product/resized%40width620/vkO1BVDkSd-b5f997ae734c.jpg|https://image.production.fruitsfamily.com/public/product/resized%40width620/LwHOktSCLZ-42d3b82646ce.jpg|https://image.production.fruitsfamily.com/public/product/resized%40width620/o_cjpd3OeC-ce0e170fad99.jpg|https://image.production.fruitsfamily.com/public/product/resized%40width620/QIsvQXJ925-6c1dc4ba9868.jpg|https://image.production.fruitsfamily.com/public/product/resized%40width620/uklRuX1qNp-1970335f9b2f.jpg|https://image.production.fruitsfamily.com/public/product/resized%40width620/VGOpO8gVtm-6a0be650de7f.jpg,data/images/salomon/10209178_01.jpg|data/images/salomon/10209178_02.jpg|data/images/salomon/10209178_03.jpg
FRUITSFAMILY,4422509,Salomon,SALOMON,살로몬 xt-6 리빙 코랄 블랙,170000,240000,250,일본 오사카 살로몬 매장에서 구매 후 두번 착용한 제품입니다 :) 상자❌,False,https://fruitsfamily.com/product/2msfh/%EC%82%B4%EB%A1%9C%EB%AA%AC-xt-6-%EB%A6%AC%EB%B9%99-%EC%BD%94%EB%9E%84-%EB%B8%94%EB%9E%99,2026-08-04,https://image.production.fruitsfamily.com/public/product/resized%40width620/_T-Fa6rA_1-4A42F251-E554-4F9B-8F33-2E2AD5725B58.jpg|https://image.production.fruitsfamily.com/public/product/resized%40width620/gI3qHZ5yb-61BE352E-6DC8-4169-9A94-BFD389EB05F3.jpg|https://image.production.fruitsfamily.com/public/product/resized%40width620/cbtcl6N9Y--6A15B03A-AF46-4BC2-A13A-ADC431A65A1B.jpg|https://image.production.fruitsfamily.com/public/product/resized%40width620/iBmEJOavD--FB5E6046-1357-471E-8F78-8E18536F7F3E.jpg,data/images/salomon/4422509_01.jpg|data/images/salomon/4422509_02.jpg|data/images/salomon/4422509_03.jpg
FRUITSFAMILY,9598476,Salomon,SALOMON,살로몬 새상품급 트레킹화 240 최종가,110000,130000,240,"어머니께서 매장가 20초반대 구매
끈없어도 매쉬 스판끼가 있어 끈없이 신으셨습니다
끈 필요하시면 쿠팡에 얇은 끈 구입하시면됩니다
없는게 더 편하다네요
밑창 보시면 완전 거의 새거에요
240 정사이즈며 봄여름에 트레킹 편하게 하시면됩니다!",False,https://fruitsfamily.com/product/5pq8c/%EC%82%B4%EB%A1%9C%EB%AA%AC-%EC%83%88%EC%83%81%ED%92%88%EA%B8%89-%ED%8A%B8%EB%A0%88%ED%82%B9%ED%99%94-240-%EC%B5%9C%EC%A2%85%EA%B0%80,2026-08-04,https://image.production.fruitsfamily.com/public/product/resized%40width620/O9fHUZFuZ-10446b1ac07c.jpg|https://image.production.fruitsfamily.com/public/product/resized%40width620/wvfE7s_S1A-1e317fdb196a.jpg|https://image.production.fruitsfamily.com/public/product/resized%40width620/UVMHkbUCB4-d4fa13cd9474.jpg|https://image.production.fruitsfamily.com/public/product/resized%40width620/5OJ6pYBcJ0-7354bdfffbce.jpg|https://image.production.fruitsfamily.com/public/product/resized%40width620/lZ7K68IyDk-efe81df8566b.jpg,data/images/salomon/9598476_01.jpg|data/images/salomon/9598476_02.jpg|data/images/salomon/9598476_03.jpg
FRUITSFAMILY,9911234,Salomon,SALOMON,[270] 살로몬 x MM6 마르지엘라,550000,570000,270,"제품명
Salomon x MM6 Maison Margiela XT-MM6
Black / FTW Silver / Phantom

사이즈
* JP 27 / 270
* EUR 42 2/3
* (박스 라벨 참고)

구성품
* 사진에 있는 구성 그대로

상태
실착 3회 정도입니다

아껴 신으려고 백화점 방문이나
실내 위주로만 착용했습니다
뒤꿈치 까짐 없으며, 밑창 마모도 거의 없어
새상품에 가까운 컨디션입니다

상태는 사진 그대로 촬영하여 올렸으니
꼼꼼히 확인 부탁드립니다

* 정품입니다
* 중고 특성상 미세한 사용감은 있을 수 있습니다.

* 교환 및 환불은 불가하오니 충분히 확인 후 신중한 구매 부탁드립니다",False,https://fruitsfamily.com/product/5wfk2/270-%EC%82%B4%EB%A1%9C%EB%AA%AC-x-mm6-%EB%A7%88%EB%A5%B4%EC%A7%80%EC%97%98%EB%9D%BC,2026-08-04,https://image.production.fruitsfamily.com/public/product/resized%40width620/sBCH-gsn5-232f07fcd9b8.jpg|https://image.production.fruitsfamily.com/public/product/resized%40width620/O67BKBiETN-0d5446d94c46.jpg|https://image.production.fruitsfamily.com/public/product/resized%40width620/9Zxrbay2Gp-0b6af7adf3b7.jpg|https://image.production.fruitsfamily.com/public/product/resized%40width620/Zu_4xo_eug-26c856333c52.jpg|https://image.production.fruitsfamily.com/public/product/resized%40width620/bADojHGpmv-c1c9abc8e54d.jpg|https://image.production.fruitsfamily.com/public/product/resized%40width620/8eoGjW-1HW-b821a3e37d5f.jpg|https://image.production.fruitsfamily.com/public/product/resized%40width620/YHnAKlOCpk-8e829d65ff2c.jpg|https://image.production.fruitsfamily.com/public/product/resized%40width620/jbtZd5pcod-bf2c50758758.jpg|https://image.production.fruitsfamily.com/public/product/resized%40width620/enXSgjDZTt-69b8fe181d36.jpg,data/images/salomon/9911234_01.jpg|data/images/salomon/9911234_02.jpg|data/images/salomon/9911234_03.jpg
FRUITSFAMILY,9943641,Salomon,SALOMON,"살로몬 x MM6 메종 마르지엘라 XT-4 뮬 블랙 나인 아이언
280",600000,700000,280,"살로몬 x MM6 메종 마르지엘라 XT-4 뮬 블랙 나인 아이언
이번 발매한 살로몬 마르지엘라 제품입니다.
진짜 전체적인 실루엣이 너무 이쁜제품입니다.
새상품이며 280사이즈 입니다.
지금날씨부터 신기 너무 좋습니다.",False,https://fruitsfamily.com/product/5x4k9/%EC%82%B4%EB%A1%9C%EB%AA%AC-x-mm6-%EB%A9%94%EC%A2%85-%EB%A7%88%EB%A5%B4%EC%A7%80%EC%97%98%EB%9D%BC-xt-4-%EB%AE%AC-%EB%B8%94%EB%9E%99-%EB%82%98%EC%9D%B8-%EC%95%84%EC%9D%B4%EC%96%B8-280,2026-08-04,https://image.production.fruitsfamily.com/public/product/resized%40width620/KQXmyDuCu-ee5aa0b2942d.jpg|https://image.production.fruitsfamily.com/public/product/resized%40width620/qForS17O_b-5ecbf24a42e0.jpg|https://image.production.fruitsfamily.com/public/product/resized%40width620/DPnLPV4WD8-a4c8edfe82d6.jpg|https://image.production.fruitsfamily.com/public/product/resized%40width620/d1PX3y0H_I-c12588ba3b44.jpg|https://image.production.fruitsfamily.com/public/product/resized%40width620/xAvwS7W85z-b372d6635974.jpg|https://image.production.fruitsfamily.com/public/product/resized%40width620/ql9iITd7Ar-39a0a6abff8e.jpg|https://image.production.fruitsfamily.com/public/product/resized%40width620/vZCL9KJpWD-7f0d2e40bcf5.jpg|https://image.production.fruitsfamily.com/public/product/resized%40width620/OwAxzDTQ5H-6f5a2a9d6faf.jpg,data/images/salomon/9943641_01.jpg|data/images/salomon/9943641_02.jpg|data/images/salomon/9943641_03.jpg
FRUITSFAMILY,4850176,Salomon,SALOMON,살로몬 XT-4 OG 타피 바닐라 아이스 블루 프린트,100000,120000,280,"크림에서 구매했는데 사이즈 미스로 판매합니다

한두 번 신고  나갔습니다

가격 제안을 확인 못할 수도 있습니다!
혹시 확인 안한다면 문의로 메세지 보내주세요!

[KREAM] Salomon XT-4 OG Taffy Vanilla Ice Blue Print
https://kream.co.kr/products/187064",False,https://fruitsfamily.com/product/2vyf4/%EC%82%B4%EB%A1%9C%EB%AA%AC-xt-4-og-%ED%83%80%ED%94%BC-%EB%B0%94%EB%8B%90%EB%9D%BC-%EC%95%84%EC%9D%B4%EC%8A%A4-%EB%B8%94%EB%A3%A8-%ED%94%84%EB%A6%B0%ED%8A%B8,2026-08-04,https://image.production.fruitsfamily.com/public/product/resized%40width620/KSzyo7Nmf6-8EC62152-06FA-4E14-8CA3-D373BC725409.jpg|https://image.production.fruitsfamily.com/public/product/resized%40width620/Js85u3CN7x-FF21BAB6-E190-41A2-9ABA-955A21EA7E8E.jpg|https://image.production.fruitsfamily.com/public/product/resized%40width620/aVV-hL4apm-5C65C44F-4DE3-4B5B-BC93-AC6BC0D287BF.jpg|https://image.production.fruitsfamily.com/public/product/resized%40width620/L7B94iyoVI-523C2E20-03F1-4608-9AF1-52554CE8DAAB.jpg|https://image.production.fruitsfamily.com/public/product/resized%40width620/f2-mvJoEia-B9C14E7E-76AC-4C4A-A33D-78735FBE9952.jpg,data/images/salomon/4850176_01.jpg|data/images/salomon/4850176_02.jpg|data/images/salomon/4850176_03.jpg
FRUITSFAMILY,9943317,Salomon,SALOMON,[265] 살로몬 x GR10K 퀘스트 로우 2 블랙 폰데로사 파인,219000,249000,265,"[265] 살로몬 x GR10K 퀘스트 로우 2 블랙 폰데로사 파인 팝니다! 
크림에서 구매하였으며 튼튼한 등산화/트레킹화로, 험한 산길에서도 안정적인 접지력을 제공합니다. 
신발 끈 조절이 쉬워 편안하게 착용 가능하며, 오묘한 파인 그린 색상과 오렌지 포인트 컬러 조합이 일상 패션에서도 매력적인 제품입니다. 
박스도 함께 드리며, 상태는 올해 2월 트래킹 다닐때만 좀 신고 이후 보관만 해두어 사진으로 보시는것과 같이 매우 양호합니다 (참고하실수있게 모든 방향에서 찍어 올려둡니다)",False,https://fruitsfamily.com/product/5x4b9/265-%EC%82%B4%EB%A1%9C%EB%AA%AC-x-gr10k-%ED%80%98%EC%8A%A4%ED%8A%B8-%EB%A1%9C%EC%9A%B0-2-%EB%B8%94%EB%9E%99-%ED%8F%B0%EB%8D%B0%EB%A1%9C%EC%82%AC-%ED%8C%8C%EC%9D%B8,2026-08-04,https://image.production.fruitsfamily.com/public/product/resized%40width620/2hvIUogxV-e3b9cc485cc2.jpg|https://image.production.fruitsfamily.com/public/product/resized%40width620/ut7E4mq_zn-2a8aac8dab4b.jpg|https://image.production.fruitsfamily.com/public/product/resized%40width620/Pc5teuo4J4-f304a362a5fd.jpg|https://image.production.fruitsfamily.com/public/product/resized%40width620/CtCI76xBsM-4cdd73c90949.jpg|https://image.production.fruitsfamily.com/public/product/resized%40width620/owhCORCrBW-d1d881259eb9.jpg|https://image.production.fruitsfamily.com/public/product/resized%40width620/RqlWM3EMUB-ae44d4f28ba9.jpg|https://image.production.fruitsfamily.com/public/product/resized%40width620/ZZNZmRtl7r-f68f108d3a45.jpg|https://image.production.fruitsfamily.com/public/product/resized%40width620/6j-52hh6lO-820c3f499c29.jpg|https://image.production.fruitsfamily.com/public/product/resized%40width620/ZeZVDRz8UN-dacc652e136f.jpg,data/images/salomon/9943317_01.jpg|data/images/salomon/9943317_02.jpg|data/images/salomon/9943317_03.jpg
FRUITSFAMILY,9932130,Salomon,SALOMON,살로몬 XA 프로 3D 고어텍스 퓨터 블랙 실버 클라우드 275사이즈,250000,,275,"L47587500
275사이즈
실착횟수 적음
상태 매우 좋음
깨끗하게 신었습니다",False,https://fruitsfamily.com/product/5wvoi/%EC%82%B4%EB%A1%9C%EB%AA%AC-xa-%ED%94%84%EB%A1%9C-3d-%EA%B3%A0%EC%96%B4%ED%85%8D%EC%8A%A4-%ED%93%A8%ED%84%B0-%EB%B8%94%EB%9E%99-%EC%8B%A4%EB%B2%84-%ED%81%B4%EB%9D%BC%EC%9A%B0%EB%93%9C-275%EC%82%AC%EC%9D%B4%EC%A6%88,2026-08-04,https://image.production.fruitsfamily.com/public/product/resized%40width620/sKmw2VLbH-63db73dcf162.jpg|https://image.production.fruitsfamily.com/public/product/resized%40width620/uajN0Ey9Rr-ab158cf58d15.jpg|https://image.production.fruitsfamily.com/public/product/resized%40width620/MU4kRea8DD-26ebcf91c32a.jpg|https://image.production.fruitsfamily.com/public/product/resized%40width620/wz9oTtUPXO-eebfe2df1e80.jpg|https://image.production.fruitsfamily.com/public/product/resized%40width620/-kuJIzd5le-2dc10eeb7ea7.jpg,data/images/salomon/9932130_01.jpg|data/images/salomon/9932130_02.jpg|data/images/salomon/9932130_03.jpg
FRUITSFAMILY,9255414,Salomon,SALOMON,살로몬 테크앰비피언2 250,165000,,250,"재프룻합니다 :)

250 사이즈
컨디션 최상이었고 실착은 1-2회예요",False,https://fruitsfamily.com/product/5idiu/%EC%82%B4%EB%A1%9C%EB%AA%AC-%ED%85%8C%ED%81%AC%EC%95%B0%EB%B9%84%ED%94%BC%EC%96%B82-250,2026-08-04,https://image.production.fruitsfamily.com/public/product/resized%40width620/ztMX8RvUa-5cd71fb38ec6.jpg|https://image.production.fruitsfamily.com/public/product/resized%40width620/MUfw9puenI-7b4d851352a9.jpg|https://image.production.fruitsfamily.com/public/product/resized%40width620/ZfAReq0X4-6371a700ef9b.jpg|https://image.production.fruitsfamily.com/public/product/resized%40width620/njMO53_nyh-9693ce4c763b.jpg|https://image.production.fruitsfamily.com/public/product/resized%40width620/HRWfzwi_YK-a9e790887755.jpg,data/images/salomon/9255414_01.jpg|data/images/salomon/9255414_02.jpg|data/images/salomon/9255414_03.jpg
FRUITSFAMILY,10156659,Salomon,SALOMON,Salomon XT-QUEST,99000,,275,"📍 제품 정보

• Salomon XT-QUEST

• 상태: 9/10 – 시간이 지나도 상태가 여전히 아주 좋습니다.

• 사이즈: 43(1/3) / 275cm
 
⏳중고 제품이라 약간의 흠집이 있을 수 있지만, 전체적으로 여전히 멋지고 소장할 가치가 있습니다🙏🏼

💬추가 정보가 필요하시면 DM으로 문의해주세요🤳🏼

💡모든 보물이 빛 속에서 발견되는 것은 아닙니다 – 사라지기 전에 소장하세요💫",False,https://fruitsfamily.com/product/61oxf/salomon-xt-quest,2026-08-04,https://image.production.fruitsfamily.com/public/product/resized%40width620/h0wMYXCEw-f397b9c60947.jpg|https://image.production.fruitsfamily.com/public/product/resized%40width620/3ve-ivhAU2-5c49c60bc095.jpg|https://image.production.fruitsfamily.com/public/product/resized%40width620/3QHJ2tGyIt-b5397e8a9315.jpg|https://image.production.fruitsfamily.com/public/product/resized%40width620/DXhJ4jeWHe-9b01087f5aa3.jpg|https://image.production.fruitsfamily.com/public/product/resized%40width620/2aLAzUvUzD-ca664b184232.jpg|https://image.production.fruitsfamily.com/public/product/resized%40width620/IKRcHXvUis-e8ac13f6c935.jpg|https://image.production.fruitsfamily.com/public/product/resized%40width620/xp3WWWYe-5-703e401518dd.jpg|https://image.production.fruitsfamily.com/public/product/resized%40width620/ZeO0sMVbQO-34d088823607.jpg,data/images/salomon/10156659_01.jpg|data/images/salomon/10156659_02.jpg|data/images/salomon/10156659_03.jpg
FRUITSFAMILY,6828802,Salomon,SALOMON,(W) 살로몬 x 꼼데가르송 센스필 플랫폼 블랙 SALOMON x CDG,372000,449000,240,"(W) 살로몬 x 꼼데가르송 센스필 플랫폼 블랙 SALOMON x CDG

사이즈 240 (신발단품)

사진과 같이 살로몬 플랫폼 특유의 
아웃솔 주름 및 인솔로고벗겨짐,밑창감소, 사용감
존재하는 중고제품입니다

교환X 사이즈문의X
노매너 무개념 잠수 찔러보기 차단",False,https://fruitsfamily.com/product/42d4y/w-%EC%82%B4%EB%A1%9C%EB%AA%AC-x-%EA%BC%BC%EB%8D%B0%EA%B0%80%EB%A5%B4%EC%86%A1-%EC%84%BC%EC%8A%A4%ED%95%84-%ED%94%8C%EB%9E%AB%ED%8F%BC-%EB%B8%94%EB%9E%99-salomon-x-cdg,2026-08-04,https://image.production.fruitsfamily.com/public/product/resized%40width620/geskSJYF-W-38596FB0-E279-45A8-BE47-506C50CEF5B7.jpg|https://image.production.fruitsfamily.com/public/product/resized%40width620/Ws4PWiLoS5-C261648B-0E37-4453-8F39-1CD53DF928EE.jpg|https://image.production.fruitsfamily.com/public/product/resized%40width620/4a2FaD6LIm-AA0074F2-76EF-4CC5-B054-893E0CF94A5C.jpg|https://image.production.fruitsfamily.com/public/product/resized%40width620/haGwlo0XEr-DA729A26-882D-4AA5-BCB8-9AA1F69EF610.jpg|https://image.production.fruitsfamily.com/public/product/resized%40width620/qwPRkc-ko-4E7336E5-20B6-4A77-B072-9C9E8D91276B.jpg|https://image.production.fruitsfamily.com/public/product/resized%40width620/baDRmuevEs-D5B2CB97-7694-47B5-B74B-24C0B0B66D07.jpg|https://image.production.fruitsfamily.com/public/product/resized%40width620/SkZwEecfn5-3D591744-2A28-48EC-BF30-F18C5369F2B7.jpg|https://image.production.fruitsfamily.com/public/product/resized%40width620/ZYUZnr4fwn-AA2ACD3D-FF41-4267-B077-66E0381AEBE6.jpg|https://image.production.fruitsfamily.com/public/product/resized%40width620/aNIPkvi90N-87C7917E-03BF-43CD-B3B1-78CD7F222D2E.jpg|https://image.production.fruitsfamily.com/public/product/resized%40width620/y3dPqyuXk6-79361678-34AF-4436-B198-4686D1370E8F.jpg,data/images/salomon/6828802_01.jpg|data/images/salomon/6828802_02.jpg|data/images/salomon/6828802_03.jpg
FRUITSFAMILY,4044298,Nike,Nike,[240] 나이키 에어포스 1 리액트,160000,,240,"나이키 온라인 공홈 구매
국내 완판 모델
몇 번 안 신어 정말 깨끗합니다
구성품 없음
​
블랙/화이트/블랙
240",False,https://fruitsfamily.com/product/2eolm/240-%EB%82%98%EC%9D%B4%ED%82%A4-%EC%97%90%EC%96%B4%ED%8F%AC%EC%8A%A4-1-%EB%A6%AC%EC%95%A1%ED%8A%B8,2026-08-04,https://image.production.fruitsfamily.com/public/product/resized%40width620/_WbDhf6eJQ-E8271777-2D84-41F9-B259-2CE92A41DFF5.jpg|https://image.production.fruitsfamily.com/public/product/resized%40width620/pFrRTrDC-9-173A4A4F-6CA3-4EE2-A2CD-BBD69BE6DAF5.jpg|https://image.production.fruitsfamily.com/public/product/resized%40width620/NH40ZM5CPr-DE7D9D53-17EC-40C2-B4B6-97FA58F4683F.jpg|https://image.production.fruitsfamily.com/public/product/resized%40width620/VGdhcZHO83-A74016A6-9B40-4F15-A2D0-9C5BEE9D4655.jpg|https://image.production.fruitsfamily.com/public/product/resized%40width620/dOlBmfO3dv-0D16AB02-DE9E-4749-B7CD-2E5F7CBA0590.jpg|https://image.production.fruitsfamily.com/public/product/resized%40width620/Y3_bYfuXwsk-DB71A901-E869-4117-B042-C51530FE07B0.jpg|https://image.production.fruitsfamily.com/public/product/resized%40width620/Ga2TiVB0eF-9A374FA9-A063-4C9D-9F4B-1C2AADEEDFB4.jpg|https://image.production.fruitsfamily.com/public/product/resized%40width620/s8i1uHhMupW-0F26B9BF-8C3E-4E21-925A-FA01871A4B89.jpg|https://image.production.fruitsfamily.com/public/product/resized%40width620/GO2PjWJtbyh-FD2BD8E5-AB05-40D5-BFA2-6C59A9B5649C.jpg|https://image.production.fruitsfamily.com/public/product/resized%40width620/ubPz8kuiVYd-9B46EFA6-B243-42DD-BFA8-C9E5C88CC045.jpg,data/images/nike/4044298_01.jpg|data/images/nike/4044298_02.jpg|data/images/nike/4044298_03.jpg
FRUITSFAMILY,8003136,Nike,Nike,나이키 샥스 r4 245,100000,,245,"실착횟수적어 상태좋습니다 문의주세요
네고 안받습니다",False,https://fruitsfamily.com/product/4rj9c/%EB%82%98%EC%9D%B4%ED%82%A4-%EC%83%A5%EC%8A%A4-r4-245,2026-08-04,https://image.production.fruitsfamily.com/public/product/resized%40width620/MmRVS4DVKk-759257FC-DA3C-473E-94F0-C010F220A88F.jpg|https://image.production.fruitsfamily.com/public/product/resized%40width620/En1DmiZwtO-5DFDF562-80D9-4337-BFA9-17048D33A708.jpg|https://image.production.fruitsfamily.com/public/product/resized%40width620/niBytTXUyN-33921B41-2DCD-4B48-A19E-06DAF86F2D8A.jpg|https://image.production.fruitsfamily.com/public/product/resized%40width620/lG0P4C-XO-74B04A69-76A8-4F99-B42D-3295209620AA.jpg|https://image.production.fruitsfamily.com/public/product/resized%40width620/QUwGNgUkUF-DD40C537-2B41-4630-97C6-90815BFB2AE6.jpg|https://image.production.fruitsfamily.com/public/product/resized%40width620/e4NV51u45P-A06A93EE-3564-467C-95DF-97BCCDD17FDA.jpg|https://image.production.fruitsfamily.com/public/product/resized%40width620/3xZYj0cWxS-57661E6E-1B4F-4376-90C8-2C0E86EF3B24.jpg|https://image.production.fruitsfamily.com/public/product/resized%40width620/lmoLoStZha-11387C9D-10EC-4FDA-89DE-21DCD80A2103.jpg,data/images/nike/8003136_01.jpg|data/images/nike/8003136_02.jpg|data/images/nike/8003136_03.jpg
FRUITSFAMILY,8704386,Nike,Nike,나이키우먼스코르테즈 발레코어스니커즈 베이비핑크운동화아디다스퓨마히메갸루,99000,110000,230,"흔하지 않은 발레코어 디자인의 코르테즈 운동화입니다
새상품이고 당연히 나이키 정품!!! 입니당
사이즈 미스로 재구매하게 되어...ㅠㅠ
230 사이즈입니당
실물 진짜진짜진짜 예뻐요 ㅠㅠ",False,https://fruitsfamily.com/product/56kci/%EB%82%98%EC%9D%B4%ED%82%A4%EC%9A%B0%EB%A8%BC%EC%8A%A4%EC%BD%94%EB%A5%B4%ED%85%8C%EC%A6%88-%EB%B0%9C%EB%A0%88%EC%BD%94%EC%96%B4%EC%8A%A4%EB%8B%88%EC%BB%A4%EC%A6%88-%EB%B2%A0%EC%9D%B4%EB%B9%84%ED%95%91%ED%81%AC%EC%9A%B4%EB%8F%99%ED%99%94%EC%95%84%EB%94%94%EB%8B%A4%EC%8A%A4%ED%93%A8%EB%A7%88%ED%9E%88%EB%A9%94%EA%B0%B8%EB%A3%A8,2026-08-04,https://image.production.fruitsfamily.com/public/product/resized%40width620/uA_edrV_wa-CAB52840-1ED8-4C88-A203-AB8EA450F5B5.jpg|https://image.production.fruitsfamily.com/public/product/resized%40width620/vANqEhs1BU-77F3D607-281A-4C7A-8497-58D9FF44C81C.jpg|https://image.production.fruitsfamily.com/public/product/resized%40width620/7e1EeJHaV0-57508845-5D6F-4BCD-8610-462566B9AD37.jpg|https://image.production.fruitsfamily.com/public/product/resized%40width620/TmV0R4vOg8-201D85F5-42FA-49EF-9E32-1999B1A3944B.jpg|https://image.production.fruitsfamily.com/public/product/resized%40width620/QKQjDBCWv7-EC6C079E-39DE-4156-8A0F-4BAFB81ABC2B.jpg|https://image.production.fruitsfamily.com/public/product/resized%40width620/Zsb8IyFlbH-BF3B13CE-DBE2-45F5-B5CF-F876CC760AD1.jpg,data/images/nike/8704386_01.jpg|data/images/nike/8704386_02.jpg|data/images/nike/8704386_03.jpg
FRUITSFAMILY,9282766,Nike,Nike,나이키 코르테즈 유니온 (새제품) 260 사이즈,140000,150000,260,"나이키 코르테즈 유니온입니다 
나코탭 새제품이고 
박스에 약간 얼룩이 있습니다
우체국택배 발송
직거래xxx
교환환불 불가
사진은 언제든지 보내드립니다",False,https://fruitsfamily.com/product/5iymm/%EB%82%98%EC%9D%B4%ED%82%A4-%EC%BD%94%EB%A5%B4%ED%85%8C%EC%A6%88-%EC%9C%A0%EB%8B%88%EC%98%A8-%EC%83%88%EC%A0%9C%ED%92%88-260-%EC%82%AC%EC%9D%B4%EC%A6%88,2026-08-04,https://image.production.fruitsfamily.com/public/product/resized%40width620/UCIFUBvb9-fb24da95f54a.jpg|https://image.production.fruitsfamily.com/public/product/resized%40width620/x-reiTXnew-ec0f1b6461c3.jpg|https://image.production.fruitsfamily.com/public/product/resized%40width620/ZlOsdu9GXq-c1dbe0459860.jpg|https://image.production.fruitsfamily.com/public/product/resized%40width620/ZqP6fCKAM-362d619d8086.jpg,data/images/nike/9282766_01.jpg|data/images/nike/9282766_02.jpg|data/images/nike/9282766_03.jpg
FRUITSFAMILY,9637934,Nike,Nike, 나이키 에어맥스 95 빅버블 NIKE AIR MAX 95 BIG BBL,180000,190000,265,"265사이즈입니다 황금사이즈

 나이키 매장에서 구입했고 
사이즈 미스로 두번신고 판매합니다

상태 매우좋고 나코탭 박스 풀 구성 입니다

정가 239,000원",False,https://fruitsfamily.com/product/5qkoe/%EB%82%98%EC%9D%B4%ED%82%A4-%EC%97%90%EC%96%B4%EB%A7%A5%EC%8A%A4-95-%EB%B9%85%EB%B2%84%EB%B8%94-nike-air-max-95-big-bbl,2026-08-04,https://image.production.fruitsfamily.com/public/product/resized%40width620/15h6mVsB7-295c0fef96c5.jpg|https://image.production.fruitsfamily.com/public/product/resized%40width620/2CGrFIVLbO-6a1be1ad60b3.jpg|https://image.production.fruitsfamily.com/public/product/resized%40width620/4ugQDw3anT-baae9e7d7b6f.jpg|https://image.production.fruitsfamily.com/public/product/resized%40width620/Vd3sss2bNa-821e5d059e35.jpg,data/images/nike/9637934_01.jpg|data/images/nike/9637934_02.jpg|data/images/nike/9637934_03.jpg
FRUITSFAMILY,10399199,Nike,Nike,나이키 x 자크뮈스 J 포스 1 로우 LX SP 블랙 275사이즈,200000,,275,"선물받고 많이 안 신어서 팔아요
애지중지하면서 깨끗하게 신었습니다
박스 X",False,https://fruitsfamily.com/product/66w2n/%EB%82%98%EC%9D%B4%ED%82%A4-x-%EC%9E%90%ED%81%AC%EB%AE%88%EC%8A%A4-j-%ED%8F%AC%EC%8A%A4-1-%EB%A1%9C%EC%9A%B0-lx-sp-%EB%B8%94%EB%9E%99-275%EC%82%AC%EC%9D%B4%EC%A6%88,2026-08-04,https://image.production.fruitsfamily.com/public/product/resized%40width620/TAgsCA81g-43cdfa295806.jpg|https://image.production.fruitsfamily.com/public/product/resized%40width620/TrftheffXU-9931eebc353c.jpg|https://image.production.fruitsfamily.com/public/product/resized%40width620/57mUtvA40U-f214617668e5.jpg,data/images/nike/10399199_01.jpg|data/images/nike/10399199_02.jpg|data/images/nike/10399199_03.jpg
FRUITSFAMILY,3836269,Nike,Nike,나이키 클래식 코르테즈 SP classic cortez sp 코듀로이,165000,240000,270,"나이키 classic cortez sp 코듀로이 한정판 모델입니다.
국내에도 일부 매장에 들어온 것으로 알고 있으나 소량으로 바로 품절, 일본 한정판으로 출시되었고 새제품을 구할 수 없어 구매대행으로 23-24만 가량으로 구매했습니다.
옵시디언블루, 브라운, 카키, 그레이, 버건디 5가지 컬러로 출시되었었고 인기 있던 네이비, 카키(올리브그린) 모두 구매했고 마지막 까지 소장하려 남겨둔 카키(올리브그린) 판매합니다.
미시착 새제품이며 보관 및 이사도중 뚜껑은 파손되어 버렸고 사진의 구성품 모두 있습니다.

19.5 > 16.5

교환 및 네고문의는 받지않습니다

US 9 270",False,https://fruitsfamily.com/product/2a831/%EB%82%98%EC%9D%B4%ED%82%A4-%ED%81%B4%EB%9E%98%EC%8B%9D-%EC%BD%94%EB%A5%B4%ED%85%8C%EC%A6%88-sp-classic-cortez-sp-%EC%BD%94%EB%93%80%EB%A1%9C%EC%9D%B4,2026-08-04,https://image.production.fruitsfamily.com/public/product/resized%40width620/4tyfpMXdrS-E4FE688F-ABF5-4D58-A497-B9D31B073B55.jpg|https://image.production.fruitsfamily.com/public/product/resized%40width620/kPAVgp-L-I-F2AC660D-71F9-42C6-8DB0-2380235860A3.jpg|https://image.production.fruitsfamily.com/public/product/resized%40width620/7wrE5MnEtu-6EBD7430-53E7-441C-9A5B-F8D88BBC2193.jpg|https://image.production.fruitsfamily.com/public/product/resized%40width620/F29BFCJvrd-093AC285-8E12-4DE0-B0DC-F6FF978A7A2D.jpg|https://image.production.fruitsfamily.com/public/product/resized%40width620/2w7VirrpnA-BB40A4B1-6233-4C4E-BAA0-25FE69710C37.jpg|https://image.production.fruitsfamily.com/public/product/resized%40width620/PNpIjI5T0l-8DEE8F32-A154-47A4-BFA2-DE3598E12A78.jpg|https://image.production.fruitsfamily.com/public/product/resized%40width620/wVxYD9MZLo-50A070FE-D737-408F-A71D-C6BB8964B6FA.jpg|https://image.production.fruitsfamily.com/public/product/resized%40width620/VlVtNEyxz6-4622CD87-22EF-498E-9663-033EA1258784.jpg,data/images/nike/3836269_01.jpg|data/images/nike/3836269_02.jpg|data/images/nike/3836269_03.jpg
FRUITSFAMILY,10130998,Nike,Nike,[245] 나이키 에어포스 1 딸기우유 커스텀,97000,100000,245,"*핑크포스 아니고 화이트 포스에 딸기우유 색을 입힌 커스텀 신발입니다!!!

2년 전에 직접 유명업체에 딸기우유 커스텀 맡겼습니다!
실착도 두세번이고 하자는 없지만, 아무래도 보관기간이 꽤 지나서 부분부분 약간의 까짐은 있긴 합니다.
그냥 핑크포스랑 다른 색입니다 좀 더 멀멀해요.
구매 원하시면 바로 결제해주시면 됩니다!",False,https://fruitsfamily.com/product/6154m/245-%EB%82%98%EC%9D%B4%ED%82%A4-%EC%97%90%EC%96%B4%ED%8F%AC%EC%8A%A4-1-%EB%94%B8%EA%B8%B0%EC%9A%B0%EC%9C%A0-%EC%BB%A4%EC%8A%A4%ED%85%80,2026-08-04,https://image.production.fruitsfamily.com/public/product/resized%40width620/x1eN2hwWm-eadc8b9245a3.jpg|https://image.production.fruitsfamily.com/public/product/resized%40width620/Ucb4wVweDI-59f703390e0f.jpg|https://image.production.fruitsfamily.com/public/product/resized%40width620/Sar3UMqw7v-209a7ffbc7aa.jpg|https://image.production.fruitsfamily.com/public/product/resized%40width620/A9uG1JG3zI-f339c16b5c72.jpg|https://image.production.fruitsfamily.com/public/product/resized%40width620/AOeRGBR5uq-9962028b4c12.jpg,data/images/nike/10130998_01.jpg|data/images/nike/10130998_02.jpg|data/images/nike/10130998_03.jpg
FRUITSFAMILY,8676247,Nike,Nike,[새상품] 나이키 줌 보메로 5 포톤 더스트 그리드아이언 240,145000,,240,"미사용 새상품

구성품: 박스,본품
사이즈: 240

일택:3800 / 반택 2500",False,https://fruitsfamily.com/product/55ymv/%EC%83%88%EC%83%81%ED%92%88-%EB%82%98%EC%9D%B4%ED%82%A4-%EC%A4%8C-%EB%B3%B4%EB%A9%94%EB%A1%9C-5-%ED%8F%AC%ED%86%A4-%EB%8D%94%EC%8A%A4%ED%8A%B8-%EA%B7%B8%EB%A6%AC%EB%93%9C%EC%95%84%EC%9D%B4%EC%96%B8-240,2026-08-04,https://image.production.fruitsfamily.com/public/product/resized%40width620/ZDWgjsEzdo-8195759A-96D0-409C-A11F-0CE6755BDE36.jpg|https://image.production.fruitsfamily.com/public/product/resized%40width620/7uLOacXxkk-B9E97784-539B-4057-9F21-E7229D6926AE.jpg|https://image.production.fruitsfamily.com/public/product/resized%40width620/CI5fanwvJ-23094B6B-7A80-4BB7-9A94-B96B5F7ADAA9.jpg|https://image.production.fruitsfamily.com/public/product/resized%40width620/EHEPQg9yyT-C1ECC4F4-AC5F-414D-8122-F7C338F4D2ED.jpg,data/images/nike/8676247_01.jpg|data/images/nike/8676247_02.jpg|data/images/nike/8676247_03.jpg
FRUITSFAMILY,9887990,Nike,Nike,나이키 80's 빈티지 벨크로 슈즈 250,149000,,250,"판매제품명: 나이키 80's 빈티지 벨크로 슈즈 250

​사이즈: 250

​제품상태 : 80년대 빈티지 중고제품입니다. (1984년)
※상태는 사진 참고부탁드립니다. (사진과 동일)
※메이드인 타이완, 대만 생산제품입니다
※신발 단품만 있습니다.(박스,택 없음)
※빈티지의 가치와 이해도가 높은분께 추천드립니다.
   (예민하신분께는 비추천)

​희망가격 : 149,000원(쿨거래시 택포)

*교환/환불 불가",False,https://fruitsfamily.com/product/5vxme/%EB%82%98%EC%9D%B4%ED%82%A4-80-s-%EB%B9%88%ED%8B%B0%EC%A7%80-%EB%B2%A8%ED%81%AC%EB%A1%9C-%EC%8A%88%EC%A6%88-250,2026-08-04,https://image.production.fruitsfamily.com/public/product/resized%40width620/XMeFzAGui-4492f4224e62.jpg|https://image.production.fruitsfamily.com/public/product/resized%40width620/t4XFjBF_UW-394e8f556bca.jpg|https://image.production.fruitsfamily.com/public/product/resized%40width620/JW32MK29OT-0926054ec129.jpg|https://image.production.fruitsfamily.com/public/product/resized%40width620/YzJnAKfETh-09626c1a7a55.jpg|https://image.production.fruitsfamily.com/public/product/resized%40width620/_UAk2tsjlf-f63f7ad2a673.jpg|https://image.production.fruitsfamily.com/public/product/resized%40width620/-QsPRYIqTD-066a6de29e8b.jpg|https://image.production.fruitsfamily.com/public/product/resized%40width620/ivxB1yJC1f-6ee170761843.jpg|https://image.production.fruitsfamily.com/public/product/resized%40width620/B2LqFE70w1-3fe2e82bf5fd.jpg,data/images/nike/9887990_01.jpg|data/images/nike/9887990_02.jpg|data/images/nike/9887990_03.jpg
FRUITSFAMILY,9858778,Nike,Nike,"나이키 에어맥스 95 빅 버블 LTR QS 블랙, 270",170000,,270,"나이키 에어맥스 95 빅 버블 LTR QS 블랙

270사이즈 판매합니다.

실착 3회 정도로 가죽 특성상 약간의 생활 주름 외에는

오염 및 하자 없으며 전체적으로 깨끗한 상태입니다. 

평소 신는 사이즈보다 크게 구매해

사이즈 미스로 판매합니다.",False,https://fruitsfamily.com/product/5vb2y/%EB%82%98%EC%9D%B4%ED%82%A4-%EC%97%90%EC%96%B4%EB%A7%A5%EC%8A%A4-95-%EB%B9%85-%EB%B2%84%EB%B8%94-ltr-qs-%EB%B8%94%EB%9E%99-270,2026-08-04,https://image.production.fruitsfamily.com/public/product/resized%40width620/rfBflyKea-76367985f69e.jpg|https://image.production.fruitsfamily.com/public/product/resized%40width620/9WIHJOJY-4-fc8cdd405565.jpg|https://image.production.fruitsfamily.com/public/product/resized%40width620/WVlvllA6Cw-30c6bbe30bf0.jpg,data/images/nike/9858778_01.jpg|data/images/nike/9858778_02.jpg|data/images/nike/9858778_03.jpg
FRUITSFAMILY,9556105,Nike,Nike,나이키 x 사카이 x 프라그먼트 LD와플 라이트 스모크 그레이,199000,319000,270,"깨끗한 미중고

신품 구매 이후 몇회 착용하고 보관만 하였습니다.

구성품 전부 포함",False,https://fruitsfamily.com/product/5otjd/%EB%82%98%EC%9D%B4%ED%82%A4-x-%EC%82%AC%EC%B9%B4%EC%9D%B4-x-%ED%94%84%EB%9D%BC%EA%B7%B8%EB%A8%BC%ED%8A%B8-ld%EC%99%80%ED%94%8C-%EB%9D%BC%EC%9D%B4%ED%8A%B8-%EC%8A%A4%EB%AA%A8%ED%81%AC-%EA%B7%B8%EB%A0%88%EC%9D%B4,2026-08-04,https://image.production.fruitsfamily.com/public/product/resized%40width620/aJCejjUqY-5033486b451a.jpg|https://image.production.fruitsfamily.com/public/product/resized%40width620/Aj3GJqFGNf-56d286e1c9cb.jpg|https://image.production.fruitsfamily.com/public/product/resized%40width620/JwRXzgC0vM-2def135556ef.jpg|https://image.production.fruitsfamily.com/public/product/resized%40width620/cSsjg0UDyv-d7d5c80353bd.jpg|https://image.production.fruitsfamily.com/public/product/resized%40width620/gqQ1s92ng_-9c0878a0e84a.jpg|https://image.production.fruitsfamily.com/public/product/resized%40width620/WrHkc5k0bA-e9ec22e72155.jpg|https://image.production.fruitsfamily.com/public/product/resized%40width620/No7WPDKrre-70f1327d6026.jpg|https://image.production.fruitsfamily.com/public/product/resized%40width620/nulRAHfjKA-79b169fdd10f.jpg|https://image.production.fruitsfamily.com/public/product/resized%40width620/yd45dH_u07-80b78ab4d0ab.jpg,data/images/nike/9556105_01.jpg|data/images/nike/9556105_02.jpg|data/images/nike/9556105_03.jpg
FRUITSFAMILY,10386274,Nike,Nike,나이키 샥스r4 레이서 블루 275,120000,,275,"나이키 샥스r4 레이서 블루 275
크림에서 국내배송으로 시키려면 최소 30입니다
상태 좋아요 22주고 샀어요",False,https://fruitsfamily.com/product/66m3m/%EB%82%98%EC%9D%B4%ED%82%A4-%EC%83%A5%EC%8A%A4r4-%EB%A0%88%EC%9D%B4%EC%84%9C-%EB%B8%94%EB%A3%A8-275,2026-08-04,https://image.production.fruitsfamily.com/public/product/resized%40width620/L5pjh76aD-0ee2130d65dd.jpg|https://image.production.fruitsfamily.com/public/product/resized%40width620/GH8lizAw-d-7c2f7cfd9117.jpg|https://image.production.fruitsfamily.com/public/product/resized%40width620/0uDbR4GVoY-6831a0483bcb.jpg|https://image.production.fruitsfamily.com/public/product/resized%40width620/71AAtJE8wy-9f7a05343710.jpg|https://image.production.fruitsfamily.com/public/product/resized%40width620/dCUwPlEuvm-497b7f249783.jpg|https://image.production.fruitsfamily.com/public/product/resized%40width620/CAmvHxjUIf-4350091e5db2.jpg,data/images/nike/10386274_01.jpg|data/images/nike/10386274_02.jpg|data/images/nike/10386274_03.jpg
FRUITSFAMILY,4510326,Nike,Nike,나이키 덩크 로우 레트로 SE 인더스트리얼 블루 270,120000,130000,270,"한 번밖에 안 신은 신발입니다ㅠ 진짜 상태 너무 좋아요
사진 보시면 얼룩,하자 하나도 없고 새상품급입니다
매장에서 한 번 신어보고 구매하는 신발보다 훨씬 상태 좋다고 자신합니다
현재 크림에서  17만원정도에 판매 가능한데 
급하게 처분해야 해서 정말 싸게 내놓습니다
필요하신 분 계시면 꼭 연락 주세요ㅠ",False,https://fruitsfamily.com/product/2oo6u/%EB%82%98%EC%9D%B4%ED%82%A4-%EB%8D%A9%ED%81%AC-%EB%A1%9C%EC%9A%B0-%EB%A0%88%ED%8A%B8%EB%A1%9C-se-%EC%9D%B8%EB%8D%94%EC%8A%A4%ED%8A%B8%EB%A6%AC%EC%96%BC-%EB%B8%94%EB%A3%A8-270,2026-08-04,https://image.production.fruitsfamily.com/public/product/resized%40width620/V1IDhB62m4-893BA1F0-3C37-41DA-850B-646EDD6A8B94.jpg|https://image.production.fruitsfamily.com/public/product/resized%40width620/Yu24eP1BUL-56DAAE40-F5FC-4791-93E3-A3A3F04D41D2.jpg|https://image.production.fruitsfamily.com/public/product/resized%40width620/GdvwaLQnOy-0E7C73F8-E08F-47F7-8FE9-0741E5D13D0E.jpg|https://image.production.fruitsfamily.com/public/product/resized%40width620/vQPvwUeztE-E2C09A65-EDC8-432A-A8A1-FB899E600287.jpg|https://image.production.fruitsfamily.com/public/product/resized%40width620/InXzXXVkQd-5D302F43-439F-4B15-A609-83F4FCD29680.jpg|https://image.production.fruitsfamily.com/public/product/resized%40width620/nqF9WOz4Oe-1170D441-C6BD-41E9-87DF-68F45EA3E085.jpg|https://image.production.fruitsfamily.com/public/product/resized%40width620/K6ZXGN7Vy1-3951124B-6E6D-4717-8FA6-79C4DAB1A625.jpg|https://image.production.fruitsfamily.com/public/product/resized%40width620/L0aQJKSab-8BA93447-5400-4FD6-8A10-BB9AB9460493.jpg,data/images/nike/4510326_01.jpg|data/images/nike/4510326_02.jpg|data/images/nike/4510326_03.jpg
FRUITSFAMILY,10400492,Nike,Nike,나이키 에어맥스 플러스 7 TN 블랙,170000,,280,"•공홈발 새상품

•사이즈 280

•한국에서는 많이 안신지만 유럽쪽에선 다 tn 신습니다.

편하게 연락주세요",False,https://fruitsfamily.com/product/66x2k/%EB%82%98%EC%9D%B4%ED%82%A4-%EC%97%90%EC%96%B4%EB%A7%A5%EC%8A%A4-%ED%94%8C%EB%9F%AC%EC%8A%A4-7-tn-%EB%B8%94%EB%9E%99,2026-08-04,https://image.production.fruitsfamily.com/public/product/resized%40width620/r_EA40MTg-9f90a7681a64.jpg|https://image.production.fruitsfamily.com/public/product/resized%40width620/rufY9BZul_-10fb46727815.jpg|https://image.production.fruitsfamily.com/public/product/resized%40width620/-6I4EIkrU8-40b7293c679c.jpg|https://image.production.fruitsfamily.com/public/product/resized%40width620/aFyNnRkQb9-7b32569e6b94.jpg,data/images/nike/10400492_01.jpg|data/images/nike/10400492_02.jpg|data/images/nike/10400492_03.jpg
FRUITSFAMILY,9450190,Nike,Nike,Nike x Comme des Garcons Air Force 1,400000,500000,280,"나이키 꼼데가르송 슈프림 3자 콜라보 제품입니다

새상품 매물은 매우 찾기 힘드며 가격대도 많이 올라 소장가치가 높은 제품입니다

몇 년 전에 스탁엑스로 구매했으며 영수증까지 보유중입니다 착용하려고 따로 흰색 슈레이스까지 끼워둔 제품이나 신발이 너무 많아서 내놓습니다

본끈인 검정색 슈레이스는 따로 포장 되어 있으며 박스까지 보유중입니다
흰색 슈레이스도 같이 보내드립니다

안 팔리면 소장할 생각입니다",False,https://fruitsfamily.com/product/5mjta/nike-x-comme-des-garcons-air-force-1,2026-08-04,https://image.production.fruitsfamily.com/public/product/resized%40width620/80uOuPf3G-7780d60501b8.jpg|https://image.production.fruitsfamily.com/public/product/resized%40width620/zFZhYWNSLT-5552a2639be5.jpg|https://image.production.fruitsfamily.com/public/product/resized%40width620/Jm2GKnXOf9-ee2a29bfc976.jpg|https://image.production.fruitsfamily.com/public/product/resized%40width620/dRP8V8b4UH-68977907029d.jpg|https://image.production.fruitsfamily.com/public/product/resized%40width620/zJcIZpoo1O-8f98e7cc8f02.jpg,data/images/nike/9450190_01.jpg|data/images/nike/9450190_02.jpg|data/images/nike/9450190_03.jpg
FRUITSFAMILY,9694672,Nike,Nike,나이키 줌X 베이퍼플라이 넥스트% 2 BRS 화이트 유니버시티 골드,96000,130000,260,"팔로우 하시고 더 많은 운동화 의류 구경오세요^^ 

사이즈 260입니다^^
사용감 있지만 전체적으로 깔끔합니다~! 
2-3회 착용

발매가 279000원",False,https://fruitsfamily.com/product/5rsgg/%EB%82%98%EC%9D%B4%ED%82%A4-%EC%A4%8Cx-%EB%B2%A0%EC%9D%B4%ED%8D%BC%ED%94%8C%EB%9D%BC%EC%9D%B4-%EB%84%A5%EC%8A%A4%ED%8A%B8-2-brs-%ED%99%94%EC%9D%B4%ED%8A%B8-%EC%9C%A0%EB%8B%88%EB%B2%84%EC%8B%9C%ED%8B%B0-%EA%B3%A8%EB%93%9C,2026-08-04,https://image.production.fruitsfamily.com/public/product/resized%40width620/KFw1EK-Yo-ec8bb31a12fa.jpg|https://image.production.fruitsfamily.com/public/product/resized%40width620/WhsIdfsWvu-a2837b0e13e3.jpg|https://image.production.fruitsfamily.com/public/product/resized%40width620/1v5E5GVQul-b547392d6d53.jpg|https://image.production.fruitsfamily.com/public/product/resized%40width620/t78pFXvz6t-903ef60f41da.jpg|https://image.production.fruitsfamily.com/public/product/resized%40width620/ra8ldmLLlX-965192163225.jpg|https://image.production.fruitsfamily.com/public/product/resized%40width620/cIBXafsMZ2-7aa4f10649ba.jpg|https://image.production.fruitsfamily.com/public/product/resized%40width620/F9IRWvqTr--4bf98b077d18.jpg|https://image.production.fruitsfamily.com/public/product/resized%40width620/UHN8ATiOl-fe19a0df6d4e.jpg|https://image.production.fruitsfamily.com/public/product/resized%40width620/zufsyqO_dS-7d8aa555ff9d.jpg|https://image.production.fruitsfamily.com/public/product/resized%40width620/bn3E3TjdHr-01a75f8a61f7.jpg,data/images/nike/9694672_01.jpg|data/images/nike/9694672_02.jpg|data/images/nike/9694672_03.jpg
FRUITSFAMILY,9094379,Nike,Nike,[270] 나이키 SB 덩크 코코넛 밀크 발렌타인,100000,,270,"📌 프로필 필독

- 나코탭
- 박스 오염
- 미시착 새상품",False,https://fruitsfamily.com/product/5ex9n/270-%EB%82%98%EC%9D%B4%ED%82%A4-sb-%EB%8D%A9%ED%81%AC-%EC%BD%94%EC%BD%94%EB%84%9B-%EB%B0%80%ED%81%AC-%EB%B0%9C%EB%A0%8C%ED%83%80%EC%9D%B8,2026-08-04,https://image.production.fruitsfamily.com/public/product/resized%40width620/sDg_v65Z_-7e106063442c.jpg|https://image.production.fruitsfamily.com/public/product/resized%40width620/pbW2DfWUqz-d962f23b1cd5.jpg|https://image.production.fruitsfamily.com/public/product/resized%40width620/IEMD-fcyzO-a74f000cd8e7.jpg|https://image.production.fruitsfamily.com/public/product/resized%40width620/qHx4pyiDKV-8cdf4721af88.jpg|https://image.production.fruitsfamily.com/public/product/resized%40width620/tQYXqf6Gmr-edf93a7c981f.jpg,data/images/nike/9094379_01.jpg|data/images/nike/9094379_02.jpg|data/images/nike/9094379_03.jpg
FRUITSFAMILY,8328560,Nike,Nike,나이키 x 자크뮈스 문 슈 SP 알루미늄 핑크 세일,249000,250000,280,나이키와 자크뮈스가 콜라보한 문 슈 SP 알루미늄 핑크 세일 제품입니다. 280 사이즈(US W11 M9.5)이고 미착용 새상품이라 품질 좋습니다. 잘 포장해 보내드립니다.,False,https://fruitsfamily.com/product/4yicw/%EB%82%98%EC%9D%B4%ED%82%A4-x-%EC%9E%90%ED%81%AC%EB%AE%88%EC%8A%A4-%EB%AC%B8-%EC%8A%88-sp-%EC%95%8C%EB%A3%A8%EB%AF%B8%EB%8A%84-%ED%95%91%ED%81%AC-%EC%84%B8%EC%9D%BC,2026-08-04,https://image.production.fruitsfamily.com/public/product/resized%40width620/e-XJ8k4Ag--1774060816303.jpg|https://image.production.fruitsfamily.com/public/product/resized%40width620/8JVLZNQHJN-1774060816325.jpg|https://image.production.fruitsfamily.com/public/product/resized%40width620/7A-FCBUhA8-1774060816342.jpg|https://image.production.fruitsfamily.com/public/product/resized%40width620/_LnRNfGIVC-1774060816358.jpg|https://image.production.fruitsfamily.com/public/product/resized%40width620/DQeFAmpat2-1774060816375.jpg|https://image.production.fruitsfamily.com/public/product/resized%40width620/DzF8UeSZBG-1774060816393.jpg|https://image.production.fruitsfamily.com/public/product/resized%40width620/FPajzZmSwh-1774060816407.jpg|https://image.production.fruitsfamily.com/public/product/resized%40width620/Yhl6jD0EsU-1774060816420.jpg,data/images/nike/8328560_01.jpg|data/images/nike/8328560_02.jpg|data/images/nike/8328560_03.jpg
FRUITSFAMILY,10203021,Nike,Nike,나이키 토탈 90 290,80000,85000,290,홍대 웍스아웃에서 구매하고 그날 딱30분 착용한거 빼고 한번도 신지 않았습니다ㅠㅠ 새 상품이랑 다를바 없구요 급전이 필요해 판매해봅니다.. 박스를 버려버려서 신발단품입니다 계좌택포 마지막가격.,False,https://fruitsfamily.com/product/62op9/%EB%82%98%EC%9D%B4%ED%82%A4-%ED%86%A0%ED%83%88-90-290,2026-08-04,https://image.production.fruitsfamily.com/public/product/resized%40width620/yN9z91Swi-5294d70fc9c4.jpg|https://image.production.fruitsfamily.com/public/product/resized%40width620/FkPlye0L4H-365f324115e4.jpg|https://image.production.fruitsfamily.com/public/product/resized%40width620/JfrtaZu2-F-6b84eddffde8.jpg|https://image.production.fruitsfamily.com/public/product/resized%40width620/tV358_qqDH-937e8702fdb1.jpg,data/images/nike/10203021_01.jpg|data/images/nike/10203021_02.jpg|data/images/nike/10203021_03.jpg
FRUITSFAMILY,4626252,Adidas,Adidas,아디다스X노타이틀 삼바 OG 275,150000,,275,"아디다스X노타이틀 콜라보 제품입니다 .
사이즈 275
연락 주세요 .",False,https://fruitsfamily.com/product/2r5n0/%EC%95%84%EB%94%94%EB%8B%A4%EC%8A%A4x%EB%85%B8%ED%83%80%EC%9D%B4%ED%8B%80-%EC%82%BC%EB%B0%94-og-275,2026-08-04,https://image.production.fruitsfamily.com/public/product/resized%40width620/nSl_-XAnBy-3845E6EC-3540-4F33-90A9-19C86E010265.jpg|https://image.production.fruitsfamily.com/public/product/resized%40width620/GquAOgl601-7955A620-7B5E-476D-915A-DB44BEBA57B8.jpg|https://image.production.fruitsfamily.com/public/product/resized%40width620/kL8egeNJfR-C949274A-F6A2-446A-90D3-E57C80383C97.jpg|https://image.production.fruitsfamily.com/public/product/resized%40width620/5tpXJSdqCF-88E69ADD-F43E-45D1-B8E5-A345BC9E4CC1.jpg|https://image.production.fruitsfamily.com/public/product/resized%40width620/Ba9RC4AMP-693ACC03-79A7-4F99-A144-6F2CD1927306.jpg,data/images/adidas/4626252_01.jpg|data/images/adidas/4626252_02.jpg|data/images/adidas/4626252_03.jpg
FRUITSFAMILY,9043416,Adidas,Adidas,(새상품) 아디다스 가젤 인도어 클리어스카이 255,92000,95000,255,"-정품, 새상품
-색상: 클리어스카이
-사이즈: 255",False,https://fruitsfamily.com/product/5dty0/%EC%83%88%EC%83%81%ED%92%88-%EC%95%84%EB%94%94%EB%8B%A4%EC%8A%A4-%EA%B0%80%EC%A0%A4-%EC%9D%B8%EB%8F%84%EC%96%B4-%ED%81%B4%EB%A6%AC%EC%96%B4%EC%8A%A4%EC%B9%B4%EC%9D%B4-255,2026-08-04,https://image.production.fruitsfamily.com/public/product/resized%40width620/HXDW-iCwc-98f8f91a841b.jpg|https://image.production.fruitsfamily.com/public/product/resized%40width620/qYDlSnfzQ8-c3ce4d000a8b.jpg|https://image.production.fruitsfamily.com/public/product/resized%40width620/t28yajbvQf-d9495e66ecce.jpg|https://image.production.fruitsfamily.com/public/product/resized%40width620/OoKUxCBCJw-744f7c610829.jpg,data/images/adidas/9043416_01.jpg|data/images/adidas/9043416_02.jpg|data/images/adidas/9043416_03.jpg
FRUITSFAMILY,6776539,New Balance,New Balance,뉴발 1000 실버 메탈릭 팝니다(270),165000,169000,270,"미착용 새상품입니다
어렵게 구했는데 사이즈 미스로 판매합니다
연락주세요~",False,https://fruitsfamily.com/product/418t7/%EB%89%B4%EB%B0%9C-1000-%EC%8B%A4%EB%B2%84-%EB%A9%94%ED%83%88%EB%A6%AD-%ED%8C%9D%EB%8B%88%EB%8B%A4-270,2026-08-04,https://image.production.fruitsfamily.com/public/product/resized%40width620/b6xLjgCObE-414D176A-6A48-4154-A18A-87386B1E6017.jpg|https://image.production.fruitsfamily.com/public/product/resized%40width620/IL4auMhYSU-CD9219B1-116E-4059-955E-D838CA422274.jpg|https://image.production.fruitsfamily.com/public/product/resized%40width620/bhEvkE1npC-B451ABAA-9EE6-4F25-9EBF-98A472709D44.jpg,data/images/new_balance/6776539_01.jpg|data/images/new_balance/6776539_02.jpg|data/images/new_balance/6776539_03.jpg
FRUITSFAMILY,10126145,New Balance,New Balance,290) 뉴발란스 1906R 피스타치오 버터 모렐,260000,,290,"박스o
찔러보기 x
안전결제 부탁드려요
쉐입이 날렵해서 한치수 크게 가셔야해요",False,https://fruitsfamily.com/product/611dt/290-%EB%89%B4%EB%B0%9C%EB%9E%80%EC%8A%A4-1906r-%ED%94%BC%EC%8A%A4%ED%83%80%EC%B9%98%EC%98%A4-%EB%B2%84%ED%84%B0-%EB%AA%A8%EB%A0%90,2026-08-04,https://image.production.fruitsfamily.com/public/product/resized%40width620/Jac2yfYsI-94760e6c9177.jpg|https://image.production.fruitsfamily.com/public/product/resized%40width620/y_hNrbqZG2-823eee02a643.jpg|https://image.production.fruitsfamily.com/public/product/resized%40width620/r3pzK4njcV-14aed03120d2.jpg,data/images/new_balance/10126145_01.jpg|data/images/new_balance/10126145_02.jpg|data/images/new_balance/10126145_03.jpg
FRUITSFAMILY,10343458,New Balance,New Balance,(새상품) 뉴발란스 992 260,243000,270000,260,"뉴발란스 992 260

새상품

비브람 밑창 보강

992 265나 993 265로 교환 가능",False,https://fruitsfamily.com/product/65p2a/%EC%83%88%EC%83%81%ED%92%88-%EB%89%B4%EB%B0%9C%EB%9E%80%EC%8A%A4-992-260,2026-08-04,https://image.production.fruitsfamily.com/public/product/resized%40width620/JUA148gwJ-ebfe32f7b368.jpg|https://image.production.fruitsfamily.com/public/product/resized%40width620/FBO7YH7GVL-187a64cbf558.jpg|https://image.production.fruitsfamily.com/public/product/resized%40width620/ctCSi9-BUh-21f689b51b50.jpg|https://image.production.fruitsfamily.com/public/product/resized%40width620/1c5oK2cvij-aad659ac98e0.jpg|https://image.production.fruitsfamily.com/public/product/resized%40width620/BMVH3SYxLJ-bc0a0e2c0ebd.jpg|https://image.production.fruitsfamily.com/public/product/resized%40width620/nmSentplV--f60386eb408e.jpg|https://image.production.fruitsfamily.com/public/product/resized%40width620/OZeyF0yN4s-fceabb1b84f0.jpg,data/images/new_balance/10343458_01.jpg|data/images/new_balance/10343458_02.jpg|data/images/new_balance/10343458_03.jpg
FRUITSFAMILY,8603415,New Balance,New Balance,뉴발란스 991v2 더스크 퍼플 세이지 280,280000,,280,"made in uk 991v2 dusk purple sage 
eu44 280mm

미착용 새제품입니다.
신발이 많아 고민하고 판매합니다.

크*  최근 거래가 32만8천원. 현 최저가 35만.
게다가 크* 수수료까지하면 가격차는 더 큽니다.",False,https://fruitsfamily.com/product/54efr/%EB%89%B4%EB%B0%9C%EB%9E%80%EC%8A%A4-991v2-%EB%8D%94%EC%8A%A4%ED%81%AC-%ED%8D%BC%ED%94%8C-%EC%84%B8%EC%9D%B4%EC%A7%80-280,2026-08-04,https://image.production.fruitsfamily.com/public/product/resized%40width620/WM_24OhpUj-A73A5B0F-AF37-43BD-8002-EF3CB54037A1.jpg|https://image.production.fruitsfamily.com/public/product/resized%40width620/zcaHBOXzZ9-2311F321-9FF0-4664-B65E-E31B6423DD98.jpg|https://image.production.fruitsfamily.com/public/product/resized%40width620/wSXVDaQg0j-78D7DFE8-A9E6-4040-B1A7-A7040CBC4D33.jpg|https://image.production.fruitsfamily.com/public/product/resized%40width620/tYqwuvVXRb-3295A61F-0891-4505-B2DB-7D78C2F4597E.jpg|https://image.production.fruitsfamily.com/public/product/resized%40width620/CYZufkAHX7-942FE35A-4B9A-43DF-9513-829DEA270911.jpg,data/images/new_balance/8603415_01.jpg|data/images/new_balance/8603415_02.jpg|data/images/new_balance/8603415_03.jpg
FRUITSFAMILY,10095265,New Balance,New Balance,[280] 뉴발란스 991v2 트리플블랙,299000,,280,"[280] 뉴발란스 991v2 트리플블랙

​​▶브랜드 : 뉴발란스
▶모델명 : 991v2 트리플블랙
​▶사이즈 : 
280mm

​▶판매가 
29만9000원 (발매가격:30만9000원)
​배송비 4000원 추가 / 착불

​​​▶내용 
뉴발란스 991v2 트리플블랙

​​▶상태 
박스포함 새상품

------------------------------------------------

​​▶거래방법 :
우편거래 - 편의점택배 (롯데택배) - 결제일 다음날 배송
​직거래 (직거래는 당일보다는 그 전날 연락주세요.)
​- 8호선 장지역

​▶
추가사진 / 에눌 / 교환은 하지 않습니다.
품절이라고 표시 안된 제품은 구매 가능합니다.​",False,https://fruitsfamily.com/product/60dk1/280-%EB%89%B4%EB%B0%9C%EB%9E%80%EC%8A%A4-991v2-%ED%8A%B8%EB%A6%AC%ED%94%8C%EB%B8%94%EB%9E%99,2026-08-04,https://image.production.fruitsfamily.com/public/product/resized%40width620/tguP_ZoLoP-1783995281884-wn3ccnqn8.jpg|https://image.production.fruitsfamily.com/public/product/resized%40width620/gKGbCZQaDp-1783995281885-lxe24f050.jpg|https://image.production.fruitsfamily.com/public/product/resized%40width620/Jr0TOdDE1l-1783995281886-22ag96gnp.jpg,data/images/new_balance/10095265_01.jpg|data/images/new_balance/10095265_02.jpg|data/images/new_balance/10095265_03.jpg
FRUITSFAMILY,9383839,New Balance,New Balance,뉴발란스 993 MIU 그레이 (D 스탠다드),72000,90000,280,"뉴발란스 993 그레이

condition:6/10

size: 280

근본있는 뉴발란스 993입니다. 사용감이 많으니 사진 봐주시고 민감하신 분은 피해주세요😀",False,https://fruitsfamily.com/product/5l4m7/%EB%89%B4%EB%B0%9C%EB%9E%80%EC%8A%A4-993-miu-%EA%B7%B8%EB%A0%88%EC%9D%B4-d-%EC%8A%A4%ED%83%A0%EB%8B%A4%EB%93%9C,2026-08-04,https://image.production.fruitsfamily.com/public/product/resized%40width620/v44vHLxQa-bbf93f552f7c.jpg|https://image.production.fruitsfamily.com/public/product/resized%40width620/5ODIAV64yf-57b14a188460.jpg|https://image.production.fruitsfamily.com/public/product/resized%40width620/zodo33h_l5-5ec87bbf057d.jpg|https://image.production.fruitsfamily.com/public/product/resized%40width620/JvDtcNC6xf-fd1ede6c9f59.jpg|https://image.production.fruitsfamily.com/public/product/resized%40width620/q4CM48yfJ6-cae9c62c1215.jpg|https://image.production.fruitsfamily.com/public/product/resized%40width620/7_uEKP3WOq-c6615759bfda.jpg,data/images/new_balance/9383839_01.jpg|data/images/new_balance/9383839_02.jpg|data/images/new_balance/9383839_03.jpg
FRUITSFAMILY,9259972,New Balance,New Balance,[280] 뉴발란스 992 그레이,300000,,280,"뉴발란스 m992gy 280 사이즈, 미국 뉴발 공홈에서 직접 구매한 새상품입니다. 구매후 실착없이 보관중이며 박스포함 입니다. 특별한 문제 없는 좋은 개체이며, 업자들이 판매하는 중국발 제품, 검수기준 이하의 오염있는 제품 등이 폭탄 돌리기 처럼 돌고 도는 리셀 제품 꺼려지시는 분들께 추천드립니다.  우체국 등기로 최단시간 배송해 드립니다. 

중고거래 특성상 가품 외 환불 불가한 점 양지해 주시기 바라며, 현장네고 불가 및 컨디션 확인 외 실착불가 조건으로 2호선 선릉역에서 직거래도 가능합니다.

로펌근무 십수 년차로 사기는 당하지도, 치지도 않습니다. 판매시 패킹영상, 구매시 언박싱 영상 모두 촬영합니다. 비록 비대면 거래이지만 선량하고 양심적인 거래 부탁드립니다.",False,https://fruitsfamily.com/product/5ih1g/280-%EB%89%B4%EB%B0%9C%EB%9E%80%EC%8A%A4-992-%EA%B7%B8%EB%A0%88%EC%9D%B4,2026-08-04,https://image.production.fruitsfamily.com/public/product/resized%40width620/aWr3Ekgnx-92c93aa21608.jpg|https://image.production.fruitsfamily.com/public/product/resized%40width620/9tby8rPPx5-8837a90296ad.jpg|https://image.production.fruitsfamily.com/public/product/resized%40width620/-0IWf3HYp7-0651630267f0.jpg|https://image.production.fruitsfamily.com/public/product/resized%40width620/EAjGgLGEs4-bf44c3c9b834.jpg|https://image.production.fruitsfamily.com/public/product/resized%40width620/SOh2AsL3U7-337ea1cfdf36.jpg|https://image.production.fruitsfamily.com/public/product/resized%40width620/gTw-4g7rCb-5ad51f85749e.jpg|https://image.production.fruitsfamily.com/public/product/resized%40width620/gf8JdTA3ai-88a207949693.jpg|https://image.production.fruitsfamily.com/public/product/resized%40width620/KZ1ghj2hiO-b0a598e0ff4a.jpg|https://image.production.fruitsfamily.com/public/product/resized%40width620/Tr4Fivwk--a139b88b73a0.jpg|https://image.production.fruitsfamily.com/public/product/resized%40width620/wJZPQBgAbG-5b6a9ada6d2d.jpg,data/images/new_balance/9259972_01.jpg|data/images/new_balance/9259972_02.jpg|data/images/new_balance/9259972_03.jpg
FRUITSFAMILY,5193763,New Balance,New Balance,뉴발란스 1600 프리미엄 빈티지 네이비,110000,,235,"뉴발란스 1600 프리미엄 빈티지 네이비
235 사이즈

몇번 신지않아서 상태좋습니다.
박스는 없고 신발 단품입니다.",False,https://fruitsfamily.com/product/33bj7/%EB%89%B4%EB%B0%9C%EB%9E%80%EC%8A%A4-1600-%ED%94%84%EB%A6%AC%EB%AF%B8%EC%97%84-%EB%B9%88%ED%8B%B0%EC%A7%80-%EB%84%A4%EC%9D%B4%EB%B9%84,2026-08-04,https://image.production.fruitsfamily.com/public/product/resized%40width620/Hb5yYOaSMe-DC632486-D66D-4E98-A483-5B023441BA42.jpg|https://image.production.fruitsfamily.com/public/product/resized%40width620/y6riifeiWR-44CDA872-8756-4619-8914-53986C2BB860.jpg|https://image.production.fruitsfamily.com/public/product/resized%40width620/W-b7M7xbvk-9AFA0B95-3456-4055-B836-FB0F2DF2BB9C.jpg|https://image.production.fruitsfamily.com/public/product/resized%40width620/Y-UgVQyQmk-33FA7532-29C7-463E-8934-30AC1F40E13A.jpg|https://image.production.fruitsfamily.com/public/product/resized%40width620/LI7VX4h8oC-E783E36F-1683-4CFE-B605-C93E530892F7.jpg,data/images/new_balance/5193763_01.jpg|data/images/new_balance/5193763_02.jpg|data/images/new_balance/5193763_03.jpg
FRUITSFAMILY,10170683,New Balance,New Balance,뉴발란스 991v2 토탈 이클립스 인디언틸 (275사이즈),250000,,275,"뉴발란스 991v2 토탈 이클립스 인디언틸 (275사이즈)

크림에서 구매하였습니다
실착0회 새제품이고 보관만 하였습니다
현재 크림에서 275 사이즈 약 35에 거래되고 있습니다

25만원에 내놓습니다",False,https://fruitsfamily.com/product/61zqz/%EB%89%B4%EB%B0%9C%EB%9E%80%EC%8A%A4-991v2-%ED%86%A0%ED%83%88-%EC%9D%B4%ED%81%B4%EB%A6%BD%EC%8A%A4-%EC%9D%B8%EB%94%94%EC%96%B8%ED%8B%B8-275%EC%82%AC%EC%9D%B4%EC%A6%88,2026-08-04,https://image.production.fruitsfamily.com/public/product/resized%40width620/ebB_LVhBF-b5b646ecd1a3.jpg|https://image.production.fruitsfamily.com/public/product/resized%40width620/iSkVSU-aOP-6b6012f18318.jpg|https://image.production.fruitsfamily.com/public/product/resized%40width620/LyORO7gXc-f8002d95f11a.jpg|https://image.production.fruitsfamily.com/public/product/resized%40width620/VWxzv-WaHq-a718397f3e5c.jpg|https://image.production.fruitsfamily.com/public/product/resized%40width620/EknL90T23V-9b0aaeb702e8.jpg,data/images/new_balance/10170683_01.jpg|data/images/new_balance/10170683_02.jpg|data/images/new_balance/10170683_03.jpg
FRUITSFAMILY,10381243,New Balance,New Balance,뉴발란스 993 에임레온도르 브라운 260,330000,,260,뉴발란스 993 에임레온도르 브라운 260 사이즈 입니다. 3회 착용한 미중고 제품으로 사진 자세히 찍어 올렸습니다. 이제는 구하기 어려운 제품이니 확인하시고 찾으시던 분 연락주세요!,False,https://fruitsfamily.com/product/66i7v/%EB%89%B4%EB%B0%9C%EB%9E%80%EC%8A%A4-993-%EC%97%90%EC%9E%84%EB%A0%88%EC%98%A8%EB%8F%84%EB%A5%B4-%EB%B8%8C%EB%9D%BC%EC%9A%B4-260,2026-08-04,https://image.production.fruitsfamily.com/public/product/resized%40width620/5A4PYgMNk-cc65ecf3d2db.jpg|https://image.production.fruitsfamily.com/public/product/resized%40width620/X-ZOu4CzXn-fd1ca81d6ae5.jpg|https://image.production.fruitsfamily.com/public/product/resized%40width620/FQ7gAE2lRE-4e7c7102cbc8.jpg|https://image.production.fruitsfamily.com/public/product/resized%40width620/lGAF8csfwg-77c7cc920352.jpg|https://image.production.fruitsfamily.com/public/product/resized%40width620/fS0t02DyKA-2c1ad4d1d30d.jpg|https://image.production.fruitsfamily.com/public/product/resized%40width620/EOR_dhkOOY-a1ace75a4f6f.jpg|https://image.production.fruitsfamily.com/public/product/resized%40width620/sish14ZF5L-a34e7a91293d.jpg|https://image.production.fruitsfamily.com/public/product/resized%40width620/32sgKwzpbQ-f9f2a58f50ea.jpg|https://image.production.fruitsfamily.com/public/product/resized%40width620/RGsyswIlr9-f9ef522e6504.jpg|https://image.production.fruitsfamily.com/public/product/resized%40width620/S-jsOVDFwL-c99adb071f84.jpg,data/images/new_balance/10381243_01.jpg|data/images/new_balance/10381243_02.jpg|data/images/new_balance/10381243_03.jpg
FRUITSFAMILY,9086651,New Balance,New Balance,[280]뉴발란스 퓨어셀sc트레이너 러닝화 마라톤화,90000,95000,280,"마일리지40km
세탁후 1회 더 뛰엇어요
상태좋아요 약간의 이염잇어요 민감하신분패스
뉴발공홈

☆주의!
스프링처럼 통통튀기는데 무릎부담많이되는것같아요
☆초보자용 아닌것같아요

제가 발사이즈 270인데 일부러 한치수 크게삿는데
75이신분들이나 280이신분들 신으면 딱 맞을것같네요

신발은 너무예쁩니다

오늘구매시 아디다스 양말 새것 1개 증정",False,https://fruitsfamily.com/product/5eraz/280-%EB%89%B4%EB%B0%9C%EB%9E%80%EC%8A%A4-%ED%93%A8%EC%96%B4%EC%85%80sc%ED%8A%B8%EB%A0%88%EC%9D%B4%EB%84%88-%EB%9F%AC%EB%8B%9D%ED%99%94-%EB%A7%88%EB%9D%BC%ED%86%A4%ED%99%94,2026-08-04,https://image.production.fruitsfamily.com/public/product/resized%40width620/c6oi2uOnb-41ef5e89b18b.jpg|https://image.production.fruitsfamily.com/public/product/resized%40width620/ik5KKvv2AX-8b1cca774f2c.jpg|https://image.production.fruitsfamily.com/public/product/resized%40width620/7LZGZqZ0_E-a82dee6ef141.jpg|https://image.production.fruitsfamily.com/public/product/resized%40width620/syEIN3yU2Y-631dce07ed7f.jpg|https://image.production.fruitsfamily.com/public/product/resized%40width620/mhQRkuGnwf-2116b43e5264.jpg|https://image.production.fruitsfamily.com/public/product/resized%40width620/MY8tMzeUZ9-6096df50e3fd.jpg|https://image.production.fruitsfamily.com/public/product/resized%40width620/9tRaPiIUq-ea88503bfba5.jpg,data/images/new_balance/9086651_01.jpg|data/images/new_balance/9086651_02.jpg|data/images/new_balance/9086651_03.jpg
FRUITSFAMILY,10084650,New Balance,New Balance,뉴발란스 574 그레이 오렌지 270,190000,,270,"한번도 신지 않은 새상품이구
급하게 내놓습니다. 
많은연락주세요!",False,https://fruitsfamily.com/product/605d6/%EB%89%B4%EB%B0%9C%EB%9E%80%EC%8A%A4-574-%EA%B7%B8%EB%A0%88%EC%9D%B4-%EC%98%A4%EB%A0%8C%EC%A7%80-270,2026-08-04,https://image.production.fruitsfamily.com/public/product/resized%40width620/M5noyWI97-9c5884489ebf.jpg|https://image.production.fruitsfamily.com/public/product/resized%40width620/KG0qAA3S3R-2b755672979e.jpg|https://image.production.fruitsfamily.com/public/product/resized%40width620/P8ZXbJ3EYR-b8a4790fa95c.jpg|https://image.production.fruitsfamily.com/public/product/resized%40width620/ndJaf8oiXh-fc753e9d593b.jpg|https://image.production.fruitsfamily.com/public/product/resized%40width620/cO3vU8Hl_d-625c9b3dd8ec.jpg,data/images/new_balance/10084650_01.jpg|data/images/new_balance/10084650_02.jpg|data/images/new_balance/10084650_03.jpg
FRUITSFAMILY,7872037,New Balance,New Balance,뉴발란스 610 New Balance,85000,110000,280,"뉴발란스 610 New Balance
사이즈 280 
상태 10/10 시착만 해봤고 박스 뚜껑이 없습니다
가격 8.5
확실하게 사실 분만 연락주세요
교환 환불 안됩니다",False,https://fruitsfamily.com/product/4oq3p/%EB%89%B4%EB%B0%9C%EB%9E%80%EC%8A%A4-610-new-balance,2026-08-04,https://image.production.fruitsfamily.com/public/product/resized%40width620/06WoeNQi_U-CE57F960-D0A0-48F9-B862-AE557CD1EFBB.jpg|https://image.production.fruitsfamily.com/public/product/resized%40width620/douE_YdQRJ-88559B1A-DFDB-4BA8-8637-3E18B31A2D7F.jpg|https://image.production.fruitsfamily.com/public/product/resized%40width620/2_s3r_Mfyw-AC57CC9F-68F5-4DFC-8A70-62690066E4D9.jpg|https://image.production.fruitsfamily.com/public/product/resized%40width620/Q7jSmQrxT-2FAB10E1-CCB0-45D4-BDC0-14B6BBE9BBE7.jpg|https://image.production.fruitsfamily.com/public/product/resized%40width620/p-CeLUjeI3-EF701F09-72FC-4700-834A-7EEC67571A0C.jpg,data/images/new_balance/7872037_01.jpg|data/images/new_balance/7872037_02.jpg|data/images/new_balance/7872037_03.jpg
FRUITSFAMILY,10358091,New Balance,New Balance,뉴발 회색 1906 구동화 265사이즈,119200,149000,265,"사이즈 미스로 판매합니다
265 (US 8.5) 사이즈
상태 사진과 같이 좋습니다",False,https://fruitsfamily.com/product/660cr/%EB%89%B4%EB%B0%9C-%ED%9A%8C%EC%83%89-1906-%EA%B5%AC%EB%8F%99%ED%99%94-265%EC%82%AC%EC%9D%B4%EC%A6%88,2026-08-04,https://image.production.fruitsfamily.com/public/product/resized%40width620/6nq2MDizZ-1dbb6383bd3f.jpg|https://image.production.fruitsfamily.com/public/product/resized%40width620/dwI7cAKrlK-4bd79890c68b.jpg|https://image.production.fruitsfamily.com/public/product/resized%40width620/SQRKZIMpdW-1199b69d09f2.jpg|https://image.production.fruitsfamily.com/public/product/resized%40width620/U5lNxpLX6c-53ae043d080c.jpg|https://image.production.fruitsfamily.com/public/product/resized%40width620/C1lT5wZoon-9c2fcd0ff222.jpg|https://image.production.fruitsfamily.com/public/product/resized%40width620/KoLWQSKzvP-cf480740c308.jpg,data/images/new_balance/10358091_01.jpg|data/images/new_balance/10358091_02.jpg|data/images/new_balance/10358091_03.jpg
FRUITSFAMILY,10386988,New Balance,New Balance,뉴발란스574 레거시 블랙265,90000,,265,신세계에서 신발사고 담날 딱 한번 여자친구랑 같이 신고 신발장에 넣어놨어요 블랙이라 아무 옷에 걸쳐 입어도 예뻐요 몇시간도 안신은거라 사용감 일절 없어요,False,https://fruitsfamily.com/product/66mng/%EB%89%B4%EB%B0%9C%EB%9E%80%EC%8A%A4574-%EB%A0%88%EA%B1%B0%EC%8B%9C-%EB%B8%94%EB%9E%99265,2026-08-04,https://image.production.fruitsfamily.com/public/product/resized%40width620/xdPl_GFBs-0811d0788708.jpg|https://image.production.fruitsfamily.com/public/product/resized%40width620/Mls6f5lR-e-a2c95f4117fd.jpg|https://image.production.fruitsfamily.com/public/product/resized%40width620/tcGVtDu2wa-09adc19425ad.jpg|https://image.production.fruitsfamily.com/public/product/resized%40width620/7_0TIfq24c-7b0410bad3ee.jpg|https://image.production.fruitsfamily.com/public/product/resized%40width620/T-IvMyTzC6-7d3c28fda1fc.jpg,data/images/new_balance/10386988_01.jpg|data/images/new_balance/10386988_02.jpg|data/images/new_balance/10386988_03.jpg
FRUITSFAMILY,9801931,New Balance,New Balance,(260) 뉴발란스 프레쉬폼 X 이에로 V9,129000,189000,260,"- 상태 : 10 / 10

- 4E (넓은 발볼)",False,https://fruitsfamily.com/product/5u37v/260-%EB%89%B4%EB%B0%9C%EB%9E%80%EC%8A%A4-%ED%94%84%EB%A0%88%EC%89%AC%ED%8F%BC-x-%EC%9D%B4%EC%97%90%EB%A1%9C-v9,2026-08-04,https://image.production.fruitsfamily.com/public/product/resized%40width620/hVE4Lg6vY-0a0ee46025d5.jpg|https://image.production.fruitsfamily.com/public/product/resized%40width620/p31y1veTEN-57e7502a7e21.jpg|https://image.production.fruitsfamily.com/public/product/resized%40width620/z2hFrrvmi-38b8e59afd2f.jpg|https://image.production.fruitsfamily.com/public/product/resized%40width620/Lt8ghP2zAv-a3e2864ad438.jpg,data/images/new_balance/9801931_01.jpg|data/images/new_balance/9801931_02.jpg|data/images/new_balance/9801931_03.jpg
FRUITSFAMILY,10114150,New Balance,New Balance,뉴발란스 미니머스 MT100aa,80000,125000,290,"280-285 신는데 사이즈 좋았어요
여름에 신기 좋으실 듯 해요.
요즘 유행하듯 플랫한 느낌

궁금하신 점 문의주세요",False,https://fruitsfamily.com/product/60s4m/%EB%89%B4%EB%B0%9C%EB%9E%80%EC%8A%A4-%EB%AF%B8%EB%8B%88%EB%A8%B8%EC%8A%A4-mt100aa,2026-08-04,https://image.production.fruitsfamily.com/public/product/resized%40width620/_pk7P81Wp-90ba18bf01c1.jpg|https://image.production.fruitsfamily.com/public/product/resized%40width620/w4THmWUj4W-45369c3947ed.jpg|https://image.production.fruitsfamily.com/public/product/resized%40width620/tK8yQslGV-ddeaecd2588e.jpg|https://image.production.fruitsfamily.com/public/product/resized%40width620/nio5ewiL3M-af66cd244ca9.jpg|https://image.production.fruitsfamily.com/public/product/resized%40width620/U5lSVubo5D-0ba697a3e2ad.jpg|https://image.production.fruitsfamily.com/public/product/resized%40width620/_8aPfh4ssH-9215946aa1b3.jpg|https://image.production.fruitsfamily.com/public/product/resized%40width620/ivnM1kE5u4-0b70fd988920.jpg|https://image.production.fruitsfamily.com/public/product/resized%40width620/9ClWwotvIP-4c93571156d0.jpg,data/images/new_balance/10114150_01.jpg|data/images/new_balance/10114150_02.jpg|data/images/new_balance/10114150_03.jpg
FRUITSFAMILY,9319371,New Balance,New Balance,뉴발란스 1906R 피스타치오 버터 모렐,210000,300000,260,"한 5번 정조 신었고 상태 진짜 좋아요
제가 추구하는 스타일이 바껴서 팔아요
구하기도 힘든 매물이에요
편하게 연락주세요!",False,https://fruitsfamily.com/product/5jqvf/%EB%89%B4%EB%B0%9C%EB%9E%80%EC%8A%A4-1906r-%ED%94%BC%EC%8A%A4%ED%83%80%EC%B9%98%EC%98%A4-%EB%B2%84%ED%84%B0-%EB%AA%A8%EB%A0%90,2026-08-04,https://image.production.fruitsfamily.com/public/product/resized%40width620/S1u7oAF4T-8bd00befc38a.jpg|https://image.production.fruitsfamily.com/public/product/resized%40width620/AFyML-WYGo-dfed3b91d33b.jpg|https://image.production.fruitsfamily.com/public/product/resized%40width620/9hgDhOKBO3-a15186ed2899.jpg|https://image.production.fruitsfamily.com/public/product/resized%40width620/NlujlNsn9P-c279af5697ee.jpg|https://image.production.fruitsfamily.com/public/product/resized%40width620/r1rvSTwTYE-72e446e18682.jpg|https://image.production.fruitsfamily.com/public/product/resized%40width620/Tra5BcrugE-f27e0472e028.jpg,data/images/new_balance/9319371_01.jpg|data/images/new_balance/9319371_02.jpg|data/images/new_balance/9319371_03.jpg
FRUITSFAMILY,9391331,New Balance,New Balance,뉴발란스 990v4 메이드 인 USA 그레이 실버,150000,,290,"뉴발란스 990v4 메이드 인 USA 그레이 실버

28.9만원인가 매장구매하고 두세번 잠시신어본제품
저랑안어울려서 판매합니다. 
박스는 다른브랜드박스에 보내드립니다 

구매전 채팅주세요!

사이즈290",False,https://fruitsfamily.com/product/5laeb/%EB%89%B4%EB%B0%9C%EB%9E%80%EC%8A%A4-990v4-%EB%A9%94%EC%9D%B4%EB%93%9C-%EC%9D%B8-usa-%EA%B7%B8%EB%A0%88%EC%9D%B4-%EC%8B%A4%EB%B2%84,2026-08-04,https://image.production.fruitsfamily.com/public/product/resized%40width620/Ya-c-0HYN-37098ef4eb58.jpg|https://image.production.fruitsfamily.com/public/product/resized%40width620/Wvm0g_N76Y-969b2f5c9623.jpg|https://image.production.fruitsfamily.com/public/product/resized%40width620/jso3zerGMs-c44abd64f131.jpg|https://image.production.fruitsfamily.com/public/product/resized%40width620/AoMSfq-Gvq-f54abe5cd96e.jpg|https://image.production.fruitsfamily.com/public/product/resized%40width620/eIqe8XOTBe-79009b7ac88a.jpg|https://image.production.fruitsfamily.com/public/product/resized%40width620/X96Oj_drJ_-44e61da97d4e.jpg,data/images/new_balance/9391331_01.jpg|data/images/new_balance/9391331_02.jpg|data/images/new_balance/9391331_03.jpg
FRUITSFAMILY,9555015,New Balance,New Balance,[새상품]뉴발란스 미니머스 MT10O 블랙 캐슬락 230,175000,,230,뉴발란스 미니머스 230사이즈 블랙색상 새상품입니다.,False,https://fruitsfamily.com/product/5osp3/%EC%83%88%EC%83%81%ED%92%88-%EB%89%B4%EB%B0%9C%EB%9E%80%EC%8A%A4-%EB%AF%B8%EB%8B%88%EB%A8%B8%EC%8A%A4-mt10o-%EB%B8%94%EB%9E%99-%EC%BA%90%EC%8A%AC%EB%9D%BD-230,2026-08-04,https://image.production.fruitsfamily.com/public/product/resized%40width620/PHcn25iFq-3de632ef1709.jpg|https://image.production.fruitsfamily.com/public/product/resized%40width620/Z9DEh2DaT4-b5d5be07d61a.jpg|https://image.production.fruitsfamily.com/public/product/resized%40width620/2jZLPe40w9-769b73c51220.jpg|https://image.production.fruitsfamily.com/public/product/resized%40width620/3ixdrGUU-4-c2469eda31af.jpg|https://image.production.fruitsfamily.com/public/product/resized%40width620/FKRAE4dBYZ-05ea92a5b89e.jpg,data/images/new_balance/9555015_01.jpg|data/images/new_balance/9555015_02.jpg|data/images/new_balance/9555015_03.jpg
FRUITSFAMILY,10105799,OOFOS,OOFOS,"[새상품급, 280] 우포스 쪼리 블랙 플립플랍",40000,,280,"새상품급입니다.
편의점만 다녀왔는데 사이즈 미스로 판매합니다.

https://musinsa.onelink.me/PvkC/h9i909f7
현재 품절

반값택배 +2,000원
일반택배 +4,000원",True,https://fruitsfamily.com/product/60lon/%EC%83%88%EC%83%81%ED%92%88%EA%B8%89-280-%EC%9A%B0%ED%8F%AC%EC%8A%A4-%EC%AA%BC%EB%A6%AC-%EB%B8%94%EB%9E%99-%ED%94%8C%EB%A6%BD%ED%94%8C%EB%9E%8D,2026-08-04,https://image.production.fruitsfamily.com/public/product/resized%40width620/7h6hfS46D-1109cf25c0ad.jpg|https://image.production.fruitsfamily.com/public/product/resized%40width620/iMPpwMqtYA-02fb6691334b.jpg|https://image.production.fruitsfamily.com/public/product/resized%40width620/gxUNA4qcg0-892c7b4fe2e6.jpg|https://image.production.fruitsfamily.com/public/product/resized%40width620/L95OKOLnZM-d65281250c07.jpg,data/images/oofos/10105799_01.jpg|data/images/oofos/10105799_02.jpg|data/images/oofos/10105799_03.jpg
FRUITSFAMILY,9817618,OOFOS,OOFOS,예스아이씨 X 우포스 250 ,89000,,250,"실착 1회 
상태 좋습니다 !! 

계좌거래 시 택포 해드려요!",True,https://fruitsfamily.com/product/5ufbm/%EC%98%88%EC%8A%A4%EC%95%84%EC%9D%B4%EC%94%A8-x-%EC%9A%B0%ED%8F%AC%EC%8A%A4-250,2026-08-04,https://image.production.fruitsfamily.com/public/product/resized%40width620/NiARPByZL-0d9cd95c794b.jpg|https://image.production.fruitsfamily.com/public/product/resized%40width620/Za1azVceTo-e2cb9db9e9b6.jpg|https://image.production.fruitsfamily.com/public/product/resized%40width620/qqvbdaR4IY-a9eb0c02f595.jpg,data/images/oofos/9817618_01.jpg|data/images/oofos/9817618_02.jpg|data/images/oofos/9817618_03.jpg
FRUITSFAMILY,9706769,OOFOS,OOFOS,320mm 우포스 오리지널 쪼리 플립플랍 에스프레쏘 브라운 ,45000,70000,310,"우포스쪼리 우포스플립플랍
새상품급 컨디션.
우포스 특유의 푹신한 쿠셔닝과 아치
서포트감이 좋아 장시간 편하게 신기
좋은 리커버리 쪼리입니다.
다크브라운 컬러라 튀지 않고 슬리퍼로
부담 없이 활용하기 좋습니다.
가벼운 몰드형 구조에 발바닥 패턴감이있어
일반 쪼리보다 안정감 있게 신기 좋은 제품입니다.
M14-W16 / EU47 큰 사이즈 제품으로,
큰 발 빅사이즈 찾으시는 분께 잘 맞는 
우포스 오리지널 쪼리입니다.

상품은 사진 그대로 입니다.
꼼꼼히 확인해 보시고 결정해 주세요.
특별한 문의 없으시면 
바로 안전결제하시면 됩니다.

문의 순서와 관계없이
결제 완료 순서 기준으로 판매/출고됩니다
 
밑창 (솔) 컨디션     5.0 / 5.0
갑피(어퍼) 컨디션   5.0 / 5.0
뒷축, 앞코 컨디션   5.0 / 5.0

[ 무게 및 솔 높이 : 약 412g / 4cm ]

■ 안내사항

✔ 제주/도서산간은 추가 배송비가 발생할 수 있습니다.
✔ 상품 설명/사진을 꼭 확인 후 구매 부탁드립니다.
✔ 사이즈 맞춤 상담은 어렵고, 동일 표기라도 
   브랜드/모델에 따라 차이 있을 수 있습니다.
✔ 과한 보정 없이 실제 상태 기준으로 촬영했습니다.
   사진에 다 담기지 않는 미세 사용감은 있을 수 있습니다.
✔ 보풀/마감실/미약 오염/세월감 등 중고·빈티지 
   특성은 있을 수 있으며, 새상품은 별도 표기합니다.

✔ 사이즈 착오 및 단순변심으로 인한 
   반품/환불은 어렵습니다.

✔ 궁금한 점이나 추가 사진 요청은 문의 주세요. 
   빈티지에 민감하신 분은 신중히 부탁드립니다.",True,https://fruitsfamily.com/product/5s1sh/320mm-%EC%9A%B0%ED%8F%AC%EC%8A%A4-%EC%98%A4%EB%A6%AC%EC%A7%80%EB%84%90-%EC%AA%BC%EB%A6%AC-%ED%94%8C%EB%A6%BD%ED%94%8C%EB%9E%8D-%EC%97%90%EC%8A%A4%ED%94%84%EB%A0%88%EC%8F%98-%EB%B8%8C%EB%9D%BC%EC%9A%B4,2026-08-04,https://image.production.fruitsfamily.com/public/product/resized%40width620/T9sEiXwet-af0f6d82493c.jpg|https://image.production.fruitsfamily.com/public/product/resized%40width620/G3Gwgt0TTY-670c60ca1dc7.jpg|https://image.production.fruitsfamily.com/public/product/resized%40width620/cwJHO14Cjl-7c1e46f185fe.jpg|https://image.production.fruitsfamily.com/public/product/resized%40width620/_Ij58QJD6L-36eb7b7cc2d5.jpg|https://image.production.fruitsfamily.com/public/product/resized%40width620/hdiCf6eVRs-c20c7bebd52b.jpg|https://image.production.fruitsfamily.com/public/product/resized%40width620/cpT7C68Tc_-c14ed7242b98.jpg|https://image.production.fruitsfamily.com/public/product/resized%40width620/WGdX4dIlGY-23f7f7f29fe9.jpg|https://image.production.fruitsfamily.com/public/product/resized%40width620/mIFvuBu5bG-2fa4983bed49.jpg|https://image.production.fruitsfamily.com/public/product/resized%40width620/SBgmGJ-uBX-b218a1082743.jpg|https://image.production.fruitsfamily.com/public/product/resized%40width620/A_JiXpTRW3-4db4915b1003.jpg,data/images/oofos/9706769_01.jpg|data/images/oofos/9706769_02.jpg|data/images/oofos/9706769_03.jpg
FRUITSFAMILY,9807741,OOFOS,OOFOS,우포스 오리지날 노마드,62300,89000,255,"혈육 선물로 구매했는데 사이즈 미스로 팔아요 
여행용으로 급하게 구매해서 바로 신을 줄 알고 택 바로 제거했는데 사이즈가 작다고 해서 내놓아요
집에서 사이즈 체크만 해본 새상품입니다
택 잘라만 놓아서 함께 동봉해드리겠습니다
m7/w9 -> 255입니다",True,https://fruitsfamily.com/product/5u7p9/%EC%9A%B0%ED%8F%AC%EC%8A%A4-%EC%98%A4%EB%A6%AC%EC%A7%80%EB%82%A0-%EB%85%B8%EB%A7%88%EB%93%9C,2026-08-04,https://image.production.fruitsfamily.com/public/product/resized%40width620/uhoU5VRzb-9d3b5a925025.jpg,data/images/oofos/9807741_01.jpg
FRUITSFAMILY,10036683,OOFOS,OOFOS,우포스 쪼리 290 [OOriginal] 블랙 남여공용 플립플랍,45000,,290,"• Size : 290

• Condition : 9.5/10
➡️ 단시간 1회착

✔️ 택배비 4,000원 / 제주·도서산간 7,000원
(방문택배만 합니다. 반값택배 X)

✔️ 교신, 직거래 X

✔️ 무리한 네고, 스펙·사이즈 문의, “안녕하세요”, “팔렸나요” 등의 의미 없는 소모성 질문에는 답변하지 않습니다.
(계속될 경우 차단)
구매 의사가 확실한 경우에만 문의 부탁드립니다.

❗️ 최대한 양심 있게 상태를 미리 고지하고 검수하지만, 미처 확인하지 못한 미세한 오염이나 하자가 있을 수 있으며 조명에 따라 색감 차이가 있을 수 있습니다.
예민하신 분은 구매를 지양해 주세요.

❗️ 중고거래 특성상 교환 및 환불은 절대 불가합니다.
(구매 후에는 즉시 방문택배 예약 처리되므로, 발송 전이라도 취소는 불가능합니다.)

구매 결정은 신중히 부탁드립니다 🙏",True,https://fruitsfamily.com/product/5z4cr/%EC%9A%B0%ED%8F%AC%EC%8A%A4-%EC%AA%BC%EB%A6%AC-290-ooriginal-%EB%B8%94%EB%9E%99-%EB%82%A8%EC%97%AC%EA%B3%B5%EC%9A%A9-%ED%94%8C%EB%A6%BD%ED%94%8C%EB%9E%8D,2026-08-04,https://image.production.fruitsfamily.com/public/product/resized%40width620/RATntlc4p-67b75c1aa674.jpg|https://image.production.fruitsfamily.com/public/product/resized%40width620/EsjQ4x54Nn-e7a926a0ffdf.jpg|https://image.production.fruitsfamily.com/public/product/resized%40width620/3pnMkwnudF-a49b2f782b38.jpg|https://image.production.fruitsfamily.com/public/product/resized%40width620/JBgaJGYhbr-3a812d562b7a.jpg|https://image.production.fruitsfamily.com/public/product/resized%40width620/YsnXfk2xeh-a671a66c2bb0.jpg|https://image.production.fruitsfamily.com/public/product/resized%40width620/3DCUfKsKEd-25653e3eec87.jpg,data/images/oofos/10036683_01.jpg|data/images/oofos/10036683_02.jpg|data/images/oofos/10036683_03.jpg
FRUITSFAMILY,9723597,OOFOS,OOFOS,우포스 우아 슬라이드 노마드 컬러 280,67000,,280,"우포스 우아 슬라이드 노마드 컬러 280 사이즈 판매합니다.
신발박스 없이 출시한 모델입니다.
미시착 새상품입니다. 네고/교환/사이즈 문의는 죄송합니다.

교환,환불 불가",True,https://fruitsfamily.com/product/5serx/%EC%9A%B0%ED%8F%AC%EC%8A%A4-%EC%9A%B0%EC%95%84-%EC%8A%AC%EB%9D%BC%EC%9D%B4%EB%93%9C-%EB%85%B8%EB%A7%88%EB%93%9C-%EC%BB%AC%EB%9F%AC-280,2026-08-04,https://image.production.fruitsfamily.com/public/product/resized%40width620/AU_LvtAUK-5d1e1c26e0d5.jpg|https://image.production.fruitsfamily.com/public/product/resized%40width620/hTRdJUb9T-f1c4ba1aae6c.jpg|https://image.production.fruitsfamily.com/public/product/resized%40width620/Dg2TAKdd9i-5056cabb7df8.jpg,data/images/oofos/9723597_01.jpg|data/images/oofos/9723597_02.jpg|data/images/oofos/9723597_03.jpg
FRUITSFAMILY,10055436,OOFOS,OOFOS,솔로이스트 우포스 쪼리 21ss us9 270사이즈,50000,,270,"● 가격:
● 실측:  
● 표기: us9 270
● 컨디션:
21년도 제품이며
컨디션은 주관적이다보니
상세사진 참고해주세요

빈티지 제품 특성상 미처 발견하지 못한
이염,오염 된 부분이 있을 수 있습니다.
신중한 구매 결정 부탁드립니다.
사람 마다 치수 재는것에 1,2cm 차이는 있을 수 있습니다
● 택배비는 착불 혹은 선불입니다. (4000원)
도서 산간 제주도 지방은(7000원)
●중고 거래 특성상  교환이나 환불은 불가합니다.",True,https://fruitsfamily.com/product/5zito/%EC%86%94%EB%A1%9C%EC%9D%B4%EC%8A%A4%ED%8A%B8-%EC%9A%B0%ED%8F%AC%EC%8A%A4-%EC%AA%BC%EB%A6%AC-21ss-us9-270%EC%82%AC%EC%9D%B4%EC%A6%88,2026-08-04,https://image.production.fruitsfamily.com/public/product/resized%40width620/6_ScksLYa-c18b4408ca0c.jpg|https://image.production.fruitsfamily.com/public/product/resized%40width620/EE0risCHHD-ca08d5cdbf39.jpg|https://image.production.fruitsfamily.com/public/product/resized%40width620/1U-tiriMrS-5ff1cb300935.jpg|https://image.production.fruitsfamily.com/public/product/resized%40width620/ybYFAOcPJL-a9b35cfada62.jpg|https://image.production.fruitsfamily.com/public/product/resized%40width620/KknocyV9lT-3d1a272fe079.jpg|https://image.production.fruitsfamily.com/public/product/resized%40width620/fbOAGj2Qzv-47883ba4c174.jpg|https://image.production.fruitsfamily.com/public/product/resized%40width620/ayw--4puvF-404bc4e7f78c.jpg,data/images/oofos/10055436_01.jpg|data/images/oofos/10055436_02.jpg|data/images/oofos/10055436_03.jpg
FRUITSFAMILY,10046480,OOFOS,OOFOS,우포스 오리지널 블랙 260,60000,,260,크림에서 구매했는데 사이즈 미스로 새상품 바로 판매합니다. 편하게 연락주세요.,True,https://fruitsfamily.com/product/5zbww/%EC%9A%B0%ED%8F%AC%EC%8A%A4-%EC%98%A4%EB%A6%AC%EC%A7%80%EB%84%90-%EB%B8%94%EB%9E%99-260,2026-08-04,https://image.production.fruitsfamily.com/public/product/resized%40width620/wZgml9XzO-c5aec8cb4685.jpg,data/images/oofos/10046480_01.jpg
FRUITSFAMILY,10000347,OOFOS,OOFOS,우포스 270 쪼리 플립플랍 블랙 (개봉만),50000,,270,"우포스 쪼리 블랙 270 사이즈입니다. 

사이즈가 크지만 신어 보려 동네 잠깐 걸어본 제품인데, 역시 불편함이 있어서 판매합니다🥺

포장 구성 그대로 있는 거의 새 상품 상태입니다. 
우포스 답게 사이즈만 맞으시면 정말 편하실 쪼리입니다.

편하게 연락해 주세요!",True,https://fruitsfamily.com/product/5ycbf/%EC%9A%B0%ED%8F%AC%EC%8A%A4-270-%EC%AA%BC%EB%A6%AC-%ED%94%8C%EB%A6%BD%ED%94%8C%EB%9E%8D-%EB%B8%94%EB%9E%99-%EA%B0%9C%EB%B4%89%EB%A7%8C,2026-08-04,https://image.production.fruitsfamily.com/public/product/resized%40width620/1svut3Cfu-06998783ab13.jpg|https://image.production.fruitsfamily.com/public/product/resized%40width620/I030PZ7rSD-06eefb30c136.jpg|https://image.production.fruitsfamily.com/public/product/resized%40width620/olP5B5fZnU-5ecb047754ff.jpg|https://image.production.fruitsfamily.com/public/product/resized%40width620/UmpdD-ZsZ5-7a0cfae647cc.jpg|https://image.production.fruitsfamily.com/public/product/resized%40width620/XbmWYEpTG-4d3da9030384.jpg,data/images/oofos/10000347_01.jpg|data/images/oofos/10000347_02.jpg|data/images/oofos/10000347_03.jpg
FRUITSFAMILY,9944770,OOFOS,OOFOS,우포스x디스이즈 네버뎃 ,65000,,260,새상품 구매후 2회착용 하엿습니다. 마모없고 발바닥면 재질상 살짝 벗겨짐 잇습니다. 2회착용이지만 싸게 판매합니다.,True,https://fruitsfamily.com/product/5x5fm/%EC%9A%B0%ED%8F%AC%EC%8A%A4x%EB%94%94%EC%8A%A4%EC%9D%B4%EC%A6%88-%EB%84%A4%EB%B2%84%EB%8E%83,2026-08-04,https://image.production.fruitsfamily.com/public/product/resized%40width620/h8EKNZ7q2-1851cd5f5517.jpg|https://image.production.fruitsfamily.com/public/product/resized%40width620/Mw_y3BJLY5-a52038c7a3aa.jpg|https://image.production.fruitsfamily.com/public/product/resized%40width620/LuVyk_cDcy-e65c7c63b54c.jpg|https://image.production.fruitsfamily.com/public/product/resized%40width620/YEGZ7k8sJm-682f7860bb00.jpg|https://image.production.fruitsfamily.com/public/product/resized%40width620/fjkucekalX-6f74d4349371.jpg|https://image.production.fruitsfamily.com/public/product/resized%40width620/kxyUi7g4m4-1f1d28d5afca.jpg,data/images/oofos/9944770_01.jpg|data/images/oofos/9944770_02.jpg|data/images/oofos/9944770_03.jpg
FRUITSFAMILY,10123190,OOFOS,OOFOS,폴리테루 x 우포스 클로그 블랙 270,139000,,270,"270사이즈
새상품입니다.",True,https://fruitsfamily.com/product/60z3q/%ED%8F%B4%EB%A6%AC%ED%85%8C%EB%A3%A8-x-%EC%9A%B0%ED%8F%AC%EC%8A%A4-%ED%81%B4%EB%A1%9C%EA%B7%B8-%EB%B8%94%EB%9E%99-270,2026-08-04,https://image.production.fruitsfamily.com/public/product/resized%40width620/yDHTR72KY-99dfac3f3a5f.jpg|https://image.production.fruitsfamily.com/public/product/resized%40width620/tiV6s52yD-229efa0c8b85.jpg,data/images/oofos/10123190_01.jpg|data/images/oofos/10123190_02.jpg
FRUITSFAMILY,10036024,OOFOS,OOFOS,우포스 오리지날 블랙 230(US M4/W6) 팝니다.,50000,,230,"실착 1회
사이즈 미스로 판매합니다.
결제 전 꼭 채팅 주세요.
원하시면 실제 신발 상태 보여드립니다.
교환, 환불 x",True,https://fruitsfamily.com/product/5z3ug/%EC%9A%B0%ED%8F%AC%EC%8A%A4-%EC%98%A4%EB%A6%AC%EC%A7%80%EB%82%A0-%EB%B8%94%EB%9E%99-230-us-m4-w6-%ED%8C%9D%EB%8B%88%EB%8B%A4,2026-08-04,https://image.production.fruitsfamily.com/public/product/resized%40width620/mHRz6SbeH-55f8e741ae89.jpg,data/images/oofos/10036024_01.jpg
FRUITSFAMILY,9996210,OOFOS,OOFOS,우포스 솔로이스트 클로그 260(41),120000,,260,"EU41 260사이즈
상태 좋습니다",True,https://fruitsfamily.com/product/5y94i/%EC%9A%B0%ED%8F%AC%EC%8A%A4-%EC%86%94%EB%A1%9C%EC%9D%B4%EC%8A%A4%ED%8A%B8-%ED%81%B4%EB%A1%9C%EA%B7%B8-260-41,2026-08-04,https://image.production.fruitsfamily.com/public/product/resized%40width620/ND2kNnvA6-518ab77ce2e7.jpg|https://image.production.fruitsfamily.com/public/product/resized%40width620/gh7DOkprwl-31d0c330cf7a.jpg|https://image.production.fruitsfamily.com/public/product/resized%40width620/Hz42DanYj-68dc40cd44aa.jpg,data/images/oofos/9996210_01.jpg|data/images/oofos/9996210_02.jpg|data/images/oofos/9996210_03.jpg
FRUITSFAMILY,9923410,OOFOS,OOFOS,(오늘만 이 가격!!)우포스 X 타카히로미야시타 더솔로이스트 콜라보 블랙,150000,,230,"현재크림구매가:29만원
US 6사이즈입니다!
머스트잇에서 구매한 정품입니다 !!
225인 제 발엔 사이즈가 커가지고 ㅠㅠ 제 예상으론 235-240정도이신 분들께 추천드려요!
정확한건 사이트 찾아서 측정해보시는거 추천드립니다:)
실착 2-3회라 사용감은 조금있지만 ,, 저 발냄시도 안 나서 사용감이라곤 밑바닥에 흙 살짝 묻은 정도..
싸게 쟁여가세요들 ...

 구매하실 분은 머스트잇 구매내역, 실물사진 보내드리게쑵니다",True,https://fruitsfamily.com/product/5woya/%EC%98%A4%EB%8A%98%EB%A7%8C-%EC%9D%B4-%EA%B0%80%EA%B2%A9-%EC%9A%B0%ED%8F%AC%EC%8A%A4-x-%ED%83%80%EC%B9%B4%ED%9E%88%EB%A1%9C%EB%AF%B8%EC%95%BC%EC%8B%9C%ED%83%80-%EB%8D%94%EC%86%94%EB%A1%9C%EC%9D%B4%EC%8A%A4%ED%8A%B8-%EC%BD%9C%EB%9D%BC%EB%B3%B4-%EB%B8%94%EB%9E%99,2026-08-04,https://image.production.fruitsfamily.com/public/product/resized%40width620/r_dIYIihS-29fb1ba5eb6a.jpg|https://image.production.fruitsfamily.com/public/product/resized%40width620/ypnZjGay8Z-a612bdeff7dd.jpg|https://image.production.fruitsfamily.com/public/product/resized%40width620/ZNZ0uhPHm3-c4d4280b03cf.jpg|https://image.production.fruitsfamily.com/public/product/resized%40width620/0G92bDUrZ6-0382d0cf30e3.jpg|https://image.production.fruitsfamily.com/public/product/resized%40width620/M7jc5r8tr-b901f7564799.jpg,data/images/oofos/9923410_01.jpg|data/images/oofos/9923410_02.jpg|data/images/oofos/9923410_03.jpg
FRUITSFAMILY,9819779,OOFOS,OOFOS,우포스 폴리테루 사이즈 교환 240<->230,180000,,240,"사이즈 미스 교환 원합니다 
당연히 새상품이에요! 크림 구매했습니다",False,https://fruitsfamily.com/product/5ugzn/%EC%9A%B0%ED%8F%AC%EC%8A%A4-%ED%8F%B4%EB%A6%AC%ED%85%8C%EB%A3%A8-%EC%82%AC%EC%9D%B4%EC%A6%88-%EA%B5%90%ED%99%98-240-230,2026-08-04,https://image.production.fruitsfamily.com/public/product/resized%40width620/qbXx3Dumh-ab4ff7cdb6c6.jpg,data/images/oofos/9819779_01.jpg
FRUITSFAMILY,9943252,OOFOS,OOFOS,[260] 우포스 클로그 1회착,45000,50000,260,"상태 좋습니다. 연락주세요~

주말 발송 가능합니다.",True,https://fruitsfamily.com/product/5x49g/260-%EC%9A%B0%ED%8F%AC%EC%8A%A4-%ED%81%B4%EB%A1%9C%EA%B7%B8-1%ED%9A%8C%EC%B0%A9,2026-08-04,https://image.production.fruitsfamily.com/public/product/resized%40width620/gf8ztaXzK-0b4cdd8ee499.jpg|https://image.production.fruitsfamily.com/public/product/resized%40width620/vQMclEfv_v-8fcba8d96b41.jpg|https://image.production.fruitsfamily.com/public/product/resized%40width620/xvGWd0ZwWG-5ca1851a7f62.jpg,data/images/oofos/9943252_01.jpg|data/images/oofos/9943252_02.jpg|data/images/oofos/9943252_03.jpg
FRUITSFAMILY,9929756,OOFOS,OOFOS,우포스 오리지널 플러스 쪼리 290,70000,,290,"우포스 오리지널 플러스 11사이즈 290 사이즈 입니다.

오리지널 보다 상위라인이고 조금 더 볼드한 쉐입이고 키높이 3~4센치 정도 됩니다.

실착 1회라 상태 좋습니다.",True,https://fruitsfamily.com/product/5wtuk/%EC%9A%B0%ED%8F%AC%EC%8A%A4-%EC%98%A4%EB%A6%AC%EC%A7%80%EB%84%90-%ED%94%8C%EB%9F%AC%EC%8A%A4-%EC%AA%BC%EB%A6%AC-290,2026-08-04,https://image.production.fruitsfamily.com/public/product/resized%40width620/zLIZulElr-0f0b0c156898.jpg|https://image.production.fruitsfamily.com/public/product/resized%40width620/MPeXYnVnK8-805320495476.jpg|https://image.production.fruitsfamily.com/public/product/resized%40width620/ugB96dDxr-6ba7d3ba4847.jpg,data/images/oofos/9929756_01.jpg|data/images/oofos/9929756_02.jpg|data/images/oofos/9929756_03.jpg
FRUITSFAMILY,9927609,OOFOS,OOFOS,(교환) 우포스 폴리테루 270->260,999999,,270,"우포스 폴리테루 크림에서 구매후 1회 착용해봤는데 사이즈가 조금 커서..
혹시 저처럼 사이즈 미스이신 분 계신가 하고 올려봅니다!
교환만 받습니다!!",False,https://fruitsfamily.com/product/5ws6x/%EA%B5%90%ED%99%98-%EC%9A%B0%ED%8F%AC%EC%8A%A4-%ED%8F%B4%EB%A6%AC%ED%85%8C%EB%A3%A8-270-260,2026-08-04,https://image.production.fruitsfamily.com/public/product/resized%40width620/3UXq3ZgxE-17607ac633fa.jpg,data/images/oofos/9927609_01.jpg
FRUITSFAMILY,9855328,OOFOS,OOFOS,우포스 도트 쪼리 (페블 플리플랍),125000,,240,"우포스 도트 쪼리 (패블 플리플랍) 판매합니다
사이즈 240
새상품입니다.

택포 12.5 입니다~~",True,https://fruitsfamily.com/product/5v8f4/%EC%9A%B0%ED%8F%AC%EC%8A%A4-%EB%8F%84%ED%8A%B8-%EC%AA%BC%EB%A6%AC-%ED%8E%98%EB%B8%94-%ED%94%8C%EB%A6%AC%ED%94%8C%EB%9E%8D,2026-08-04,https://image.production.fruitsfamily.com/public/product/resized%40width620/9S1qR-8ka-18157b2c82c8.jpg|https://image.production.fruitsfamily.com/public/product/resized%40width620/7jOKEKXqwm-6ed843c6e02d.jpg|https://image.production.fruitsfamily.com/public/product/resized%40width620/vLus5KLFFw-b324f9ae040f.jpg,data/images/oofos/9855328_01.jpg|data/images/oofos/9855328_02.jpg|data/images/oofos/9855328_03.jpg
FRUITSFAMILY,9939105,OOFOS,OOFOS,[280] 우포스 쪼리 오리지널 블랙,60000,,280,"미시착 새상품.
선물받았는데 안신어서 판매해요.",True,https://fruitsfamily.com/product/5x129/280-%EC%9A%B0%ED%8F%AC%EC%8A%A4-%EC%AA%BC%EB%A6%AC-%EC%98%A4%EB%A6%AC%EC%A7%80%EB%84%90-%EB%B8%94%EB%9E%99,2026-08-04,https://image.production.fruitsfamily.com/public/product/resized%40width620/TLqkc4m4F-05b72f1d1f25.jpg|https://image.production.fruitsfamily.com/public/product/resized%40width620/AMs5pKlJOq-41c9e3b5c7a5.jpg|https://image.production.fruitsfamily.com/public/product/resized%40width620/gRXwvYVD6h-b12f07d302b8.jpg|https://image.production.fruitsfamily.com/public/product/resized%40width620/QD_lxdttah-8a84b67d1e3a.jpg,data/images/oofos/9939105_01.jpg|data/images/oofos/9939105_02.jpg|data/images/oofos/9939105_03.jpg
FRUITSFAMILY,10334657,Crocs,Crocs,크록스 × 헬리녹스 새상품 260,180000,,260,"크록스 × 헬리녹스 한정판 판매

발매된 크록스 × 헬리녹스 콜라보 제품입니다. 발매 당일 구매한 새상품이며, 미착용 제품입니다.

* 정품
* 새상품 / 미착용
* 구성품 모두 포함
* 직거래 및 택배 가능 (협의)

에눌 네고 절대 금지",False,https://fruitsfamily.com/product/65i9t/%ED%81%AC%EB%A1%9D%EC%8A%A4-%ED%97%AC%EB%A6%AC%EB%85%B9%EC%8A%A4-%EC%83%88%EC%83%81%ED%92%88-260,2026-08-04,https://image.production.fruitsfamily.com/public/product/resized%40width620/8PSprMMuZ-4053b818e878.jpg,data/images/crocs/10334657_01.jpg
FRUITSFAMILY,9748217,Crocs,Crocs,미개봉 새 제품 / 크록스 x 카 클래식 클로그 라이트닝 맥퀸,150000,200000,250,"미개봉 새 제품입니다.

불빛이 안 들어오는 버전입니다.

원하시는 각도의 사진이 있으시면 보내드립니다.",False,https://fruitsfamily.com/product/5sxrt/%EB%AF%B8%EA%B0%9C%EB%B4%89-%EC%83%88-%EC%A0%9C%ED%92%88-%ED%81%AC%EB%A1%9D%EC%8A%A4-x-%EC%B9%B4-%ED%81%B4%EB%9E%98%EC%8B%9D-%ED%81%B4%EB%A1%9C%EA%B7%B8-%EB%9D%BC%EC%9D%B4%ED%8A%B8%EB%8B%9D-%EB%A7%A5%ED%80%B8,2026-08-04,https://image.production.fruitsfamily.com/public/product/resized%40width620/gYVAnY1SE-2510cdbe003c.jpg|https://image.production.fruitsfamily.com/public/product/resized%40width620/MU7Om7yxxK-29a87ed30b93.jpg,data/images/crocs/9748217_01.jpg|data/images/crocs/9748217_02.jpg
FRUITSFAMILY,10036849,Crocs,Crocs,크록스 샌들 정품 270사이즈 ,35000,,270,"정품맞구요 
상태양호 
270사이즈
구매의항 있으시면 안전거래 신청하시면 됩니다 
교환 환불 불가",False,https://fruitsfamily.com/product/5z4hd/%ED%81%AC%EB%A1%9D%EC%8A%A4-%EC%83%8C%EB%93%A4-%EC%A0%95%ED%92%88-270%EC%82%AC%EC%9D%B4%EC%A6%88,2026-08-04,https://image.production.fruitsfamily.com/public/product/resized%40width620/q__9L1SBv-b4d19e210fe1.jpg|https://image.production.fruitsfamily.com/public/product/resized%40width620/Simt4-4w1j-dc9b395d7a72.jpg|https://image.production.fruitsfamily.com/public/product/resized%40width620/3yP40uXjAT-fef91168e551.jpg|https://image.production.fruitsfamily.com/public/product/resized%40width620/U95-6DS4SE-586db1f79ca7.jpg|https://image.production.fruitsfamily.com/public/product/resized%40width620/mI9gfQZ3fr-26cf749f5468.jpg|https://image.production.fruitsfamily.com/public/product/resized%40width620/OuMNZzP4_t-0349e8bf2db4.jpg|https://image.production.fruitsfamily.com/public/product/resized%40width620/9_x8uklvKi-dba22e087676.jpg,data/images/crocs/10036849_01.jpg|data/images/crocs/10036849_02.jpg|data/images/crocs/10036849_03.jpg
FRUITSFAMILY,10330977,Crocs,Crocs,[280] 크록스 x 살레헤 벰버리 폴렉스 클로그 우베,150000,,280,"박스없는 택달린 새상품입니다. 

24년에 발매한 콜라보 제품으로 현재는 매물을 찾기 어려운 제품입니다.
박스가 없어 크림보다 저렴하게 판매합니다.
직거래 / 택배거래 가능",False,https://fruitsfamily.com/product/65ffl/280-%ED%81%AC%EB%A1%9D%EC%8A%A4-x-%EC%82%B4%EB%A0%88%ED%97%A4-%EB%B2%B0%EB%B2%84%EB%A6%AC-%ED%8F%B4%EB%A0%89%EC%8A%A4-%ED%81%B4%EB%A1%9C%EA%B7%B8-%EC%9A%B0%EB%B2%A0,2026-08-04,https://image.production.fruitsfamily.com/public/product/resized%40width620/hIogR2NOg-8e438ff9bfd9.jpg|https://image.production.fruitsfamily.com/public/product/resized%40width620/dIQrOT2HG4-530efc033024.jpg|https://image.production.fruitsfamily.com/public/product/resized%40width620/HEJcraVfh6-888188145064.jpg|https://image.production.fruitsfamily.com/public/product/resized%40width620/M-pS7FMsBb-bbb2cb92137f.jpg,data/images/crocs/10330977_01.jpg|data/images/crocs/10330977_02.jpg|data/images/crocs/10330977_03.jpg
FRUITSFAMILY,1723309,Crocs,Crocs,크록스 템보 폴라텍  (2010),150000,,250,"명칭 - Crocs Tembo Polartec (2010)

크기 - 250mm

상태 - 사용감 적음 9/10

크록스는 귀엽습니다. 모양이나 소재뿐만 아니라 브랜드 이미지가 귀엽게 자리 잡았죠. 로고부터가 너무 행복해 보입니다. 그래서 그런지 과거 출시했던 모델 중 조금이라도 세련되면 왠지 모르게 멋져 보입니다.

이번 설명글은 유난히 가벼워졌네요. 군용 혹은 트레킹 신발에서 영감을 받은 템보 폴라텍은 귀여운 고무신의 이미지보다 강인한 방한화에 가깝게 느껴집니다.",False,https://fruitsfamily.com/product/10xpp/%ED%81%AC%EB%A1%9D%EC%8A%A4-%ED%85%9C%EB%B3%B4-%ED%8F%B4%EB%9D%BC%ED%85%8D-2010,2026-08-04,https://image.production.fruitsfamily.com/public/product/resized%40width620/BUDu-Gm_GT-F5771B46-0741-4CA1-A153-1C8F0432D543.jpg|https://image.production.fruitsfamily.com/public/product/resized%40width620/j237B3Dw7h-0BEBBE9E-48A9-4FCE-8751-B5193AB680AE.jpg|https://image.production.fruitsfamily.com/public/product/resized%40width620/OsU0y7w0p0-2D200217-9797-45B1-AB5E-D2D43079D891.jpg|https://image.production.fruitsfamily.com/public/product/resized%40width620/q1M__dsH2I-6DB5E74B-AB68-43E7-BB62-3E9EE733A621.jpg|https://image.production.fruitsfamily.com/public/product/resized%40width620/mi0CPdxa_g-F022E4B5-C4F0-436D-BDD3-F38383387FBD.jpg|https://image.production.fruitsfamily.com/public/product/resized%40width620/oCyC7nbCgz-B45F222C-7D30-45EF-8933-07790DA85631.jpg,data/images/crocs/1723309_01.jpg|data/images/crocs/1723309_02.jpg|data/images/crocs/1723309_03.jpg
FRUITSFAMILY,9536985,Crocs,Crocs,크록스 에코시티 클로그 270(us9),170000,,270,"크록스 에코시티 어드벤쳐 클로그 카키
새상품
270사이즈",False,https://fruitsfamily.com/product/5oes9/%ED%81%AC%EB%A1%9D%EC%8A%A4-%EC%97%90%EC%BD%94%EC%8B%9C%ED%8B%B0-%ED%81%B4%EB%A1%9C%EA%B7%B8-270-us9,2026-08-04,https://image.production.fruitsfamily.com/public/product/resized%40width620/VeZMOWTMv-133f15407e2e.jpg,data/images/crocs/9536985_01.jpg
FRUITSFAMILY,9836079,Crocs,Crocs,크록스 리얼트리 부츠,200000,250000,260,"웍스아웃 구매
집에서 실착만 해봄
택 달려있고 신발 단품",False,https://fruitsfamily.com/product/5utkf/%ED%81%AC%EB%A1%9D%EC%8A%A4-%EB%A6%AC%EC%96%BC%ED%8A%B8%EB%A6%AC-%EB%B6%80%EC%B8%A0,2026-08-04,https://image.production.fruitsfamily.com/public/product/resized%40width620/_kBe9I3NA-40bd473aca70.jpg|https://image.production.fruitsfamily.com/public/product/resized%40width620/_89JMCx1TW-ee74b563aaab.jpg,data/images/crocs/9836079_01.jpg|data/images/crocs/9836079_02.jpg
FRUITSFAMILY,9321264,Crocs,Crocs,크록스x스티븐스미스 리플 260 새제품,109000,,260,"크록스 260사이즈 새제품
직거래 과천시 지정타8단지",False,https://fruitsfamily.com/product/5jsc0/%ED%81%AC%EB%A1%9D%EC%8A%A4x%EC%8A%A4%ED%8B%B0%EB%B8%90%EC%8A%A4%EB%AF%B8%EC%8A%A4-%EB%A6%AC%ED%94%8C-260-%EC%83%88%EC%A0%9C%ED%92%88,2026-08-04,https://image.production.fruitsfamily.com/public/product/resized%40width620/UGLpu2wMl5-9dbe5045a8f5.jpg|https://image.production.fruitsfamily.com/public/product/resized%40width620/bXvkeGTGD-8ba6c6963d31.jpg|https://image.production.fruitsfamily.com/public/product/resized%40width620/lGmR2OD0-a-2e2f32448e28.jpg|https://image.production.fruitsfamily.com/public/product/resized%40width620/oGhWGP1aQy-9bb1db78863a.jpg|https://image.production.fruitsfamily.com/public/product/resized%40width620/nQJ2jzNjxE-44ffcb1c2f5d.jpg|https://image.production.fruitsfamily.com/public/product/resized%40width620/akfUDsYfn8-5344f3266f82.jpg,data/images/crocs/9321264_01.jpg|data/images/crocs/9321264_02.jpg|data/images/crocs/9321264_03.jpg
FRUITSFAMILY,9699946,Crocs,Crocs,크록스 클로그 샌들 슬리퍼 230,32000,,230,"크록스 클로그 샌들 슬리퍼 이에요 

상태는 중고다보니 착화감은 있지만 

상태 양호해요 사진 그대로 참고해주세요~

사이즈 230 이구요 신발 단품이에요

택배 무료 배송이에요

교환 환불은 어려워서 사진 자세히 보시고

신중한 구매 부탁드려요!!",False,https://fruitsfamily.com/product/5rwiy/%ED%81%AC%EB%A1%9D%EC%8A%A4-%ED%81%B4%EB%A1%9C%EA%B7%B8-%EC%83%8C%EB%93%A4-%EC%8A%AC%EB%A6%AC%ED%8D%BC-230,2026-08-04,https://image.production.fruitsfamily.com/public/product/resized%40width620/6Zx35cElMp-1781766996073-tingg87me.jpg|https://image.production.fruitsfamily.com/public/product/resized%40width620/SkDUFIvl81-1781766996073-ddstwcrfl.jpg|https://image.production.fruitsfamily.com/public/product/resized%40width620/9zy48DW2-C-1781766996073-v2gicf42b.jpg|https://image.production.fruitsfamily.com/public/product/resized%40width620/8wH2A18deB-1781766996074-nd52ya875.jpg|https://image.production.fruitsfamily.com/public/product/resized%40width620/gYMoy0uzbU-1781766996074-fht5w0s45.jpg|https://image.production.fruitsfamily.com/public/product/resized%40width620/K84yvGvlQW-1781766996074-dkxhe1anf.jpg|https://image.production.fruitsfamily.com/public/product/resized%40width620/Adoxk9Gtn0-1781766996075-9aj78fh9b.jpg,data/images/crocs/9699946_01.jpg|data/images/crocs/9699946_02.jpg|data/images/crocs/9699946_03.jpg
FRUITSFAMILY,9891213,Crocs,Crocs,크록스 x 빔즈 클래식 클로그 블랙 실버,140000,200000,270,"크림에서 구매
사이즈 270 ( US 9 )
착용 1회
사이즈미스로 판매합니다 자세한 사진 문의주세요",False,https://fruitsfamily.com/product/5w03x/%ED%81%AC%EB%A1%9D%EC%8A%A4-x-%EB%B9%94%EC%A6%88-%ED%81%B4%EB%9E%98%EC%8B%9D-%ED%81%B4%EB%A1%9C%EA%B7%B8-%EB%B8%94%EB%9E%99-%EC%8B%A4%EB%B2%84,2026-08-04,https://image.production.fruitsfamily.com/public/product/resized%40width620/uxY_TkyOU-d9790fcc9f78.jpg|https://image.production.fruitsfamily.com/public/product/resized%40width620/nurLmxIai3-a80b6b5659d3.jpg,data/images/crocs/9891213_01.jpg|data/images/crocs/9891213_02.jpg
FRUITSFAMILY,9952649,Crocs,Crocs,크록스 x 디즈니 픽사 몬스터 주식회사 설리,145000,150000,230,"크록스 매장에서 구입한 제품이고 택,걸이 다 있습니다
230사이즈 이지만 220,230 둘 다 착용 가능합니다

쿨거 시 무배 가능",False,https://fruitsfamily.com/product/5xbih/%ED%81%AC%EB%A1%9D%EC%8A%A4-x-%EB%94%94%EC%A6%88%EB%8B%88-%ED%94%BD%EC%82%AC-%EB%AA%AC%EC%8A%A4%ED%84%B0-%EC%A3%BC%EC%8B%9D%ED%9A%8C%EC%82%AC-%EC%84%A4%EB%A6%AC,2026-08-04,https://image.production.fruitsfamily.com/public/product/resized%40width620/77dMRNDoj-1cd525b9a386.jpg|https://image.production.fruitsfamily.com/public/product/resized%40width620/qK6dc6iZgq-20ca84d242e3.jpg,data/images/crocs/9952649_01.jpg|data/images/crocs/9952649_02.jpg
FRUITSFAMILY,9782039,Crocs,Crocs,크록스 파트리시아 웨지 샌들 네이비 라벤더 240mm,35000,40000,240,"크록스웨지샌들 크록스통굽샌들

낮은 웨지굽으로 키높이감은 살리면서도 
특유의 가벼운 착화감이 장점인 샌들입니다.
네이비 컬러라 블랙보다 답답해 보이지 않고,
어느 코디에나 무난하게 잘 어울립니다.
발등을 잡아주는 스트랩 구조라
안정감 있게 신기 좋은 웨지 샌들입니다.

상품은 사진 그대로 입니다.
꼼꼼히 확인해 보시고 결정해 주세요.
문의 없으시면 바로 안전결제하시면 됩니다.
 
밑창 (솔) 컨디션     4.5 / 5.0
갑피(어퍼) 컨디션   5.0 / 5.0
뒷축, 앞코 컨디션   5.0 / 5.0

[ 무게 및 솔 높이 : 약 272g / 4cm ]

■ 안내사항

✔ 제주/도서산간은 추가 배송비가 발생할 수 있습니다.
✔ 상품 설명/사진을 꼭 확인 후 구매 부탁드립니다.
✔ 사이즈 맞춤 상담은 어렵고, 동일 표기라도 
   브랜드/모델에 따라 차이 있을 수 있습니다.
✔ 과한 보정 없이 실제 상태 기준으로 촬영했습니다.
   사진에 다 담기지 않는 미세 사용감은 있을 수 있습니다.
✔ 보풀/마감실/미약 오염/세월감 등 중고·빈티지 
   특성은 있을 수 있으며, 새상품은 별도 표기합니다.

✔ 사이즈 착오 및 단순변심으로 인한 
   반품/환불은 어렵습니다.

✔ 궁금한 점이나 추가 사진 요청은 문의 주세요. 
   빈티지에 민감하신 분은 신중히 부탁드립니다.",False,https://fruitsfamily.com/product/5tnvb/%ED%81%AC%EB%A1%9D%EC%8A%A4-%ED%8C%8C%ED%8A%B8%EB%A6%AC%EC%8B%9C%EC%95%84-%EC%9B%A8%EC%A7%80-%EC%83%8C%EB%93%A4-%EB%84%A4%EC%9D%B4%EB%B9%84-%EB%9D%BC%EB%B2%A4%EB%8D%94-240mm,2026-08-04,https://image.production.fruitsfamily.com/public/product/resized%40width620/IkSlfhGTI-5f5f7ec46da1.jpg|https://image.production.fruitsfamily.com/public/product/resized%40width620/3EYy926jO7-613fd42d05f9.jpg|https://image.production.fruitsfamily.com/public/product/resized%40width620/TCvvitL9Ho-0a27b0151f7b.jpg|https://image.production.fruitsfamily.com/public/product/resized%40width620/n-px7ksZXu-aea9745e7331.jpg|https://image.production.fruitsfamily.com/public/product/resized%40width620/UNHrSu74GZ-8e28ec0df0b9.jpg|https://image.production.fruitsfamily.com/public/product/resized%40width620/a5BwxLMg5j-4f157c45e9cb.jpg|https://image.production.fruitsfamily.com/public/product/resized%40width620/jfa1ZjLi8K-4af7c0bd7d06.jpg|https://image.production.fruitsfamily.com/public/product/resized%40width620/sqWPpEsw00-2aea2b5cacf0.jpg|https://image.production.fruitsfamily.com/public/product/resized%40width620/1UFptmto__-d3bea52f313c.jpg,data/images/crocs/9782039_01.jpg|data/images/crocs/9782039_02.jpg|data/images/crocs/9782039_03.jpg
FRUITSFAMILY,10089279,Crocs,Crocs,"240mm 크록스 산라 스트래피 웨지 샌들 블랙
",35000,,240,"크록스웨지샌들 웨지슬리퍼

블랙 컬러에 크로스 스트랩 디자인이라 편하게 
신으면서도 기본 슬리퍼보다 훨씬 깔끔한 느낌입니다.

상품은 사진 그대로 입니다.
꼼꼼히 확인해 보시고 결정해 주세요.
특별한 문의 없으시면 
바로 안전결제하시면 됩니다.

문의 순서와 관계없이
결제 완료 순서 기준으로 판매/출고됩니다
 
밑창 (솔) 컨디션     5.0 / 5.0
갑피(어퍼) 컨디션   5.0 / 5.0
뒷축, 앞코 컨디션   5.0 / 5.0

[ 무게 및 솔 높이 : 약 266g / 5cm ]

■ 안내사항

✔ 제주/도서산간은 추가 배송비가 발생할 수 있습니다.
✔ 상품 설명/사진을 꼭 확인 후 구매 부탁드립니다.
✔ 사이즈 맞춤 상담은 어렵고, 동일 표기라도 
   브랜드/모델에 따라 차이 있을 수 있습니다.
✔ 과한 보정 없이 실제 상태 기준으로 촬영했습니다.
   사진에 다 담기지 않는 미세 사용감은 있을 수 있습니다.
✔ 보풀/마감실/미약 오염/세월감 등 중고·빈티지 
   특성은 있을 수 있으며, 새상품은 별도 표기합니다.

✔ 사이즈 착오 및 단순변심으로 인한 
   반품/환불은 어렵습니다.

✔ 궁금한 점이나 추가 사진 요청은 문의 주세요. 
   빈티지에 민감하신 분은 신중히 부탁드립니다.",False,https://fruitsfamily.com/product/608xr/240mm-%ED%81%AC%EB%A1%9D%EC%8A%A4-%EC%82%B0%EB%9D%BC-%EC%8A%A4%ED%8A%B8%EB%9E%98%ED%94%BC-%EC%9B%A8%EC%A7%80-%EC%83%8C%EB%93%A4-%EB%B8%94%EB%9E%99,2026-08-04,https://image.production.fruitsfamily.com/public/product/resized%40width620/88C0Z6S7Y-40ec39f69bac.jpg|https://image.production.fruitsfamily.com/public/product/resized%40width620/t5eVpBsBuw-6dbb16de582e.jpg|https://image.production.fruitsfamily.com/public/product/resized%40width620/YyaMvzMvKF-97b7346f5a41.jpg|https://image.production.fruitsfamily.com/public/product/resized%40width620/Kda2kJc80Q-5f42822dd36f.jpg|https://image.production.fruitsfamily.com/public/product/resized%40width620/tDpSD1voBu-85f9265e7ea5.jpg|https://image.production.fruitsfamily.com/public/product/resized%40width620/ZjBM39rhPU-c40d890d4e04.jpg|https://image.production.fruitsfamily.com/public/product/resized%40width620/Jn5Je2lFfu-25594b4dbebc.jpg|https://image.production.fruitsfamily.com/public/product/resized%40width620/orfLSOHuVm-45eed180fefb.jpg|https://image.production.fruitsfamily.com/public/product/resized%40width620/tu1wkbtIsN-25fa286d43c5.jpg|https://image.production.fruitsfamily.com/public/product/resized%40width620/6ui_-N3NEV-a51dc6cce5e0.jpg,data/images/crocs/10089279_01.jpg|data/images/crocs/10089279_02.jpg|data/images/crocs/10089279_03.jpg
FRUITSFAMILY,9870285,Crocs,Crocs,220 새제품) (W) 크록스 x 동물의 숲 플랫폼 클로그 동숲 슬리퍼,97000,,220,"210101-90H 
동숲 크록스
220 미시착 새제품입니다.

｡･:*:･ﾟ★,｡･:*:･ﾟ☆　｡･:*:･ﾟ★,｡･:*:･ﾟ☆
🚛 택배 : 3,000원  /  반택 : 2,000원
🐾 직거 : 부산 사직역 ~ 미남역 부근",False,https://fruitsfamily.com/product/5vjyl/220-%EC%83%88%EC%A0%9C%ED%92%88-w-%ED%81%AC%EB%A1%9D%EC%8A%A4-x-%EB%8F%99%EB%AC%BC%EC%9D%98-%EC%88%B2-%ED%94%8C%EB%9E%AB%ED%8F%BC-%ED%81%B4%EB%A1%9C%EA%B7%B8-%EB%8F%99%EC%88%B2-%EC%8A%AC%EB%A6%AC%ED%8D%BC,2026-08-04,https://image.production.fruitsfamily.com/public/product/resized%40width620/kSYbnv9-0-acb52f8474a6.jpg|https://image.production.fruitsfamily.com/public/product/resized%40width620/jKbWVcyhwh-391d954df5f5.jpg|https://image.production.fruitsfamily.com/public/product/resized%40width620/QPv4o73U91-b2cf2e2bd1f1.jpg|https://image.production.fruitsfamily.com/public/product/resized%40width620/a3FqgFjKCC-b5c6c25f3803.jpg|https://image.production.fruitsfamily.com/public/product/resized%40width620/HOmvKDoDrR-faca66defe47.jpg|https://image.production.fruitsfamily.com/public/product/resized%40width620/pfKxROlk0P-af6d2edaeda5.jpg|https://image.production.fruitsfamily.com/public/product/resized%40width620/oKFdgxt_G7-9ada3e16e6df.jpg|https://image.production.fruitsfamily.com/public/product/resized%40width620/jR0wyUujtZ-884e68452420.jpg,data/images/crocs/9870285_01.jpg|data/images/crocs/9870285_02.jpg|data/images/crocs/9870285_03.jpg
FRUITSFAMILY,8673526,Crocs,Crocs,[290] 크록스 x 리바이스 올 터레인 클로그 본 블루,70000,100000,290,"크록스 리바이스 콜라보 제품입니다. 비츠 모두 다 있습니다 보시다시피 

귀한 콜라보 제품입니다. 

가치를 아시는분 가져가세요 

단품",False,https://fruitsfamily.com/product/55wja/290-%ED%81%AC%EB%A1%9D%EC%8A%A4-x-%EB%A6%AC%EB%B0%94%EC%9D%B4%EC%8A%A4-%EC%98%AC-%ED%84%B0%EB%A0%88%EC%9D%B8-%ED%81%B4%EB%A1%9C%EA%B7%B8-%EB%B3%B8-%EB%B8%94%EB%A3%A8,2026-08-04,https://image.production.fruitsfamily.com/public/product/resized%40width620/1BeO-E84yi-30D90BF0-3CE8-4D04-A655-F2D75B701CD0.jpg|https://image.production.fruitsfamily.com/public/product/resized%40width620/WvSBteB8Vb-49DDF3EA-A244-47E0-A4BB-D6347704E8EF.jpg|https://image.production.fruitsfamily.com/public/product/resized%40width620/ONnfKVgiyy-19568C0B-F36C-4713-B108-48FD0542176B.jpg,data/images/crocs/8673526_01.jpg|data/images/crocs/8673526_02.jpg|data/images/crocs/8673526_03.jpg
FRUITSFAMILY,9327839,Crocs,Crocs,크록스 포스트말론 검핑,170000,,280,"크록스 포스트말론 
크림에서 구매했는 제품입니다 
편하게 신을려고 사이즈업했던 제품이며 280(10us) 입니다

사용감 존재하며 왼쪽 신발에 스트랩쪽 구멍이 넓어져 뜯어짐 있으나 사용에 전혀 문제없습니다  (사진 참고) 

구매하시면 자비츠 서비스로 다 드립니다

단순 변심 환불 불가",False,https://fruitsfamily.com/product/5jxen/%ED%81%AC%EB%A1%9D%EC%8A%A4-%ED%8F%AC%EC%8A%A4%ED%8A%B8%EB%A7%90%EB%A1%A0-%EA%B2%80%ED%95%91,2026-08-04,https://image.production.fruitsfamily.com/public/product/resized%40width620/nXkQSq9UA-605879edc353.jpg|https://image.production.fruitsfamily.com/public/product/resized%40width620/b1FyPHIptR-bd1aab99d618.jpg|https://image.production.fruitsfamily.com/public/product/resized%40width620/KRciAgk9Fa-b4b3c4f62e34.jpg|https://image.production.fruitsfamily.com/public/product/resized%40width620/fJNiutmFzy-a0beceec8d7a.jpg|https://image.production.fruitsfamily.com/public/product/resized%40width620/NbHTwRgyiw-de5878fb5f6c.jpg|https://image.production.fruitsfamily.com/public/product/resized%40width620/iWzpeSicP-03869c113cc2.jpg|https://image.production.fruitsfamily.com/public/product/resized%40width620/QACjRgHw8q-5b8f69469f8b.jpg|https://image.production.fruitsfamily.com/public/product/resized%40width620/huCRsFfNSt-3c3de0b39426.jpg,data/images/crocs/9327839_01.jpg|data/images/crocs/9327839_02.jpg|data/images/crocs/9327839_03.jpg
FRUITSFAMILY,10193573,Crocs,Crocs,크록스 듀얼 컴포트 미들 레인부츠,60000,,240,"Crocs
크록스 레인부츠

240mm / W7 size
현재 단종된 빈티지 제품입니다
도트 리본 포인트
상태 아주 좋아요",False,https://fruitsfamily.com/product/62het/%ED%81%AC%EB%A1%9D%EC%8A%A4-%EB%93%80%EC%96%BC-%EC%BB%B4%ED%8F%AC%ED%8A%B8-%EB%AF%B8%EB%93%A4-%EB%A0%88%EC%9D%B8%EB%B6%80%EC%B8%A0,2026-08-04,https://image.production.fruitsfamily.com/public/product/resized%40width620/ufNfldf85-ee5d0f5bb9d1.jpg|https://image.production.fruitsfamily.com/public/product/resized%40width620/Q51I_IcKQ9-90de7fece92a.jpg|https://image.production.fruitsfamily.com/public/product/resized%40width620/utfgHvFyBQ-9f729460eee4.jpg|https://image.production.fruitsfamily.com/public/product/resized%40width620/vaKz2egw42-2d2cb57f457c.jpg|https://image.production.fruitsfamily.com/public/product/resized%40width620/qWQCfLQtCN-cafa03eadbaf.jpg|https://image.production.fruitsfamily.com/public/product/resized%40width620/Rd3RBJAGD2-0d94c2df6b47.jpg|https://image.production.fruitsfamily.com/public/product/resized%40width620/gEB4-zNhRd-e3a76e09f82d.jpg,data/images/crocs/10193573_01.jpg|data/images/crocs/10193573_02.jpg|data/images/crocs/10193573_03.jpg
FRUITSFAMILY,9476285,Crocs,Crocs,크록스 클래식 클로그 블랙 1+1 63000,63000,,250,"크록스 클래식 클로그 블랙
1+1  사이즈 혼합 구매 가능

Crocs Classic Clog Black
모델:10001-001
 사이즈 us6/250, us7/260 ,us8/265 ,us9/270, us10/280 5사이즈 잇어요
새상품 정품이에요
오후 두시전 결제시 당일 배송",False,https://fruitsfamily.com/product/5n3y5/%ED%81%AC%EB%A1%9D%EC%8A%A4-%ED%81%B4%EB%9E%98%EC%8B%9D-%ED%81%B4%EB%A1%9C%EA%B7%B8-%EB%B8%94%EB%9E%99-1-1-63000,2026-08-04,https://image.production.fruitsfamily.com/public/product/resized%40width620/0Gq5BngAgq-4C1CB331-DBFB-4D91-8E52-3CE541E02D82.jpg|https://image.production.fruitsfamily.com/public/product/resized%40width620/ISZ_ArryyZ-FA465814-2421-42C5-8F1F-6A2C09367AF1.jpg|https://image.production.fruitsfamily.com/public/product/resized%40width620/xdZHr3gdxT-D4EAD312-F0A5-413D-BEB7-3BF7D202AE07.jpg|https://image.production.fruitsfamily.com/public/product/resized%40width620/Xd-ZU-mXs5-825DA15C-8BB5-4D18-A396-3BE22ED49430.jpg,data/images/crocs/9476285_01.jpg|data/images/crocs/9476285_02.jpg|data/images/crocs/9476285_03.jpg
FRUITSFAMILY,4694998,Crocs,Crocs,크록스 x 살레헤 벰버리 폴렉스 클로그 스트라투스 실측250정도,220000,,240,"✅구매는 안전결제 해주시면 됩니다.
✅중고 /새제품 개인 거래 상품의 경우 아주 작은 부분에도 예민하신분들은 패스 부탁드립니다.

크록스 x 살레헤 벰버리 폴렉스 클로그 스트라투스

✔사이즈 us5 240 표기이나, 10mm 큰 느낌 250 사이즈 추천 
✔실착 2회 풀박
   상태 사진 참고 해 주시면 됩니다. 

✔안전결제 하시면 됩니다.",False,https://fruitsfamily.com/product/2smom/%ED%81%AC%EB%A1%9D%EC%8A%A4-x-%EC%82%B4%EB%A0%88%ED%97%A4-%EB%B2%B0%EB%B2%84%EB%A6%AC-%ED%8F%B4%EB%A0%89%EC%8A%A4-%ED%81%B4%EB%A1%9C%EA%B7%B8-%EC%8A%A4%ED%8A%B8%EB%9D%BC%ED%88%AC%EC%8A%A4-%EC%8B%A4%EC%B8%A1250%EC%A0%95%EB%8F%84,2026-08-04,https://image.production.fruitsfamily.com/public/product/resized%40width620/3BIeK2_V7b-1747580468357.jpg|https://image.production.fruitsfamily.com/public/product/resized%40width620/7hmbjKSOOf-1747580468373.jpg|https://image.production.fruitsfamily.com/public/product/resized%40width620/daDKq8qKYx-1747580468388.jpg|https://image.production.fruitsfamily.com/public/product/resized%40width620/y_nG-2SaFt-1747580468402.jpg|https://image.production.fruitsfamily.com/public/product/resized%40width620/awXRYErWlj-1747580468418.jpg|https://image.production.fruitsfamily.com/public/product/resized%40width620/ImqNcGgUY-1747580468453.jpg|https://image.production.fruitsfamily.com/public/product/resized%40width620/EcmdATKQpB-1747580468486.jpg|https://image.production.fruitsfamily.com/public/product/resized%40width620/pIHJDaWCmb-1747580468516.jpg|https://image.production.fruitsfamily.com/public/product/resized%40width620/0D33qhhI67-1747580468545.jpg|https://image.production.fruitsfamily.com/public/product/resized%40width620/kPPR8pgxOY-1747580468580.jpg,data/images/crocs/4694998_01.jpg|data/images/crocs/4694998_02.jpg|data/images/crocs/4694998_03.jpg
FRUITSFAMILY,9612446,Crocs,Crocs,220mm 크록스 슬론 플랫슈즈 블랙,30000,,220,"크록스플랫슈즈 크록스플랫

가볍고 편한 착화감, 올블랙 컬러라
단정하면서도 깔끔한 코디에 플랫슈즈입니다 
데일리용이나 가벼운 외출용으로 신기 좋습니다.

상품은 사진 그대로 입니다.
꼼꼼히 확인해 보시고 결정해 주세요.
문의 없으시면 바로 안전결제하시면 됩니다.
 
밑창 (솔) 컨디션     5.0 / 5.0
갑피(어퍼) 컨디션   5.0 / 5.0
뒷축, 앞코 컨디션   5.0 / 5.0

[ 무게 및 솔 높이 : 약 155g / 3cm ]

■ 안내사항

✔ 제주/도서산간은 추가 배송비가 발생할 수 있습니다.
✔ 상품 설명/사진을 꼭 확인 후 구매 부탁드립니다.
✔ 사이즈 맞춤 상담은 어렵고, 동일 표기라도 
   브랜드/모델에 따라 차이 있을 수 있습니다.
✔ 과한 보정 없이 실제 상태 기준으로 촬영했습니다.
   사진에 다 담기지 않는 미세 사용감은 있을 수 있습니다.
✔ 보풀/마감실/미약 오염/세월감 등 중고·빈티지 
   특성은 있을 수 있으며, 새상품은 별도 표기합니다.

✔ 사이즈 착오 및 단순변심으로 인한 
   반품/환불은 어렵습니다.

✔ 궁금한 점이나 추가 사진 요청은 문의 주세요. 
   빈티지에 민감하신 분은 신중히 부탁드립니다.",False,https://fruitsfamily.com/product/5q10e/220mm-%ED%81%AC%EB%A1%9D%EC%8A%A4-%EC%8A%AC%EB%A1%A0-%ED%94%8C%EB%9E%AB%EC%8A%88%EC%A6%88-%EB%B8%94%EB%9E%99,2026-08-04,https://image.production.fruitsfamily.com/public/product/resized%40width620/SghQKTSCWS-1781267683039-n2c4g4uw9.jpg|https://image.production.fruitsfamily.com/public/product/resized%40width620/JkYd4n8iJm-1781267683039-h5duj36qx.jpg|https://image.production.fruitsfamily.com/public/product/resized%40width620/1QfKucgkWo-1781267683040-9clmqvwfv.jpg|https://image.production.fruitsfamily.com/public/product/resized%40width620/BmOjPxiOLM-1781267683040-g2cigh1jr.jpg|https://image.production.fruitsfamily.com/public/product/resized%40width620/QkbKrmH8JS-1781267683041-hm3wyk78s.jpg|https://image.production.fruitsfamily.com/public/product/resized%40width620/2_SrzA5pGb-1781267683042-ppzdluxzk.jpg|https://image.production.fruitsfamily.com/public/product/resized%40width620/FQ_DxKzb3Wj-1781267683042-rmmxlj2cq.jpg|https://image.production.fruitsfamily.com/public/product/resized%40width620/6zwz2lOnvTZ-1781267683043-2bpt9isrz.jpg|https://image.production.fruitsfamily.com/public/product/resized%40width620/hbf41Rrs3-H-1781267683043-9q26ass7d.jpg|https://image.production.fruitsfamily.com/public/product/resized%40width620/7i_iFpkAtPn-1781267683044-lwrc1733p.jpg,data/images/crocs/9612446_01.jpg|data/images/crocs/9612446_02.jpg|data/images/crocs/9612446_03.jpg
FRUITSFAMILY,2574101,Hunter,Hunter,헌터 오리지날 톨 레인부츠,205000,,260,"오리지날 톨 레인부츠 블랙

중고 거래 특성상 환불, 반품 불가능합니다.",False,https://fruitsfamily.com/product/1j66t/%ED%97%8C%ED%84%B0-%EC%98%A4%EB%A6%AC%EC%A7%80%EB%82%A0-%ED%86%A8-%EB%A0%88%EC%9D%B8%EB%B6%80%EC%B8%A0,2026-08-04,https://image.production.fruitsfamily.com/public/product/resized%40width620/KXMvB9jSHL-CB3F94C1-DF6E-41E0-A737-E964B1076E7B.jpg|https://image.production.fruitsfamily.com/public/product/resized%40width620/mIWeCCqQDo-D8356744-91E3-4288-8288-BFBA59D09D01.jpg,data/images/hunter/2574101_01.jpg|data/images/hunter/2574101_02.jpg
FRUITSFAMILY,7014415,Hunter,Hunter,헌터 오리지날 첼시 부츠 블랙 260사이즈,128000,160000,260,"헌터 홈페이지에서 구매했던 오리지날 첼시 부츠 260사이즈입니다. 실착 2회로 상태 좋습니다.

정가 : 209,000원",False,https://fruitsfamily.com/product/46ccv/%ED%97%8C%ED%84%B0-%EC%98%A4%EB%A6%AC%EC%A7%80%EB%82%A0-%EC%B2%BC%EC%8B%9C-%EB%B6%80%EC%B8%A0-%EB%B8%94%EB%9E%99-260%EC%82%AC%EC%9D%B4%EC%A6%88,2026-08-04,https://image.production.fruitsfamily.com/public/product/resized%40width620/tSf1w2EsI3-3C892CDC-F312-41CF-8AE1-C10443C54242.jpg|https://image.production.fruitsfamily.com/public/product/resized%40width620/_HXWvtAD3U-DB3469B4-5B52-40AA-8124-2C1C6F0CEAF8.jpg|https://image.production.fruitsfamily.com/public/product/resized%40width620/tHaPAudg4d-28495AD6-611E-4DC6-BDFA-5966A82FD26D.jpg|https://image.production.fruitsfamily.com/public/product/resized%40width620/YZjAlxOqLN-CE0B8AA7-88B2-4E49-A842-CC0870857288.jpg|https://image.production.fruitsfamily.com/public/product/resized%40width620/omlZSMpMXQ-AD4C2456-D013-4A4E-9595-958EFDE2419D.jpg|https://image.production.fruitsfamily.com/public/product/resized%40width620/LnYCy-rky-B2C9DD68-9AD7-4943-A79A-F13A2977FBC8.jpg,data/images/hunter/7014415_01.jpg|data/images/hunter/7014415_02.jpg|data/images/hunter/7014415_03.jpg
FRUITSFAMILY,8254622,Hunter,Hunter,[280] Hunter 헌터 레인부츠 레이스 업 나이트폴 마블 블랙,145000,158000,280,"1. 제품 정보

• 모델: 헌터 레이스 업 나이트폴 마블 블랙 (레인 부츠)
• 사이즈: UK 9 / EU 43 (한국 280mm)
• 색상: 블랙 (무광 / Matte)

2. 상세 설명

• 사진 보시다시피 고무 갈라짐이나 하얗게 올라오는 백화 현상 없이 전반적으로 아주 깔끔합니다.
• 밑창 마모도 적은 편이라 오래 신으실 수 있습니다.
• 280 정사이즈이며, 275 신으시는 분들이 여유 있게 신기에도 좋습니다.

3. 제품 상태

• 실착 횟수 3회로 컨디션 좋습니다.
• 자연스러운 사용감 외에 큰 데미지 없으니 사진 꼼꼼히 확인해 주세요.

#헌터 #hunter #부츠",False,https://fruitsfamily.com/product/4wxb2/280-hunter-%ED%97%8C%ED%84%B0-%EB%A0%88%EC%9D%B8%EB%B6%80%EC%B8%A0-%EB%A0%88%EC%9D%B4%EC%8A%A4-%EC%97%85-%EB%82%98%EC%9D%B4%ED%8A%B8%ED%8F%B4-%EB%A7%88%EB%B8%94-%EB%B8%94%EB%9E%99,2026-08-04,https://image.production.fruitsfamily.com/public/product/resized%40width620/JKP_KLJWw-99E255FD-4DAA-4F9E-869B-F91ED57D4432.jpg|https://image.production.fruitsfamily.com/public/product/resized%40width620/_9EeF4izJx-FF04F83B-3263-4D11-BCF3-C601E7868D48.jpg|https://image.production.fruitsfamily.com/public/product/resized%40width620/hBWMVZwdVh-3EC842E7-D113-4CE0-BEB4-16CCB57CF7B0.jpg|https://image.production.fruitsfamily.com/public/product/resized%40width620/L7DBbAjBn6-7CB789ED-17AB-4720-8C55-AA70390965A0.jpg|https://image.production.fruitsfamily.com/public/product/resized%40width620/m4audpuGsP-E8BE1982-9636-4E44-BE86-56827E660BE1.jpg,data/images/hunter/8254622_01.jpg|data/images/hunter/8254622_02.jpg|data/images/hunter/8254622_03.jpg
FRUITSFAMILY,10243465,Hunter,Hunter,[정가 15만원] 헌터 오리지널 레인부츠 230,73000,75000,230,"정가 15만원 헌터 오리지널 레인부츠 37 사이즈 블랙 색상 판매합니다. 
헌터 특유의 튼튼한 고무 소재로 제작되어 비 오는 날이나 눈 오는 날에 신기 좋습니다. 
몇번 착용 안해서 사진처럼 하자 없이 깨끗한 상태입니다.

직거래 검단사거리
집으로 보내드리는 일반택배 +4000원
CU 편의점으로 보내드리는 반값택배 +2000원

판매중인 다른 옷들이랑 같이 구매하시면 할인해드립니다!
프로필 누르시고 판매물품 들어가시면 많이 있습니다!",False,https://fruitsfamily.com/product/63jwp/%EC%A0%95%EA%B0%80-15%EB%A7%8C%EC%9B%90-%ED%97%8C%ED%84%B0-%EC%98%A4%EB%A6%AC%EC%A7%80%EB%84%90-%EB%A0%88%EC%9D%B8%EB%B6%80%EC%B8%A0-230,2026-08-04,https://image.production.fruitsfamily.com/public/product/resized%40width620/y2zXk6dW2-e9e4d97a43c2.jpg|https://image.production.fruitsfamily.com/public/product/resized%40width620/kBe15EA9eZ-a40dd2d529bd.jpg|https://image.production.fruitsfamily.com/public/product/resized%40width620/rLEi0LSl3R-375340b12454.jpg|https://image.production.fruitsfamily.com/public/product/resized%40width620/FDSEz-Eq05-91851ef02905.jpg|https://image.production.fruitsfamily.com/public/product/resized%40width620/JbEJrskYVS-99d45337720f.jpg|https://image.production.fruitsfamily.com/public/product/resized%40width620/V4b99Ri8CM-3b0bc3ae7d7f.jpg|https://image.production.fruitsfamily.com/public/product/resized%40width620/XukKCp8LXK-6aad6e8bfd8c.jpg|https://image.production.fruitsfamily.com/public/product/resized%40width620/LhqNHwWPGt-ebc9cd340160.jpg|https://image.production.fruitsfamily.com/public/product/resized%40width620/RyMdGQUu4X-ea2f50125ed2.jpg,data/images/hunter/10243465_01.jpg|data/images/hunter/10243465_02.jpg|data/images/hunter/10243465_03.jpg
FRUITSFAMILY,10033485,Hunter,Hunter,헌터 오리지날 투어 톨 레인부츠,85000,,230,"헌터 오리지날 투어 톨 레인부츠 230 사이즈입니다!

평소 반스 230, 나이키 235 신는데 230 사이즈 적당합니다!

몇 년 전에 사놓고 비 많이 올 때 종종 신었어요☔️

아무래도 조금 사용감 있지만,
신발을 워낙 깨끗이 신고 보관하는 편이라 괜찮은 상태 유지중입니다!

여기저기 만만하게 잘 신으실 수 있을 거예요!!

상자는 없고 더스트백과 함께 보관중입니다!

구매하시면 물로 가볍게 세척하신 후 신으시길 권장합니다🕴️",False,https://fruitsfamily.com/product/5z1vx/%ED%97%8C%ED%84%B0-%EC%98%A4%EB%A6%AC%EC%A7%80%EB%82%A0-%ED%88%AC%EC%96%B4-%ED%86%A8-%EB%A0%88%EC%9D%B8%EB%B6%80%EC%B8%A0,2026-08-04,https://image.production.fruitsfamily.com/public/product/resized%40width620/YSWF1SUw8-9626dd6b10f8.jpg|https://image.production.fruitsfamily.com/public/product/resized%40width620/hudkSG_fY0-984e473b7abf.jpg|https://image.production.fruitsfamily.com/public/product/resized%40width620/mGs9wSWRnf-6b7f9a3a8791.jpg|https://image.production.fruitsfamily.com/public/product/resized%40width620/bty_L-bYlw-3de418c5d67e.jpg,data/images/hunter/10033485_01.jpg|data/images/hunter/10033485_02.jpg|data/images/hunter/10033485_03.jpg
FRUITSFAMILY,10362860,Hunter,Hunter,Hunter 헌터 레인부츠 UK6 250,59000,,250,"헌터 레인부츠 블랙 색상 UK6 (250) 사이즈입니다. 헌터 특유의 튼튼한 고무 소재로 제작되어 비 오는 날이나 눈 오는 날에 신기 좋아요. 발목까지 오는 길이로 편하게 착용 가능하며, 캐주얼룩에 포인트 주기 좋습니다. 
밑창 보시면 아시겠지만 거의 새상품입니다.

직거래 검단사거리
집으로 보내드리는 일반택배 +4000원
CU 편의점으로 보내드리는 반값택배 +2000원

판매중인 다른 옷들이랑 같이 구매하시면 할인해드립니다!
프로필 누르시고 판매물품 들어가시면 많이 있습니다!",False,https://fruitsfamily.com/product/66418/hunter-%ED%97%8C%ED%84%B0-%EB%A0%88%EC%9D%B8%EB%B6%80%EC%B8%A0-uk6-250,2026-08-04,https://image.production.fruitsfamily.com/public/product/resized%40width620/6LYKmxHSD-24e83e387001.jpg|https://image.production.fruitsfamily.com/public/product/resized%40width620/wgfa0SsHgX-00ddedafe1ca.jpg|https://image.production.fruitsfamily.com/public/product/resized%40width620/VofcL_pWZA-87343d9f9396.jpg|https://image.production.fruitsfamily.com/public/product/resized%40width620/hN5lmIykwE-a460916253c3.jpg|https://image.production.fruitsfamily.com/public/product/resized%40width620/zMB3jF1E6K-ee99a86e3e7a.jpg|https://image.production.fruitsfamily.com/public/product/resized%40width620/Mk_FAqKtNI-215a0015e197.jpg,data/images/hunter/10362860_01.jpg|data/images/hunter/10362860_02.jpg|data/images/hunter/10362860_03.jpg
FRUITSFAMILY,9475199,Hunter,Hunter,헌터레인부츠 ,50000,,OS,"UK3  US4M/5F  EU35/36  (235여유없이딱맞요)
(220~230)  이건 그냥 참고하세요 
헌터는 사람마다 다 다르게 신기때문에 검색해서 구매하시길 바래요 
실측사이즈 확인후 구매하세요 
사람이 재는거기에 약 1~2센치 오차는 있을수 있습니다
당연히 꼼꼼히 체크 하겠지만 미처 발견하지 못한 오염이 있을수 있습니다 
중고이니 예민하신분은 패스해주세요 
환불 반품 안됩니다 
이것저것 따지시는분은 백화점으로 고고하십쇼
 네고문의는 안받습니다
없는 물건이 있으니 메세지 먼저 주세요",False,https://fruitsfamily.com/product/5n33z/%ED%97%8C%ED%84%B0%EB%A0%88%EC%9D%B8%EB%B6%80%EC%B8%A0,2026-08-04,https://image.production.fruitsfamily.com/public/product/resized%40width620/V5VwE3OY7-1b336ca11f05.jpg|https://image.production.fruitsfamily.com/public/product/resized%40width620/jr1uJV2I01-147f0f882a1a.jpg|https://image.production.fruitsfamily.com/public/product/resized%40width620/zVhQuTJXpB-514af930d7b7.jpg|https://image.production.fruitsfamily.com/public/product/resized%40width620/zUuHExVAG8-b394f7497374.jpg|https://image.production.fruitsfamily.com/public/product/resized%40width620/s-bJx7ZZ4g-13aaf8f29b2d.jpg|https://image.production.fruitsfamily.com/public/product/resized%40width620/vjCQrkZmA4-b34b956f7735.jpg|https://image.production.fruitsfamily.com/public/product/resized%40width620/hp1nJ_QqSX-c96b172b106d.jpg,data/images/hunter/9475199_01.jpg|data/images/hunter/9475199_02.jpg|data/images/hunter/9475199_03.jpg
FRUITSFAMILY,10062135,Hunter,Hunter,헌터 오리지널 레인부츠 톨 블랙 (새상품),190000,,250,"새상품이고 EU 39 사이즈입니다. 
구매 원하시는 분만 메시지 부탁드립니다.",False,https://fruitsfamily.com/product/5znzr/%ED%97%8C%ED%84%B0-%EC%98%A4%EB%A6%AC%EC%A7%80%EB%84%90-%EB%A0%88%EC%9D%B8%EB%B6%80%EC%B8%A0-%ED%86%A8-%EB%B8%94%EB%9E%99-%EC%83%88%EC%83%81%ED%92%88,2026-08-04,https://image.production.fruitsfamily.com/public/product/resized%40width620/tn_bdD2uT-cd758c0c1385.jpg|https://image.production.fruitsfamily.com/public/product/resized%40width620/pzUrHqL4O2-8a9228e18de4.jpg|https://image.production.fruitsfamily.com/public/product/resized%40width620/bcxI2lmVBT-8a2c8d056682.jpg|https://image.production.fruitsfamily.com/public/product/resized%40width620/OrGaERcU41-818af0333317.jpg,data/images/hunter/10062135_01.jpg|data/images/hunter/10062135_02.jpg|data/images/hunter/10062135_03.jpg
FRUITSFAMILY,10377223,Hunter,Hunter,헌터 다운푸어 숏 레인부츠 240,80000,,240,"헌터 다운푸어 숏 레인부츠 240사이즈

아래 제품입니다.
이미지 및 사이즈감 참고하시면 될 듯 합니다.

https://hunterboots.co.kr/product/unisex-%EB%8B%A4%EC%9A%B4%ED%8F%AC%EC%96%B4-%EC%88%8F-%EB%A0%88%EC%9D%B8%EB%B6%80%EC%B8%A0-%EB%B8%94%EB%9E%99-hfru0002251blk/1527/",False,https://fruitsfamily.com/product/66f47/%ED%97%8C%ED%84%B0-%EB%8B%A4%EC%9A%B4%ED%91%B8%EC%96%B4-%EC%88%8F-%EB%A0%88%EC%9D%B8%EB%B6%80%EC%B8%A0-240,2026-08-04,https://image.production.fruitsfamily.com/public/product/resized%40width620/wDO-EI6AK-004123f64cdc.jpg|https://image.production.fruitsfamily.com/public/product/resized%40width620/HhIcmV2kGZ-2604e7a71082.jpg,data/images/hunter/10377223_01.jpg|data/images/hunter/10377223_02.jpg
FRUITSFAMILY,9971399,Hunter,Hunter,[정가 14만원] HUNTER 헌터 오리지널 톨 글로스 레인부츠 230,63000,69000,230,"정가 14만원인 헌터 오리지널 톨 글로스 레인부츠 블랙 230사이즈입니다.  
비 오는 날이나 장마철에 스타일리시하게 착용하기 좋습니다.
상태 양호합니다.

직거래 검단사거리
집으로 보내드리는 일반택배 +4000원
CU 편의점으로 보내드리는 반값택배 +2000원

판매중인 다른 옷들이랑 같이 구매하시면 할인해드립니다!
프로필 누르시고 판매물품 들어가시면 많이 있습니다!",False,https://fruitsfamily.com/product/5xpzb/%EC%A0%95%EA%B0%80-14%EB%A7%8C%EC%9B%90-hunter-%ED%97%8C%ED%84%B0-%EC%98%A4%EB%A6%AC%EC%A7%80%EB%84%90-%ED%86%A8-%EA%B8%80%EB%A1%9C%EC%8A%A4-%EB%A0%88%EC%9D%B8%EB%B6%80%EC%B8%A0-230,2026-08-04,https://image.production.fruitsfamily.com/public/product/resized%40width620/L0a8cordj-1021b2367cc5.jpg|https://image.production.fruitsfamily.com/public/product/resized%40width620/beKYCDmzD2-f99c09b31d86.jpg|https://image.production.fruitsfamily.com/public/product/resized%40width620/QbirLzAkyr-38cfde188e41.jpg|https://image.production.fruitsfamily.com/public/product/resized%40width620/Goizuf4xHE-6b5a236acf7a.jpg|https://image.production.fruitsfamily.com/public/product/resized%40width620/7TSJe7kQn0-799313ec0a7e.jpg|https://image.production.fruitsfamily.com/public/product/resized%40width620/I27xYB6-hQ-b25fc98baf84.jpg|https://image.production.fruitsfamily.com/public/product/resized%40width620/JopiXeKTcZ-a4c3eef8e8aa.jpg|https://image.production.fruitsfamily.com/public/product/resized%40width620/aIrPhlwXts-426a3fb70b27.jpg,data/images/hunter/9971399_01.jpg|data/images/hunter/9971399_02.jpg|data/images/hunter/9971399_03.jpg
FRUITSFAMILY,9308830,Hunter,Hunter,헌터레인부츠+헌터삭스,55000,65000,245,"레인부츠+헌터삭스  세트로 팔아요
UK5 US 6M/7F EU 38
사이즈 문의  안받아요
헌터는 사람마다 다 다르게 신기때문에
 검색해서 구매하시길 바래요 
사이즈 문제로 교환 환불 안받아요 
사진 확대해서 상태 체크 하세요
신발 구김이 있어서 싸게 내놓아요
삭스만 해도 69000원 입니다

실측사이즈 확인후 구매하세요 
사람이 재는거기에 약 1~2센치 오차는 있을수 있습니다
당연히 꼼꼼히 체크 하겠지만 미처 발견하지 못한 오염이 있을수 있습니다 
중고이니 예민하신분은 패스해주세요 
환불 반품 안됩니다 
이것저것 따지시는분은 백화점으로 고고하십쇼
 네고문의는 안받습니다
없는 물건이 있으니 메세지 먼저 주세요",False,https://fruitsfamily.com/product/5jiqm/%ED%97%8C%ED%84%B0%EB%A0%88%EC%9D%B8%EB%B6%80%EC%B8%A0-%ED%97%8C%ED%84%B0%EC%82%AD%EC%8A%A4,2026-08-04,https://image.production.fruitsfamily.com/public/product/resized%40width620/2140s8ZkA-a7868dd048bf.jpg|https://image.production.fruitsfamily.com/public/product/resized%40width620/8qDkuOECDq-4c79833d7570.jpg|https://image.production.fruitsfamily.com/public/product/resized%40width620/Z2BGHYYyPc-54ba05db9c72.jpg|https://image.production.fruitsfamily.com/public/product/resized%40width620/_cqTk-0Ljp-f0d47747fdab.jpg|https://image.production.fruitsfamily.com/public/product/resized%40width620/zpxeU0bJec-de070993b480.jpg|https://image.production.fruitsfamily.com/public/product/resized%40width620/lKCF3Kza6U-66b8feb03cbe.jpg|https://image.production.fruitsfamily.com/public/product/resized%40width620/VRVRXHWqzZ-51deab022584.jpg|https://image.production.fruitsfamily.com/public/product/resized%40width620/o1zWuG-ps8-a4aecd94b038.jpg|https://image.production.fruitsfamily.com/public/product/resized%40width620/PajcQYPFAh-e34c725c535d.jpg|https://image.production.fruitsfamily.com/public/product/resized%40width620/SSoG-G6RDR-200e676f0e36.jpg,data/images/hunter/9308830_01.jpg|data/images/hunter/9308830_02.jpg|data/images/hunter/9308830_03.jpg
FRUITSFAMILY,10298603,Hunter,Hunter,[새상품] 헌터 우먼스 오리지널 투어 톨 레인부츠 블랙 230,90000,,230,"6월에 출국하면서 면세에서 구매했고 저한테는 사이즈가 좀 작네요 ㅠㅠ 아쉽지만 팝니다
기본 모델과 달리 옆에 디테일 있어서 예뻐요!
찾아보니 무신사 최저가 13 정도네요 
제가 신으려 했던 거라 박스는 없고 품질보증서 등은 전부 보관 중입니다~~
면세 제품이라 정품 확실하고 새 제품이에요",False,https://fruitsfamily.com/product/64qgb/%EC%83%88%EC%83%81%ED%92%88-%ED%97%8C%ED%84%B0-%EC%9A%B0%EB%A8%BC%EC%8A%A4-%EC%98%A4%EB%A6%AC%EC%A7%80%EB%84%90-%ED%88%AC%EC%96%B4-%ED%86%A8-%EB%A0%88%EC%9D%B8%EB%B6%80%EC%B8%A0-%EB%B8%94%EB%9E%99-230,2026-08-04,https://image.production.fruitsfamily.com/public/product/resized%40width620/hEWHKEI0S-a515638319e5.jpg|https://image.production.fruitsfamily.com/public/product/resized%40width620/axUY3Eyqq9-ed85ee1e0ab2.jpg,data/images/hunter/10298603_01.jpg|data/images/hunter/10298603_02.jpg
FRUITSFAMILY,10235075,Hunter,Hunter,280 UK9 새제품) 헌터 플레이 쇼트 웰링턴 레인 부츠 장화 남자,90000,,280,"HUNTER Hunter Play Short Wellington Boots
MFS9088RMA-BLK 

블랙 UK9 = 280 미시착 새제품입니다.  
헌터 제품이라 튼튼하고 편합니다.  

- 굽:4cm

｡･:*:･ﾟ★,｡･:*:･ﾟ☆　｡･:*:･ﾟ★,｡･:*:･ﾟ☆
🚛 택배 : 3,500원
🐾 직거 : 부산 사직역 ~ 미남역 부근",False,https://fruitsfamily.com/product/63dfn/280-uk9-%EC%83%88%EC%A0%9C%ED%92%88-%ED%97%8C%ED%84%B0-%ED%94%8C%EB%A0%88%EC%9D%B4-%EC%87%BC%ED%8A%B8-%EC%9B%B0%EB%A7%81%ED%84%B4-%EB%A0%88%EC%9D%B8-%EB%B6%80%EC%B8%A0-%EC%9E%A5%ED%99%94-%EB%82%A8%EC%9E%90,2026-08-04,https://image.production.fruitsfamily.com/public/product/resized%40width620/pjsxKIbXc-5d2e704574fa.jpg|https://image.production.fruitsfamily.com/public/product/resized%40width620/iRD9s7feX8-3e75c18028c9.jpg|https://image.production.fruitsfamily.com/public/product/resized%40width620/rH0VwYDZbn-b47e093dcb1f.jpg|https://image.production.fruitsfamily.com/public/product/resized%40width620/Urwhw_jMA1-ab8248bfdb05.jpg|https://image.production.fruitsfamily.com/public/product/resized%40width620/fwxka7hdUk-53a29152e1a2.jpg|https://image.production.fruitsfamily.com/public/product/resized%40width620/H4TOieteT_-aaa6007627dc.jpg|https://image.production.fruitsfamily.com/public/product/resized%40width620/wygcgnISDX-b113e885a5b7.jpg,data/images/hunter/10235075_01.jpg|data/images/hunter/10235075_02.jpg|data/images/hunter/10235075_03.jpg
FRUITSFAMILY,10389519,Hunter,Hunter,헌터 오리지널 숏 미들 레인 부츠 장화,50000,,230,"헌터 오리지널 숏 미들 레인 부츠 장화

작년에 매장에서 구매한 헌터 미들 레인부츠입니다

컬러는 네이비 사이즈는 230이에요

새상품 1개 1회착용상품 1개 있습니다",False,https://fruitsfamily.com/product/66olr/%ED%97%8C%ED%84%B0-%EC%98%A4%EB%A6%AC%EC%A7%80%EB%84%90-%EC%88%8F-%EB%AF%B8%EB%93%A4-%EB%A0%88%EC%9D%B8-%EB%B6%80%EC%B8%A0-%EC%9E%A5%ED%99%94,2026-08-04,https://image.production.fruitsfamily.com/public/product/resized%40width620/OkWJJq-cE-636d87c2a8a3.jpg,data/images/hunter/10389519_01.jpg
FRUITSFAMILY,10322793,Hunter,Hunter,헌터 오리지널 톨부츠,70000,,235,무광 네이비색상 UK4사이즈로 평소 신발 235신는데 이 사이즈가 잘 맞았어요. 사두고 몇 번 안 신어서 상태는 좋습니다. 해,False,https://fruitsfamily.com/product/65949/%ED%97%8C%ED%84%B0-%EC%98%A4%EB%A6%AC%EC%A7%80%EB%84%90-%ED%86%A8%EB%B6%80%EC%B8%A0,2026-08-04,https://image.production.fruitsfamily.com/public/product/resized%40width620/_qjSYIsND-0e81e3ba7afe.jpg,data/images/hunter/10322793_01.jpg
FRUITSFAMILY,10198860,Hunter,Hunter,240-245) Hunter 헌터 오리지널 톨 글로스 레인부츠,89000,,240,"240-245) Hunter 헌터 오리지널 톨 글로스 레인부츠

+ 표기 사이즈 : UK5
+ 실측 사이즈(cm) : 240-245

+ Condition : B (컨디션 좋은 중고)

+ 단품

#Youzude 계정 팔로우시 배송비 무료💥

-------------------------------------------------

• 유즈드_평택은 정품만 취급하며, 가품 판정 시 100% 환불해 드립니다.
• 100,000만원 이상 구매시 배송비 무료✨️
• 네고 제안시 팔로우 이벤트 적용🙏🏾❌️
• 상품에 따라 1~3cm 오차 범위가 존재 할수 있습니다.
• 표기 싸이즈가 아닌 실측 사이즈를 참고하여 구매 부탁드립니다.
• 빈티지 특성상 교환,환불은 불가하오니 예민하신 분들께서는 신중한 구매 부탁드립니다.",False,https://fruitsfamily.com/product/62lho/240-245-hunter-%ED%97%8C%ED%84%B0-%EC%98%A4%EB%A6%AC%EC%A7%80%EB%84%90-%ED%86%A8-%EA%B8%80%EB%A1%9C%EC%8A%A4-%EB%A0%88%EC%9D%B8%EB%B6%80%EC%B8%A0,2026-08-04,https://image.production.fruitsfamily.com/public/product/resized%40width620/sx0jAxUz8-ffc3a8caf3ae.jpg|https://image.production.fruitsfamily.com/public/product/resized%40width620/d03obwIqmf-e0eb84f87a95.jpg|https://image.production.fruitsfamily.com/public/product/resized%40width620/NJHUwbfh5A-42c9c7f5aa71.jpg|https://image.production.fruitsfamily.com/public/product/resized%40width620/l0LJHqx1Hi-bf2c0fea3a94.jpg|https://image.production.fruitsfamily.com/public/product/resized%40width620/wAKlFGhLUa-34e56f53415d.jpg|https://image.production.fruitsfamily.com/public/product/resized%40width620/gthZCPp-cS-9883079fb7fe.jpg|https://image.production.fruitsfamily.com/public/product/resized%40width620/5m50NfPYpB-f1e2cc241540.jpg|https://image.production.fruitsfamily.com/public/product/resized%40width620/V8McWr8PBd-eec595ea14cf.jpg,data/images/hunter/10198860_01.jpg|data/images/hunter/10198860_02.jpg|data/images/hunter/10198860_03.jpg
FRUITSFAMILY,7094211,Hunter,Hunter,헌터 패딩부츠 방한화 240,160000,,240,"헌터 패딩부츠 니켈컬러
해당 컬러 240은 전매장 품절이라 구하기 어렵습니다.
240 황금 사이즈 판매합니다.
정사이즈 추천 드립니다.

2회 정도 짧은기간 착용하여
상태는 매우 좋습니다

박스 있습니다.
독립문역 직거래 가능",False,https://fruitsfamily.com/product/481xf/%ED%97%8C%ED%84%B0-%ED%8C%A8%EB%94%A9%EB%B6%80%EC%B8%A0-%EB%B0%A9%ED%95%9C%ED%99%94-240,2026-08-04,https://image.production.fruitsfamily.com/public/product/resized%40width620/BDMX4Ke5NE-FF7FD24E-D71B-49D9-A010-57277521A155.jpg|https://image.production.fruitsfamily.com/public/product/resized%40width620/9odo45aZe-88506ACA-45D2-4714-BBB6-58C6EA9EB15C.jpg|https://image.production.fruitsfamily.com/public/product/resized%40width620/HqgIFWzqj4-AAE535D3-02C5-47C8-9213-66B3B0704D3C.jpg,data/images/hunter/7094211_01.jpg|data/images/hunter/7094211_02.jpg|data/images/hunter/7094211_03.jpg
FRUITSFAMILY,10210091,Hunter,Hunter,헌터 앤더슨벨 롱 레인부츠 250,320000,350000,250,"헌터 앤더슨벨 콜라보 레인부츠 250 판매합니다.

상태 좋은편입니다!

한정판으로 지금은 안나오는 모델이고 크림가 50정도 입니다. 박스까지 다 있어요!

Cu편택
교환/환불/에눌 x",False,https://fruitsfamily.com/product/62u5n/%ED%97%8C%ED%84%B0-%EC%95%A4%EB%8D%94%EC%8A%A8%EB%B2%A8-%EB%A1%B1-%EB%A0%88%EC%9D%B8%EB%B6%80%EC%B8%A0-250,2026-08-04,https://image.production.fruitsfamily.com/public/product/resized%40width620/qecn7BnxG-4faeb76e33b1.jpg|https://image.production.fruitsfamily.com/public/product/resized%40width620/YCRTXXuima-9b2d84c8b00b.jpg|https://image.production.fruitsfamily.com/public/product/resized%40width620/KlOjfrCLdd-7c06ca6d0fdf.jpg,data/images/hunter/10210091_01.jpg|data/images/hunter/10210091_02.jpg|data/images/hunter/10210091_03.jpg
FRUITSFAMILY,3491477,Hunter,Hunter,헌터 부츠 톨(유니섹스),105000,150000,240,"사이즈:us5
실착 1회(5분 외출)

상태 그만큼 좋습니다

새거나 다름없고
원가는 20만9천원

도쿄에서 신어보고 예뻐서 샀는데
손이 잘 안가네요
정가보다 저렴하게 가져가실분",False,https://fruitsfamily.com/product/22u1h/%ED%97%8C%ED%84%B0-%EB%B6%80%EC%B8%A0-%ED%86%A8-%EC%9C%A0%EB%8B%88%EC%84%B9%EC%8A%A4,2026-08-04,https://image.production.fruitsfamily.com/public/product/resized%40width620/TOucLd0B0-386C23C5-3C58-431F-9F20-9120188C2BD8.jpg|https://image.production.fruitsfamily.com/public/product/resized%40width620/f9IsYk4XxF-E8BD62C7-3979-4DE7-A83D-02C6667CFABF.jpg|https://image.production.fruitsfamily.com/public/product/resized%40width620/QvZ53Jd-Ks-D614A737-9863-4037-8199-80FCEB7D80B2.jpg|https://image.production.fruitsfamily.com/public/product/resized%40width620/Pn_2zm_oXS-39036A1D-D0BD-4200-BD34-2A794AE01FDB.jpg,data/images/hunter/3491477_01.jpg|data/images/hunter/3491477_02.jpg|data/images/hunter/3491477_03.jpg
FRUITSFAMILY,10202145,Hunter,Hunter,헌터 X 겐조 KENZO 콜라보 레인 부츠 블랙 240 38size,170000,,240,"38사이즈 적당한 사용감 있습니다!
백탁현상 조금 있는데 거슬리는 분은 레인부츠 광택제 사서 사용하시면 될 것 같습니다 :)
박스도 있습니다.",False,https://fruitsfamily.com/product/62o0x/%ED%97%8C%ED%84%B0-x-%EA%B2%90%EC%A1%B0-kenzo-%EC%BD%9C%EB%9D%BC%EB%B3%B4-%EB%A0%88%EC%9D%B8-%EB%B6%80%EC%B8%A0-%EB%B8%94%EB%9E%99-240-38size,2026-08-04,https://image.production.fruitsfamily.com/public/product/resized%40width620/Wl7k7dNNw-639c01c0a507.jpg|https://image.production.fruitsfamily.com/public/product/resized%40width620/NPx0h-u5iu-2d4d8df043b5.jpg|https://image.production.fruitsfamily.com/public/product/resized%40width620/cRHDkmb5_k-c9dc307acf0d.jpg|https://image.production.fruitsfamily.com/public/product/resized%40width620/uLeVVqhGN4-85fcc33bc76f.jpg,data/images/hunter/10202145_01.jpg|data/images/hunter/10202145_02.jpg|data/images/hunter/10202145_03.jpg
FRUITSFAMILY,9010411,Puma,Puma,푸마 V-S1 메탈릭 포이즈드 핑크 블랙,130000,,260,"* 작년 웍스아웃 구매 
* 실착 1회 후 보관 
* 넘 예쁜데 사이즈가 없어서 260 구매했더니 손이 잘 안 가서 팔아요 ㅠㅠ 

* 직거래 : 상수역 4출 앞",False,https://fruitsfamily.com/product/5d4h7/%ED%91%B8%EB%A7%88-v-s1-%EB%A9%94%ED%83%88%EB%A6%AD-%ED%8F%AC%EC%9D%B4%EC%A6%88%EB%93%9C-%ED%95%91%ED%81%AC-%EB%B8%94%EB%9E%99,2026-08-04,https://image.production.fruitsfamily.com/public/product/resized%40width620/T3B1BmRHs-b6206211b969.jpg|https://image.production.fruitsfamily.com/public/product/resized%40width620/7bJnd5hWGz-21f135ab3fc6.jpg|https://image.production.fruitsfamily.com/public/product/resized%40width620/9QnWF6jwHb-545256b04500.jpg|https://image.production.fruitsfamily.com/public/product/resized%40width620/BF3fgefsBX-6846a34081a1.jpg|https://image.production.fruitsfamily.com/public/product/resized%40width620/vRWoplPnFy-c4ea30f68baf.jpg|https://image.production.fruitsfamily.com/public/product/resized%40width620/g6odNEb_HS-74008ba0a897.jpg|https://image.production.fruitsfamily.com/public/product/resized%40width620/sHOp-T0Vsy-7a52afebeffc.jpg,data/images/puma/9010411_01.jpg|data/images/puma/9010411_02.jpg|data/images/puma/9010411_03.jpg
FRUITSFAMILY,6158659,Puma,Puma,푸마 x OPEN YY H-STREET - 오크브렌치:크리미바닐라 / 4,108000,120000,230,"사이즈 230 실착 두번입니다.
박스는 따로 없어요!",False,https://fruitsfamily.com/product/3o01v/%ED%91%B8%EB%A7%88-x-open-yy-h-street-%EC%98%A4%ED%81%AC%EB%B8%8C%EB%A0%8C%EC%B9%98-%ED%81%AC%EB%A6%AC%EB%AF%B8%EB%B0%94%EB%8B%90%EB%9D%BC-4,2026-08-04,https://image.production.fruitsfamily.com/public/product/resized%40width620/hY98-9cDl4-77CDC057-5BBC-4760-B1FB-81116079B0E4.jpg|https://image.production.fruitsfamily.com/public/product/resized%40width620/DCo0MlU9Qs-AED4C5B8-EEB1-4414-8CC5-0BBF885DE5DE.jpg|https://image.production.fruitsfamily.com/public/product/resized%40width620/zQ0t__0CSh-6B8BC39C-B84D-469D-801C-3A6FAEF0AB2A.jpg|https://image.production.fruitsfamily.com/public/product/resized%40width620/7aOrs6z4J-be70977c2070.jpg|https://image.production.fruitsfamily.com/public/product/resized%40width620/DX9IdkfP59-86a79135104a.jpg,data/images/puma/6158659_01.jpg|data/images/puma/6158659_02.jpg|data/images/puma/6158659_03.jpg
FRUITSFAMILY,10140993,Puma,Puma,푸마 x 오픈와이와이 에이치스트리트 크리미 바닐라 280,89000,90000,280,"푸마와 오픈와이와이의 협업으로 탄생한 에이치스트리트 크리미 바닐라 모델이에요
메쉬 소재와 스웨이드 디테일이 돋보이는 디자인으로 편안하게 착용 가능해요

현재 크림가 20
1회착용

9.5->9",False,https://fruitsfamily.com/product/61cu9/%ED%91%B8%EB%A7%88-x-%EC%98%A4%ED%94%88%EC%99%80%EC%9D%B4%EC%99%80%EC%9D%B4-%EC%97%90%EC%9D%B4%EC%B9%98%EC%8A%A4%ED%8A%B8%EB%A6%AC%ED%8A%B8-%ED%81%AC%EB%A6%AC%EB%AF%B8-%EB%B0%94%EB%8B%90%EB%9D%BC-280,2026-08-04,https://image.production.fruitsfamily.com/public/product/resized%40width620/m4MPgyVoy-fb1a0b0cbe1b.jpg|https://image.production.fruitsfamily.com/public/product/resized%40width620/HgWILYUkyl-effcdba41e7e.jpg|https://image.production.fruitsfamily.com/public/product/resized%40width620/sHXqQ7IIMY-81cb4725c989.jpg|https://image.production.fruitsfamily.com/public/product/resized%40width620/OhHtMi6h4t-7cc96664e9cd.jpg|https://image.production.fruitsfamily.com/public/product/resized%40width620/Ct8Zb744i6-f74fdbb6b127.jpg|https://image.production.fruitsfamily.com/public/product/resized%40width620/CBUkDJTBBi-b42a9c3f946b.jpg,data/images/puma/10140993_01.jpg|data/images/puma/10140993_02.jpg|data/images/puma/10140993_03.jpg
FRUITSFAMILY,9945246,Puma,Puma,푸마 카모 여름 스니커즈 265-270 새제품,55000,,270,"매장정품 새제품
10단위로 나오는 제품으로 265-270 신는분 맞습니다",False,https://fruitsfamily.com/product/5x5su/%ED%91%B8%EB%A7%88-%EC%B9%B4%EB%AA%A8-%EC%97%AC%EB%A6%84-%EC%8A%A4%EB%8B%88%EC%BB%A4%EC%A6%88-265-270-%EC%83%88%EC%A0%9C%ED%92%88,2026-08-04,https://image.production.fruitsfamily.com/public/product/resized%40width620/KL0hk3sMP-cbe196f100b9.jpg|https://image.production.fruitsfamily.com/public/product/resized%40width620/U2iPcMQkFn-49a5c71c1ea9.jpg|https://image.production.fruitsfamily.com/public/product/resized%40width620/Ycj7lD2PiD-69d18e376439.jpg|https://image.production.fruitsfamily.com/public/product/resized%40width620/mvY2zdnBPP-86d3f3ed0cb9.jpg|https://image.production.fruitsfamily.com/public/product/resized%40width620/8mghJNNneO-d69d20e1eef6.jpg|https://image.production.fruitsfamily.com/public/product/resized%40width620/O_ZvZWmxUW-e88020a5362d.jpg,data/images/puma/9945246_01.jpg|data/images/puma/9945246_02.jpg|data/images/puma/9945246_03.jpg
FRUITSFAMILY,10359749,Puma,Puma,푸마 스피드캣 웨지 샌드 듄 알파인 스노우 240,216000,240000,240,"너무 예쁜데 급전 필요해서 팔아요 ㅠ
사용감 있습니다 사진 참고해주세요!",False,https://fruitsfamily.com/product/661mt/%ED%91%B8%EB%A7%88-%EC%8A%A4%ED%94%BC%EB%93%9C%EC%BA%A3-%EC%9B%A8%EC%A7%80-%EC%83%8C%EB%93%9C-%EB%93%84-%EC%95%8C%ED%8C%8C%EC%9D%B8-%EC%8A%A4%EB%85%B8%EC%9A%B0-240,2026-08-04,https://image.production.fruitsfamily.com/public/product/resized%40width620/vRYE3jGM6-cddec30c79df.jpg|https://image.production.fruitsfamily.com/public/product/resized%40width620/ZDp9wplFEB-f443dc58362f.jpg|https://image.production.fruitsfamily.com/public/product/resized%40width620/1JMDFGUf1W-2c5e15bcfc9b.jpg,data/images/puma/10359749_01.jpg|data/images/puma/10359749_02.jpg|data/images/puma/10359749_03.jpg
FRUITSFAMILY,9409950,Puma,Puma,퓨마 모스트로 페이 스터드 버건디 230,60000,,230,"퓨마 모스트로 페이 스터드, 버건디 컬러 230사이즈입니다.
1회착 해봤고 상태 좋습니다.",False,https://fruitsfamily.com/product/5lori/%ED%93%A8%EB%A7%88-%EB%AA%A8%EC%8A%A4%ED%8A%B8%EB%A1%9C-%ED%8E%98%EC%9D%B4-%EC%8A%A4%ED%84%B0%EB%93%9C-%EB%B2%84%EA%B1%B4%EB%94%94-230,2026-08-04,https://image.production.fruitsfamily.com/public/product/resized%40width620/StoR7GbsC-9391ecfe77d3.jpg|https://image.production.fruitsfamily.com/public/product/resized%40width620/MEfh1lW19e-75c350ef9e20.jpg|https://image.production.fruitsfamily.com/public/product/resized%40width620/Ppzu7huhOY-638cb96a2fa7.jpg|https://image.production.fruitsfamily.com/public/product/resized%40width620/1xmTORfIw2-55e93ecd4c09.jpg|https://image.production.fruitsfamily.com/public/product/resized%40width620/BG4UgosJNY-4a2df984425f.jpg|https://image.production.fruitsfamily.com/public/product/resized%40width620/pcP-QkQKe0-f4171809b0da.jpg|https://image.production.fruitsfamily.com/public/product/resized%40width620/BQA6hGKbTX-d2bf1c35187e.jpg,data/images/puma/9409950_01.jpg|data/images/puma/9409950_02.jpg|data/images/puma/9409950_03.jpg
FRUITSFAMILY,6859505,Puma,Puma,푸마 스웨이드,42000,60000,275,푸마 스웨이드 상품이며 일본 빈티지샵에서 샀습니다! 발볼이 큰 저한테는 오래 신으면 발이 아파서 판매해요! 발볼이 크지 않은 분들께 추천드려요! 진쩌 실물이 더 이뻐요!,False,https://fruitsfamily.com/product/430tt/%ED%91%B8%EB%A7%88-%EC%8A%A4%EC%9B%A8%EC%9D%B4%EB%93%9C,2026-08-04,https://image.production.fruitsfamily.com/public/product/resized%40width620/PYLzPgtQ1C-36D62B9B-7BE6-42AA-B80D-E929A09D9144.jpg|https://image.production.fruitsfamily.com/public/product/resized%40width620/Fl_cDh4iBO-6F330ABF-F56B-497C-A9E0-4B2EEF593B7B.jpg|https://image.production.fruitsfamily.com/public/product/resized%40width620/sf3RDlyhC9-220A7B4E-1C63-47A9-97D0-DFB9D2B25252.jpg|https://image.production.fruitsfamily.com/public/product/resized%40width620/Jj1moZADXM-1125602D-C091-4180-ADE6-90E0C9430510.jpg|https://image.production.fruitsfamily.com/public/product/resized%40width620/xyquo0TbiL-B4D7BE17-9316-41D4-900E-D5C2A50F2A9A.jpg,data/images/puma/6859505_01.jpg|data/images/puma/6859505_02.jpg|data/images/puma/6859505_03.jpg
FRUITSFAMILY,8226332,Puma,Puma,"여성 푸마 스웨이드 플랫폼 스니커즈, 운동화 (255)",40000,,255,"사이즈  /  255
스웨이드 재질로 깔끔하고 고급스럽습니다 
깨끗이 세탁하여 보관중입니다",False,https://fruitsfamily.com/product/4wbh8/%EC%97%AC%EC%84%B1-%ED%91%B8%EB%A7%88-%EC%8A%A4%EC%9B%A8%EC%9D%B4%EB%93%9C-%ED%94%8C%EB%9E%AB%ED%8F%BC-%EC%8A%A4%EB%8B%88%EC%BB%A4%EC%A6%88-%EC%9A%B4%EB%8F%99%ED%99%94-255,2026-08-04,https://image.production.fruitsfamily.com/public/product/resized%40width620/JuRozhr3GY-1773494454252.jpg|https://image.production.fruitsfamily.com/public/product/resized%40width620/9bYlQkTVWK-1773494454295.jpg|https://image.production.fruitsfamily.com/public/product/resized%40width620/aupZkCrbpa-1773494454331.jpg|https://image.production.fruitsfamily.com/public/product/resized%40width620/uc04a-xC-h-1773494454367.jpg|https://image.production.fruitsfamily.com/public/product/resized%40width620/A1yHTrCNuh-1773494454399.jpg|https://image.production.fruitsfamily.com/public/product/resized%40width620/5WgkpDQKkK-1773494454432.jpg|https://image.production.fruitsfamily.com/public/product/resized%40width620/k6muS2wGkB-1773494454467.jpg|https://image.production.fruitsfamily.com/public/product/resized%40width620/krHtNb56G-1773494454498.jpg|https://image.production.fruitsfamily.com/public/product/resized%40width620/vGREA612Se-1773494454529.jpg,data/images/puma/8226332_01.jpg|data/images/puma/8226332_02.jpg|data/images/puma/8226332_03.jpg
FRUITSFAMILY,10037945,Puma,Puma,푸마X산산기어 탈론 블랙,190000,215000,240,"스튜디오 실내 단시간 3번 착용
밑바닥 사용감 외 큰 오염 없음, 컨디션 8/10
사이즈 240",False,https://fruitsfamily.com/product/5z5bt/%ED%91%B8%EB%A7%88x%EC%82%B0%EC%82%B0%EA%B8%B0%EC%96%B4-%ED%83%88%EB%A1%A0-%EB%B8%94%EB%9E%99,2026-08-04,https://image.production.fruitsfamily.com/public/product/resized%40width620/ZObYGj-SH-f4b71890fb54.jpg|https://image.production.fruitsfamily.com/public/product/resized%40width620/5haaDdTfe1-a50dc237fad8.jpg|https://image.production.fruitsfamily.com/public/product/resized%40width620/ZuQn3IpFGl-27f611491692.jpg|https://image.production.fruitsfamily.com/public/product/resized%40width620/IjBKOLq0ta-3402fb65231c.jpg|https://image.production.fruitsfamily.com/public/product/resized%40width620/n7sH-QTL0x-306c85a51fd8.jpg|https://image.production.fruitsfamily.com/public/product/resized%40width620/apqxpToP3Q-bbe83498484c.jpg|https://image.production.fruitsfamily.com/public/product/resized%40width620/uZ8qGYlQ6I-7741f1be97d2.jpg|https://image.production.fruitsfamily.com/public/product/resized%40width620/QpJ94CnROx-77f904d9fdb2.jpg,data/images/puma/10037945_01.jpg|data/images/puma/10037945_02.jpg|data/images/puma/10037945_03.jpg
FRUITSFAMILY,9948953,Puma,Puma,풀박스)푸마 베이더런 화이트 검 265mm,150000,250000,265,"크림 265 사이즈 40만원에 판매중입니다.
1-2회 착용후 보관중이라 상태 깨끗하고 하자없어요
새상품급 컨디션 입니다
박스 같이 드려요.",False,https://fruitsfamily.com/product/5x8nt/%ED%92%80%EB%B0%95%EC%8A%A4-%ED%91%B8%EB%A7%88-%EB%B2%A0%EC%9D%B4%EB%8D%94%EB%9F%B0-%ED%99%94%EC%9D%B4%ED%8A%B8-%EA%B2%80-265mm,2026-08-04,https://image.production.fruitsfamily.com/public/product/resized%40width620/fG-zmK6Nh-f72cdc5f3165.jpg|https://image.production.fruitsfamily.com/public/product/resized%40width620/FZRjyN1X2g-ab359461a4f0.jpg|https://image.production.fruitsfamily.com/public/product/resized%40width620/BLCOQ80dRw-f04a7bb4a780.jpg,data/images/puma/9948953_01.jpg|data/images/puma/9948953_02.jpg|data/images/puma/9948953_03.jpg
FRUITSFAMILY,10348759,Puma,Puma,Puma Guzio 280 퓨마 귀지오 콜라보,117000,130000,280,"280 사이즈
다들 20번 신고 3번 신었다고 하는데
저는 진짜로 2번 신었습니다

예쁜 박스 까지 그대로 드려요

정가 179,000원에 구입
사놓고 아끼다가 운동화만 신게 돼서 팔아여",False,https://fruitsfamily.com/product/65t5j/puma-guzio-280-%ED%93%A8%EB%A7%88-%EA%B7%80%EC%A7%80%EC%98%A4-%EC%BD%9C%EB%9D%BC%EB%B3%B4,2026-08-04,https://image.production.fruitsfamily.com/public/product/resized%40width620/FgBagnTHy-e0124c1b1a44.jpg|https://image.production.fruitsfamily.com/public/product/resized%40width620/My6jU_TtLO-427420d464e2.jpg|https://image.production.fruitsfamily.com/public/product/resized%40width620/9yQtIk5u6T-2ab642097fa4.jpg|https://image.production.fruitsfamily.com/public/product/resized%40width620/XYeGK3pSi7-8345226abb89.jpg|https://image.production.fruitsfamily.com/public/product/resized%40width620/EWceIm-O9U-83e71d23f806.jpg|https://image.production.fruitsfamily.com/public/product/resized%40width620/qTNypP7sQg-bf35a112c16e.jpg|https://image.production.fruitsfamily.com/public/product/resized%40width620/25HZzYxhw-0c8c738aa098.jpg,data/images/puma/10348759_01.jpg|data/images/puma/10348759_02.jpg|data/images/puma/10348759_03.jpg
FRUITSFAMILY,8346698,Puma,Puma,푸마 알렉산더 맥퀸 medius 하이탑 240,145000,,240,"puma alexander mcqueen medius 240

price 145,000

size 240

#puma #pumaalexandermcqueen #alexandermcqueen

푸마와 알렉산더 맥퀸의 협업 스니커즈
보관만 한 데드스탁 제품이나 보관에 따른 사용감은 존재

택사이즈 240

빈티지 특성상 명시되지 않은 미세한 흔적 오염등이 있을 수 있습니다

구매원하시면 문의주세요",False,https://fruitsfamily.com/product/4ywcq/%ED%91%B8%EB%A7%88-%EC%95%8C%EB%A0%89%EC%82%B0%EB%8D%94-%EB%A7%A5%ED%80%B8-medius-%ED%95%98%EC%9D%B4%ED%83%91-240,2026-08-04,https://image.production.fruitsfamily.com/public/product/resized%40width620/10KU7Eyu5m-1774165500935.jpg|https://image.production.fruitsfamily.com/public/product/resized%40width620/M2VMGzLTFe-1774165500960.jpg|https://image.production.fruitsfamily.com/public/product/resized%40width620/zi1XRUCPao-1774165500985.jpg|https://image.production.fruitsfamily.com/public/product/resized%40width620/s9fdcXiMX5-1774165501044.png|https://image.production.fruitsfamily.com/public/product/resized%40width620/hgZebGJFSV-1774165501089.png|https://image.production.fruitsfamily.com/public/product/resized%40width620/Bnxthj8H_A-1774165501134.png|https://image.production.fruitsfamily.com/public/product/resized%40width620/L9zCAJEAa9-1774165501178.png|https://image.production.fruitsfamily.com/public/product/resized%40width620/isGjBYB4bu-1774165501219.png|https://image.production.fruitsfamily.com/public/product/resized%40width620/hKPMj2hU_F-1774165501262.png|https://image.production.fruitsfamily.com/public/product/resized%40width620/M-PES6N5F_-1774165501333.png,data/images/puma/8346698_01.jpg|data/images/puma/8346698_02.jpg|data/images/puma/8346698_03.jpg
FRUITSFAMILY,10246680,Puma,Puma,푸마 x 오픈 Yy 스피드캣 블랙 쉐도우 그레이 245 풀박,65000,110000,245,"푸마 x 오픈 Yy 스피드캣 블랙 쉐도우 그레이 245입니다
실착한번 했고 상태 아주좋습니다
상세사진확인해주세요
박스와 추가 끈(그레이) 풀박이며
포이즌 정품 판별받아 인증서 가지고 있으며 구매하시면 전달드립니다.",False,https://fruitsfamily.com/product/63me0/%ED%91%B8%EB%A7%88-x-%EC%98%A4%ED%94%88-yy-%EC%8A%A4%ED%94%BC%EB%93%9C%EC%BA%A3-%EB%B8%94%EB%9E%99-%EC%89%90%EB%8F%84%EC%9A%B0-%EA%B7%B8%EB%A0%88%EC%9D%B4-245-%ED%92%80%EB%B0%95,2026-08-04,https://image.production.fruitsfamily.com/public/product/resized%40width620/QgnSJdje5-9ead68638d5b.jpg|https://image.production.fruitsfamily.com/public/product/resized%40width620/-K8LGVmBsA-2ea9140ab5be.jpg|https://image.production.fruitsfamily.com/public/product/resized%40width620/5SeC8rFhlf-7fd50e5db10a.jpg|https://image.production.fruitsfamily.com/public/product/resized%40width620/nycOYDeeU9-842e4e500901.jpg|https://image.production.fruitsfamily.com/public/product/resized%40width620/BTiTkxo_Hk-088ce1107e57.jpg|https://image.production.fruitsfamily.com/public/product/resized%40width620/D9m9jqZQsW-46d080771ab6.jpg|https://image.production.fruitsfamily.com/public/product/resized%40width620/4ap9-aH5hd-d0acced9828a.jpg|https://image.production.fruitsfamily.com/public/product/resized%40width620/NRzZzyzEIt-5fe3a7a6d779.jpg|https://image.production.fruitsfamily.com/public/product/resized%40width620/5J5LocDLSN-985028405491.jpg|https://image.production.fruitsfamily.com/public/product/resized%40width620/Y2WJQCXRmb-9205916b67bb.jpg,data/images/puma/10246680_01.jpg|data/images/puma/10246680_02.jpg|data/images/puma/10246680_03.jpg
FRUITSFAMILY,7741775,Puma,Puma,Coperni Puma,150000,,225,"Coperni x puma 

레어한 옐로우 색상입니다. £350 구매 
사이즈가 안맞아 한번 신고 내놓아요..

밝은 색상이다보니 한번 신고 약간 때탄부분이 있는데 세탁하시면 새상품 컨디션일거예요. 밑창보시면 아실 수 있듯 매우 사용감 적습니다!

스퀘어토가 너무 예뻐요🫶🏼",False,https://fruitsfamily.com/product/4lxlb/coperni-puma,2026-08-04,https://image.production.fruitsfamily.com/public/product/resized%40width620/th0DqCK0Zk-B3E5B60B-FB1B-40FD-8F5E-822E1198FA7D.jpg|https://image.production.fruitsfamily.com/public/product/resized%40width620/qWldAFS0hj-3860B32E-C2A7-4068-A945-255F913E202D.jpg|https://image.production.fruitsfamily.com/public/product/resized%40width620/D5PAOlg1XW-3B4C3F07-0E4E-4533-A493-23A70ADE4C6C.jpg|https://image.production.fruitsfamily.com/public/product/resized%40width620/UR6rNZCJa-83ECBC90-82DA-4304-B68A-66B48C1D44A7.jpg|https://image.production.fruitsfamily.com/public/product/resized%40width620/IX0LjzvBOo-ED77DDBF-0174-4808-9FDB-6B1C5D6FB408.jpg|https://image.production.fruitsfamily.com/public/product/resized%40width620/FZQ4XYDpDG-1E9207D1-F1EE-4549-931D-A7B2FF8C970E.jpg|https://image.production.fruitsfamily.com/public/product/resized%40width620/keuqP_fZc0-41212B70-0F33-4DB7-AF71-D48FE1592F6F.jpg,data/images/puma/7741775_01.jpg|data/images/puma/7741775_02.jpg|data/images/puma/7741775_03.jpg
FRUITSFAMILY,8136935,Puma,Puma,(새상품) 푸마 - 태클 404456-05,80000,,290,"가격 : 8
색상 : 알파인스노우/블랙
상태 : SSS급(새상품)
사이즈 : 290

박스 및 택달린 풀패킹 새상품 입니다.",False,https://fruitsfamily.com/product/4uehz/%EC%83%88%EC%83%81%ED%92%88-%ED%91%B8%EB%A7%88-%ED%83%9C%ED%81%B4-404456-05,2026-08-04,https://image.production.fruitsfamily.com/public/product/resized%40width620/sO0DuebD5j-C1F91152-9EE1-4ACE-8425-46D9E41361FB.jpg|https://image.production.fruitsfamily.com/public/product/resized%40width620/XkOtyITwRX-A05AD159-22CB-40A6-A8FD-A138784A3E20.jpg|https://image.production.fruitsfamily.com/public/product/resized%40width620/lZ_Oj2m-7G-0A4D6B40-C666-453E-B0C9-F00815B4BD94.jpg|https://image.production.fruitsfamily.com/public/product/resized%40width620/0xbof776i3-E911F34E-F982-4903-A3A3-90D7A5659F94.jpg|https://image.production.fruitsfamily.com/public/product/resized%40width620/NScsFdF68-3F859FB4-6A04-4290-B268-907E826995A8.jpg|https://image.production.fruitsfamily.com/public/product/resized%40width620/zNNfUgGS9O-775C8794-108E-479B-BA65-AFA0D5C0F78C.jpg|https://image.production.fruitsfamily.com/public/product/resized%40width620/AXrchkhSJl-D0F62537-E2F2-4F2A-9458-75840F99C29B.jpg|https://image.production.fruitsfamily.com/public/product/resized%40width620/CSQT3GEm77-85B3863D-9FDC-48DE-B436-1FFA225B7CB7.jpg,data/images/puma/8136935_01.jpg|data/images/puma/8136935_02.jpg|data/images/puma/8136935_03.jpg
FRUITSFAMILY,9128682,Puma,Puma,Puma UKE,150000,,260,"Puma UKE
Size : 260
Condition : B+",False,https://fruitsfamily.com/product/5fnqi/puma-uke,2026-08-04,https://image.production.fruitsfamily.com/public/product/resized%40width620/A1CU2e1jU-8a35733188d3.jpg|https://image.production.fruitsfamily.com/public/product/resized%40width620/R9T8JEDgw4-5f1242dd96de.jpg|https://image.production.fruitsfamily.com/public/product/resized%40width620/hTEGtdga6T-403d33d79e6e.jpg|https://image.production.fruitsfamily.com/public/product/resized%40width620/2cXs4cx4aO-07d61fa712cc.jpg|https://image.production.fruitsfamily.com/public/product/resized%40width620/yXVpCO90nW-ec256e45e78b.jpg|https://image.production.fruitsfamily.com/public/product/resized%40width620/gznnouFOV3-a496d91d3e24.jpg|https://image.production.fruitsfamily.com/public/product/resized%40width620/AsYp_l9jf3-622cc872e382.jpg|https://image.production.fruitsfamily.com/public/product/resized%40width620/hpidXU9re6-f6fd64e42d79.jpg|https://image.production.fruitsfamily.com/public/product/resized%40width620/9H9Up75ssx-35fd04ed2609.jpg,data/images/puma/9128682_01.jpg|data/images/puma/9128682_02.jpg|data/images/puma/9128682_03.jpg
FRUITSFAMILY,9175059,Puma,Puma,푸마 펜티 스트랩 부츠 230,150000,,230,"푸마 펜티 스트랩 부츠 230

puma fenty sneaker boots strap

price 150,000

size 230

#발렌시아가 #푸마 #부츠

바베이도스 출신 팝스타 리한나의 성을 딴 Fenty는 뷰티에서 시작해 다양한 분야로 그 영역을 확장해나가고 있었습니다.
그 과정 중 하나인 푸마와의 협업은 ‘펜티 푸마 바이 리한나(FENTY PUMA by Rihanna)’이라는 이름 아래 2015년부터 현재까지 이어지고 있습니다

리한나와 푸마의 초기 협업은 18세기 유럽의 예술양식인 '로코코(Rococo)'를 리한나의 스트리트 스타일로 해석한 것이 특징입니다
제가 가져온 모델은 초기 협업인 2차 라인업 중 하나입니다
'스니커 부츠 스트랩'은 청키 부츠 스타일에 스포티한 감성을 더한 디자인이 특징입니다
높은 통굽과 광택 있는 새틴 소재를 활용한 것이 매력적인 제품입니다
초기 컬렉션은 매물이 거의 없네요

택사이즈 230

빈티지 특성상 명시되지 않은 미세한 흔적 오염등이 있을 수 있습니다

구매원하시면 문의주세요",False,https://fruitsfamily.com/product/5gnir/%ED%91%B8%EB%A7%88-%ED%8E%9C%ED%8B%B0-%EC%8A%A4%ED%8A%B8%EB%9E%A9-%EB%B6%80%EC%B8%A0-230,2026-08-04,https://image.production.fruitsfamily.com/public/product/resized%40width620/EmWJvvXx_-2a3351d1f561.jpg|https://image.production.fruitsfamily.com/public/product/resized%40width620/vFFBYidwzt-ae05d34be7a8.png|https://image.production.fruitsfamily.com/public/product/resized%40width620/XRpr1RD6eE-763f2d25ba69.png|https://image.production.fruitsfamily.com/public/product/resized%40width620/ER4f3KHX3e-1459c4258e43.png|https://image.production.fruitsfamily.com/public/product/resized%40width620/lTwuT-vIrD-3a96b62d4546.png|https://image.production.fruitsfamily.com/public/product/resized%40width620/7QIZfbQ1Tg-db78d333cb86.png|https://image.production.fruitsfamily.com/public/product/resized%40width620/q5xtYGy-ux-75e3d71a22fc.png|https://image.production.fruitsfamily.com/public/product/resized%40width620/7DErWrB-tm-03e6ae28a6a0.png|https://image.production.fruitsfamily.com/public/product/resized%40width620/plJaYOFI9G-628984cc030d.png,data/images/puma/9175059_01.jpg|data/images/puma/9175059_02.jpg|data/images/puma/9175059_03.jpg
FRUITSFAMILY,7881536,Puma,Puma,푸마 팔레르모 흰검 독일군 290,50000,,290,"사진 그대로 풀구성입니다.
실착 짧게 2회정도로 상태 아주 좋습니다",False,https://fruitsfamily.com/product/4oxfk/%ED%91%B8%EB%A7%88-%ED%8C%94%EB%A0%88%EB%A5%B4%EB%AA%A8-%ED%9D%B0%EA%B2%80-%EB%8F%85%EC%9D%BC%EA%B5%B0-290,2026-08-04,https://image.production.fruitsfamily.com/public/product/resized%40width620/b4xQGnZ9Py-97E1AD39-48C9-471A-897A-F551C41888A7.jpg|https://image.production.fruitsfamily.com/public/product/resized%40width620/8TrCmSZ8oI-0BDAEA15-CB6A-47CA-94E7-755535EC635E.jpg|https://image.production.fruitsfamily.com/public/product/resized%40width620/Ja4jU5tvbO-64515CC6-0F66-4CFB-957D-B4919F5C3652.jpg|https://image.production.fruitsfamily.com/public/product/resized%40width620/csaS1DTnHn-40F696AD-1EB9-490C-A4E3-A63C854C2532.jpg|https://image.production.fruitsfamily.com/public/product/resized%40width620/bS_ek8OX3E-2F7FF718-6783-4BF2-888A-154FCA8BBA4E.jpg|https://image.production.fruitsfamily.com/public/product/resized%40width620/tvAgMF8rU2-D058449D-2407-4D33-BEE1-EAE8E4C55610.jpg|https://image.production.fruitsfamily.com/public/product/resized%40width620/JcNHWEivLb-C82FE191-7527-464B-98D9-CB4D74921C85.jpg|https://image.production.fruitsfamily.com/public/product/resized%40width620/1qJEVDkFgp-FC9D962B-4ED5-4DBB-AFC6-CC0466D08E77.jpg,data/images/puma/7881536_01.jpg|data/images/puma/7881536_02.jpg|data/images/puma/7881536_03.jpg
FRUITSFAMILY,10340748,Puma,Puma,00s 퓨마 루돌프 다즐러 플랫 레더 스니커즈,335000,,270,"00s 퓨마 루돌프 다즐러 플랫 레더 스니커즈

퓨마와 네덜란드 출신 디자이너 **알렉산더 반 슬로베(Alexander van Slobbe)**의 협업으로 출시된 플랫 레더 스니커즈입니다. 알렉산더 반 슬로베는 미니멀한 디자인과 실험적인 패턴으로 잘 알려진 디자이너이며, 2000년대 초 푸마의 프리미엄 라인인 Rudolf Dassler Schuhfabrik 컬렉션에 참여해 스포츠웨어와 드레스 슈즈의 경계를 허무는 독창적인 디자인을 선보였습니다.

Rudolf Dassler Schuhfabrik은 퓨마의 창립자인 **루돌프 다즐러(Rudolf Dassler)**를 기리기 위해 2000년대 초반 전개된 최고급 컬렉션으로, 일반 퓨마 라인과 달리 이탈리아 생산과 프리미엄 소재, 세계적인 디자이너들과의 협업을 중심으로 제작되었습니다. 당시 알렉산더 반 슬로베, 닐 바렛 등과의 협업 모델들이 출시되었으며, 현재는 푸마 아카이브 라인 중에서도 높은 평가를 받는 컬렉션입니다.

사이즈는 UK 8 / US 9 / EU 42이며, 인솔 실측은 약 29cm 정도입니다. 다만 인솔 길이와 실제 착용감은 차이가 있어 실제 착용감은 270mm 정도로 보시면 좋습니다

스웨이드와 천연가죽을 조합한 어퍼는 일반적인 스니커즈보다 훨씬 고급스러운 분위기를 연출하며, 구두와 스니커즈를 절묘하게 결합한 디자인이 가장 큰 매력입니다. 유기적인 패턴의 오버레이와 슬림한 토쉐입, 뒤꿈치 메탈 디테일 등 지금 보아도 세련된 아카이브 감성이 살아 있으며, 플랫한 실루엣 덕분에 스트레이트 데님을 자연스럽게 툭 덮어 신기 좋은 비율을 보여줍니다. 리바이스505와 같은 스트레이트 데님은 물론 드리스반노튼 팬츠와도 훌륭한 스타일링이 가능합니다.

사진과 같이 한쪽 뒤축 안감 터짐이 존재하지만 착용에는 큰 지장이 없으며, 전체적으로 연식에 따른 자연스러운 사용감과 에이징이 있는 제품입니다. 아웃솔 마모는 비교적 적은 편으로 아직 충분히 실착 가능한 컨디션을 유지하고 있습니다.

현재는 이베이나 일본 야후옥션(일옥)에서도 동일 모델을 찾아보기 어려울 정도로 희소성이 높은 제품으로, 국내외를 통틀어 매물이 거의 확인되지 않는 아카이브 피스입니다. 디자인성과 희소성, 그리고 푸마의 프리미엄 헤리티지를 모두 담고 있는 Made in Italy 생산 모델로, 소장 가치 또한 매우 높은 제품입니다.

🔊팔로우 하시고 유지시 저희 상점에서 구매하시는 상품은 계속 3000원 할인하여 구매 가능하십니다.
(결제 전 미리 말씀 주세요)

💎전 상품 택배비 포함입니다.
💎수수료는 제가 부담합니다.
💎교환, 환불 불가합니다.
💎 사진과 실물 간 약간의 색감 차이가 있을 수 있습니다.
💎구매 전 반드시 실측 확인 부탁드립니다.
💎죄송하지만 네고는 받지 않습니다.

#퓨마 #알렉산더반슬로베 #270",False,https://fruitsfamily.com/product/65mz0/00s-%ED%93%A8%EB%A7%88-%EB%A3%A8%EB%8F%8C%ED%94%84-%EB%8B%A4%EC%A6%90%EB%9F%AC-%ED%94%8C%EB%9E%AB-%EB%A0%88%EB%8D%94-%EC%8A%A4%EB%8B%88%EC%BB%A4%EC%A6%88,2026-08-04,https://image.production.fruitsfamily.com/public/product/resized%40width620/wP8EHJqKq-225937bafbf3.jpg|https://image.production.fruitsfamily.com/public/product/resized%40width620/0W3byeSrKX-238337146bcc.jpg|https://image.production.fruitsfamily.com/public/product/resized%40width620/0B6BvrqXh_-160ec9680040.jpg|https://image.production.fruitsfamily.com/public/product/resized%40width620/jqra-JARQb-ef08690d3f53.jpg|https://image.production.fruitsfamily.com/public/product/resized%40width620/vR_N7GsqkE-8fcdfa4aec9a.jpg|https://image.production.fruitsfamily.com/public/product/resized%40width620/dMQHQidI7q-43ad8d6c1ed2.jpg|https://image.production.fruitsfamily.com/public/product/resized%40width620/8kepJRYMse-88cbdde01940.jpg|https://image.production.fruitsfamily.com/public/product/resized%40width620/vE2jIwpSFv-f85858821919.jpg|https://image.production.fruitsfamily.com/public/product/resized%40width620/pwcVNAT7m3-ab32faad50ab.jpg|https://image.production.fruitsfamily.com/public/product/resized%40width620/xc6XyGxx7H-8668d9c6ae3f.jpg,data/images/puma/10340748_01.jpg|data/images/puma/10340748_02.jpg|data/images/puma/10340748_03.jpg
FRUITSFAMILY,8590488,Puma,Puma,퓨마 스피드캣 레드 240,80000,,240,"퓨마 스피드캣 레드 
실착 4회
상자 있습니다",False,https://fruitsfamily.com/product/544go/%ED%93%A8%EB%A7%88-%EC%8A%A4%ED%94%BC%EB%93%9C%EC%BA%A3-%EB%A0%88%EB%93%9C-240,2026-08-04,https://image.production.fruitsfamily.com/public/product/resized%40width620/jMAMMqOu1g-A28ACC28-9D67-484F-ABE1-B91B8165CEED.jpg|https://image.production.fruitsfamily.com/public/product/resized%40width620/16jFlrMg41-C5F2F409-81B7-46E0-A609-132F9C8D404C.jpg|https://image.production.fruitsfamily.com/public/product/resized%40width620/m_NDD4bEl--FDFD1E74-C144-468F-878E-7BC4007BC70F.jpg,data/images/puma/8590488_01.jpg|data/images/puma/8590488_02.jpg|data/images/puma/8590488_03.jpg
FRUITSFAMILY,4267985,ASICS,Asics,아식스 x 키코 코스타디노브 젤 퀀텀 지엔치아 [290],350000,,290,"아식스 x 키코 코스타디노브 젤 퀀텀 지엔치아 화이트 블루 [290]
1회착용",False,https://fruitsfamily.com/product/2jh75/%EC%95%84%EC%8B%9D%EC%8A%A4-x-%ED%82%A4%EC%BD%94-%EC%BD%94%EC%8A%A4%ED%83%80%EB%94%94%EB%85%B8%EB%B8%8C-%EC%A0%A4-%ED%80%80%ED%85%80-%EC%A7%80%EC%97%94%EC%B9%98%EC%95%84-290,2026-08-04,https://image.production.fruitsfamily.com/public/product/resized%40width620/ChS9RYDQ3--D5556EB0-6748-4D35-9DEF-9CD4DB48DD56.jpg|https://image.production.fruitsfamily.com/public/product/resized%40width620/5JYRypyE6R-A5AB9B94-8AB4-4A0F-8B5C-0446644152EA.jpg|https://image.production.fruitsfamily.com/public/product/resized%40width620/cWQfl7P5lI-D1DA6055-E035-4982-9795-401176FD5465.jpg|https://image.production.fruitsfamily.com/public/product/resized%40width620/UUc0I8zQs3-5787EDEB-3E58-479F-8F37-8FE5BF75F9DD.jpg|https://image.production.fruitsfamily.com/public/product/resized%40width620/kg8_jB8hJY-4B162BE1-80D9-43C9-B55C-6794CB15B6BE.jpg,data/images/asics/4267985_01.jpg|data/images/asics/4267985_02.jpg|data/images/asics/4267985_03.jpg
FRUITSFAMILY,8582026,ASICS,Asics,아식스 젤카야노21,49000,89000,290,"사이즈 표기부분이 떨어졌으나 
290입니다

포인트주기 좋습니다

상태 사용감외 하자없습니다",False,https://fruitsfamily.com/product/53xxm/%EC%95%84%EC%8B%9D%EC%8A%A4-%EC%A0%A4%EC%B9%B4%EC%95%BC%EB%85%B821,2026-08-04,https://image.production.fruitsfamily.com/public/product/resized%40width620/XcMePMK7R7-B3E1BA59-B795-4E57-9EB5-780F1B2BD743.jpg|https://image.production.fruitsfamily.com/public/product/resized%40width620/xipFIo4eBr-2D7FAEB7-F8CA-46D2-AD4B-6EF79E7FCDD8.jpg|https://image.production.fruitsfamily.com/public/product/resized%40width620/dCSBBlsLjb-049BE479-6D83-4B6D-A295-ED0ABB97828A.jpg|https://image.production.fruitsfamily.com/public/product/resized%40width620/PEKRpzkKAf-770771FF-0537-4182-90DF-BD64B1AE77B8.jpg,data/images/asics/8582026_01.jpg|data/images/asics/8582026_02.jpg|data/images/asics/8582026_03.jpg
FRUITSFAMILY,9531133,ASICS,Asics,아식스 GT 2160 그레이/딥마린 285,100000,,285,"친구가 일본갔다가 사다주었는데 사이즈 미스로 미착용 택있는 새제품 판매합니다.

구하기 힘들어 프리미엄 붙은 285 사이즈로 온라인상에서 새제품 구매하려면 30만원 넘게 주어야 합니다.",False,https://fruitsfamily.com/product/5oa9p/%EC%95%84%EC%8B%9D%EC%8A%A4-gt-2160-%EA%B7%B8%EB%A0%88%EC%9D%B4-%EB%94%A5%EB%A7%88%EB%A6%B0-285,2026-08-04,https://image.production.fruitsfamily.com/public/product/resized%40width620/gQxAQlyOQ-30d57e08700c.jpg|https://image.production.fruitsfamily.com/public/product/resized%40width620/1JH7Yz0lxR-1c9dbf0def9c.jpg|https://image.production.fruitsfamily.com/public/product/resized%40width620/WkO8D3JAwZ-59294b03347d.jpg|https://image.production.fruitsfamily.com/public/product/resized%40width620/c6DbhWBwb9-26b9285af4fb.jpg,data/images/asics/9531133_01.jpg|data/images/asics/9531133_02.jpg|data/images/asics/9531133_03.jpg
FRUITSFAMILY,9344654,ASICS,Asics,아식스 x 아트모스 핑크 x 오호스 젤 1130 RE 그레이 245,410000,,245,"아식스 x 아트모스 핑크 x 오호스 젤 1130 RE 그레이

오호스 공홈에서 산 정품이에요
사놓고 사이즈가 커서 못신어서 완전 새상품이에요
택도 그대로 있고 별 참, 여분 끈 모두 다 있습니다!

사이즈 245",False,https://fruitsfamily.com/product/5kadq/%EC%95%84%EC%8B%9D%EC%8A%A4-x-%EC%95%84%ED%8A%B8%EB%AA%A8%EC%8A%A4-%ED%95%91%ED%81%AC-x-%EC%98%A4%ED%98%B8%EC%8A%A4-%EC%A0%A4-1130-re-%EA%B7%B8%EB%A0%88%EC%9D%B4-245,2026-08-04,https://image.production.fruitsfamily.com/public/product/resized%40width620/mQ4FVJQoXr-4f5699cd267b.jpg|https://image.production.fruitsfamily.com/public/product/resized%40width620/M03h9pi41-542509a3de24.jpg|https://image.production.fruitsfamily.com/public/product/resized%40width620/J8kIx2MuxE-018f6d297bef.jpg|https://image.production.fruitsfamily.com/public/product/resized%40width620/oyTDoseucf-d9256ee53e8c.jpg|https://image.production.fruitsfamily.com/public/product/resized%40width620/4rfUHj-Jzd-1097495dda11.jpg|https://image.production.fruitsfamily.com/public/product/resized%40width620/kYf2qRde4u-1f195975d569.jpg|https://image.production.fruitsfamily.com/public/product/resized%40width620/Gba_srvAzY-0c60375d35c6.jpg|https://image.production.fruitsfamily.com/public/product/resized%40width620/EQH6jNpRZM-6a8570df835d.jpg,data/images/asics/9344654_01.jpg|data/images/asics/9344654_02.jpg|data/images/asics/9344654_03.jpg
FRUITSFAMILY,8351315,ASICS,Asics,아식스 키코 히스테릭글래머,270000,320000,270,"사이즈 270입니다
상태는 사진과 동일합니다!
수수료 제가 냅니다 구매 후 연락주세여ㅡ
ㄱㅈ 거래시 25 택포 쿨거래",False,https://fruitsfamily.com/product/4yzwz/%EC%95%84%EC%8B%9D%EC%8A%A4-%ED%82%A4%EC%BD%94-%ED%9E%88%EC%8A%A4%ED%85%8C%EB%A6%AD%EA%B8%80%EB%9E%98%EB%A8%B8,2026-08-04,https://image.production.fruitsfamily.com/public/product/resized%40width620/ib9dNPkayl-84BD7CA2-22CD-44E1-854D-6E3ECDF1A94C.jpg|https://image.production.fruitsfamily.com/public/product/resized%40width620/4L_O-vfGZJ-E7C7A292-1873-4F2C-8511-4BF2EC391AF4.jpg|https://image.production.fruitsfamily.com/public/product/resized%40width620/MLCzeQnV2U-A9ECD9CD-D1AE-45A9-811F-376444576198.jpg|https://image.production.fruitsfamily.com/public/product/resized%40width620/rWFiKIon1K-FAB7BCC1-9CBB-4903-A062-D5A8B5C467FD.jpg|https://image.production.fruitsfamily.com/public/product/resized%40width620/YlKrTI3bLV-FB2DF05E-A7DE-4232-8214-A30876CDA3B1.jpg|https://image.production.fruitsfamily.com/public/product/resized%40width620/eGO9bG-X0-1D70FB02-8399-4169-B9DF-BA1C3CFDEC87.jpg,data/images/asics/8351315_01.jpg|data/images/asics/8351315_02.jpg|data/images/asics/8351315_03.jpg
FRUITSFAMILY,10112987,ASICS,Asics,[285] 아식스 무신사 젤 카야노14 블랙 글레이셔 글래시어 그레이,140000,,285,"아식스 X 무신사 한정판 젤카야노 14 런닝화 블랙 글래시어그레이 글레이셔 그레이 회색 1201A935-001
asics x musinsa gel-kayano 14 black glacier grey 1201a935 001

무신사에서 구매한 하자 없는 아식스 정품입니다.
무신사가 제작에 참여한 콜리보 협업 제품입니다.
일상 생활 용도로만 착용했고 실착 기간 얼마 안돼서 상태 매우 좋습니다.
사진은 올리기 직전에 찍은 것이고 사진과 동일한 상태로 보관하고 있습니다.

사이즈는 285mm (US11)입니다.

구성품(구입당시 아식스 정품 박스, 신발안 종이뭉치, 제품텍) 사진 그대로 모두 보내드립니다.
겉에 일반박스로 이중포장해서 보내드립니다.
140,000원입니다.",False,https://fruitsfamily.com/product/60r8b/285-%EC%95%84%EC%8B%9D%EC%8A%A4-%EB%AC%B4%EC%8B%A0%EC%82%AC-%EC%A0%A4-%EC%B9%B4%EC%95%BC%EB%85%B814-%EB%B8%94%EB%9E%99-%EA%B8%80%EB%A0%88%EC%9D%B4%EC%85%94-%EA%B8%80%EB%9E%98%EC%8B%9C%EC%96%B4-%EA%B7%B8%EB%A0%88%EC%9D%B4,2026-08-04,https://image.production.fruitsfamily.com/public/product/resized%40width620/uGSUNzAhV-76d398256b07.jpg|https://image.production.fruitsfamily.com/public/product/resized%40width620/f-Q0nA2E3S-ce155df87209.jpg|https://image.production.fruitsfamily.com/public/product/resized%40width620/wHmslI_-0I-17828cd823cf.jpg|https://image.production.fruitsfamily.com/public/product/resized%40width620/_mFraxrHHt-d88a6bf279e9.jpg|https://image.production.fruitsfamily.com/public/product/resized%40width620/GJIy3lyS2F-da956899bbba.jpg|https://image.production.fruitsfamily.com/public/product/resized%40width620/jw5_UYlSp9-4e34ee92a50c.jpg|https://image.production.fruitsfamily.com/public/product/resized%40width620/xBFAoNXqlP-1692d5b82c46.jpg|https://image.production.fruitsfamily.com/public/product/resized%40width620/QD2dKI4zsC-1871338a27e5.jpg|https://image.production.fruitsfamily.com/public/product/resized%40width620/cOkNFxJofB-36476d14cdfd.jpg|https://image.production.fruitsfamily.com/public/product/resized%40width620/YJ0UFcQuZ4-d11cc46c664e.jpg,data/images/asics/10112987_01.jpg|data/images/asics/10112987_02.jpg|data/images/asics/10112987_03.jpg
FRUITSFAMILY,7911888,ASICS,Asics,아식스 앤더슨벨 프로토블라스트 스모크 블랙 265,140000,200000,265,"아식스 앤더슨벨 콜라보 프로토블라스트 스모크 블랙 색상 운동화입니다
사이즈는 265mm입니다
실착은 7번 정도 했고 상태 좋습니다",False,https://fruitsfamily.com/product/4pkuo/%EC%95%84%EC%8B%9D%EC%8A%A4-%EC%95%A4%EB%8D%94%EC%8A%A8%EB%B2%A8-%ED%94%84%EB%A1%9C%ED%86%A0%EB%B8%94%EB%9D%BC%EC%8A%A4%ED%8A%B8-%EC%8A%A4%EB%AA%A8%ED%81%AC-%EB%B8%94%EB%9E%99-265,2026-08-04,https://image.production.fruitsfamily.com/public/product/resized%40width620/QUcdHWQbsZ-7224E3A2-37E6-4A99-92F9-F6CA02B3A576.jpg|https://image.production.fruitsfamily.com/public/product/resized%40width620/JagSRFCkX-65611137c86b.jpg|https://image.production.fruitsfamily.com/public/product/resized%40width620/KAVv1knl8q-f1515816f04d.jpg|https://image.production.fruitsfamily.com/public/product/resized%40width620/JZwYzDxuVd-0ceba8e49c9c.jpg,data/images/asics/7911888_01.jpg|data/images/asics/7911888_02.jpg|data/images/asics/7911888_03.jpg
FRUITSFAMILY,10266479,ASICS,Asics,아식스 슈퍼블라스트 3 285 새상품,250000,260000,285,"아식스 슈퍼블라스트3 285
택뗐는데 사이즈미스로 시착만해본 새상품
크림구매 

직거래 에누리 교환 사이즈문의사절",False,https://fruitsfamily.com/product/641nz/%EC%95%84%EC%8B%9D%EC%8A%A4-%EC%8A%88%ED%8D%BC%EB%B8%94%EB%9D%BC%EC%8A%A4%ED%8A%B8-3-285-%EC%83%88%EC%83%81%ED%92%88,2026-08-04,https://image.production.fruitsfamily.com/public/product/resized%40width620/6DVMsaG68-1d12f4553047.jpg|https://image.production.fruitsfamily.com/public/product/resized%40width620/8C5Z4di9tH-ee872c8c7afa.jpg|https://image.production.fruitsfamily.com/public/product/resized%40width620/vVEAVeQsRo-c41b676704be.jpg|https://image.production.fruitsfamily.com/public/product/resized%40width620/aWBdYGqmg-206e127b3a46.jpg,data/images/asics/10266479_01.jpg|data/images/asics/10266479_02.jpg|data/images/asics/10266479_03.jpg
FRUITSFAMILY,6147455,ASICS,Asics,Asics x affix gel kinsei og us 9 270,110000,,270,"아식스 아픽스 콜라보 상품입니다.

구매 후 거의 신지 않고 보관만 했고

사진과 같은 컨디션 입니다!",False,https://fruitsfamily.com/product/3nren/asics-x-affix-gel-kinsei-og-us-9-270,2026-08-04,https://image.production.fruitsfamily.com/public/product/resized%40width620/RBIG307NPz-72BD3062-7C0F-4B3D-8EC1-5358462AE54A.jpg|https://image.production.fruitsfamily.com/public/product/resized%40width620/DoCcJ_AQ81-6888D5DE-A548-4F1B-8F27-B5ECE3A3AC27.jpg|https://image.production.fruitsfamily.com/public/product/resized%40width620/2SIiKk55sK-2B964A6E-45CD-40FB-BF4C-5E39079B6F72.jpg|https://image.production.fruitsfamily.com/public/product/resized%40width620/nICDLstzNl-BBF17BC4-9E69-4617-B78E-41B62845DE41.jpg,data/images/asics/6147455_01.jpg|data/images/asics/6147455_02.jpg|data/images/asics/6147455_03.jpg
FRUITSFAMILY,9838353,ASICS,Asics,아식스 젤 1130 버치 다크 토프 260,80000,85000,260,"아식스 젤 1130 버치 다크 토프  (1201A995-200)
사이즈 -  260
크림에서 구매했구요 사이즈 미스로 판매합니다.
동네 마실 나갈때 몇번 착용한거라 상태 깨끗하며
중고특성상 상태에 민감하신분이면 피해주세요.

- 흡연x, 반려견 x",False,https://fruitsfamily.com/product/5uvbl/%EC%95%84%EC%8B%9D%EC%8A%A4-%EC%A0%A4-1130-%EB%B2%84%EC%B9%98-%EB%8B%A4%ED%81%AC-%ED%86%A0%ED%94%84-260,2026-08-04,https://image.production.fruitsfamily.com/public/product/resized%40width620/nx4DUBSZp-61eaa3b103b3.jpg|https://image.production.fruitsfamily.com/public/product/resized%40width620/OVADoYxm8H-f9b46e6fc047.jpg|https://image.production.fruitsfamily.com/public/product/resized%40width620/eTv8Rqui_G-21c79529098b.jpg|https://image.production.fruitsfamily.com/public/product/resized%40width620/lkQRU1FQgh-511acff659dc.jpg|https://image.production.fruitsfamily.com/public/product/resized%40width620/nzw6xKvr7u-ff8eecca2116.jpg|https://image.production.fruitsfamily.com/public/product/resized%40width620/JyEQAXztbO-b6eaa81cea6b.jpg|https://image.production.fruitsfamily.com/public/product/resized%40width620/uMDI4OLWVE-06d5fdf8c371.jpg,data/images/asics/9838353_01.jpg|data/images/asics/9838353_02.jpg|data/images/asics/9838353_03.jpg
FRUITSFAMILY,10288683,ASICS,Asics,아식스 노바블라스트6,150000,,275,"ASICS Novablast 6  - 275사이즈

7월 새로 출시된 ASICS 노바블라스트 6 275사이즈 판매합니다. (공홈 품절) 

총 10km 정도 뛰었으며, 착용은 2회입니다. 상태는 거의 새것과 같이 매우 좋습니다.",False,https://fruitsfamily.com/product/64isr/%EC%95%84%EC%8B%9D%EC%8A%A4-%EB%85%B8%EB%B0%94%EB%B8%94%EB%9D%BC%EC%8A%A4%ED%8A%B86,2026-08-04,https://image.production.fruitsfamily.com/public/product/resized%40width620/qpHcr994S-45fb00be35f9.jpg|https://image.production.fruitsfamily.com/public/product/resized%40width620/qbIe4RdmbQ-b9aa49dcf2a0.jpg|https://image.production.fruitsfamily.com/public/product/resized%40width620/Lj5Su-F-u9-40382e555f6c.jpg|https://image.production.fruitsfamily.com/public/product/resized%40width620/Tr9UrebQRG-ed6344c668d2.jpg|https://image.production.fruitsfamily.com/public/product/resized%40width620/Q3aKighVw5-16046e90d2cf.jpg|https://image.production.fruitsfamily.com/public/product/resized%40width620/oLrSb8m-rB-8839e25e1b5b.jpg|https://image.production.fruitsfamily.com/public/product/resized%40width620/vpNlk7QZvQ-ac33e9446b34.jpg|https://image.production.fruitsfamily.com/public/product/resized%40width620/knTk7zpCY4-849a85b77953.jpg,data/images/asics/10288683_01.jpg|data/images/asics/10288683_02.jpg|data/images/asics/10288683_03.jpg
FRUITSFAMILY,10327361,ASICS,Asics,아식스 이세이미야케 하이퍼 테이핑 블랙,530000,550000,285,"아식스 x 이세이 미야케 하이퍼 테이핑 블랙 285사이즈 입니다!
크림 새상품 구매후 실착 3회정도 했습니다.
구성품 배송되었을때 그대로 전부 보유",False,https://fruitsfamily.com/product/65cn5/%EC%95%84%EC%8B%9D%EC%8A%A4-%EC%9D%B4%EC%84%B8%EC%9D%B4%EB%AF%B8%EC%95%BC%EC%BC%80-%ED%95%98%EC%9D%B4%ED%8D%BC-%ED%85%8C%EC%9D%B4%ED%95%91-%EB%B8%94%EB%9E%99,2026-08-04,https://image.production.fruitsfamily.com/public/product/resized%40width620/hgaAP-wCJ-5a73f2fc6596.jpg|https://image.production.fruitsfamily.com/public/product/resized%40width620/IRjHv3VJc-759821d32a26.jpg|https://image.production.fruitsfamily.com/public/product/resized%40width620/oquVWbdhnq-9abba4d97cda.jpg|https://image.production.fruitsfamily.com/public/product/resized%40width620/o_HIyKU2Iy-d7c7c8f85985.jpg|https://image.production.fruitsfamily.com/public/product/resized%40width620/zsb8FwrXu2-62b3dfc25eeb.jpg,data/images/asics/10327361_01.jpg|data/images/asics/10327361_02.jpg|data/images/asics/10327361_03.jpg
FRUITSFAMILY,7354580,ASICS,Asics,아식스 키코 라임 og 285,440000,550000,285,년식이 있어 사용감 및 굽닳음 좀 있지만 데이지없이 상태 무난하다고 생각합니다 285인데  265 270 신는제게 신기하게 편하게 잘 맞아서 출시당시에도 큰사이즈가 더 비쌌어요 유니크해서소장할려다 판매합니다,False,https://fruitsfamily.com/product/4dmtw/%EC%95%84%EC%8B%9D%EC%8A%A4-%ED%82%A4%EC%BD%94-%EB%9D%BC%EC%9E%84-og-285,2026-08-04,https://image.production.fruitsfamily.com/public/product/resized%40width620/Ypx29frJPN-1768336950287.jpg|https://image.production.fruitsfamily.com/public/product/resized%40width620/KAgvvIggkB-1768336950393.jpg|https://image.production.fruitsfamily.com/public/product/resized%40width620/syje6El5XJ-1768336950438.jpg|https://image.production.fruitsfamily.com/public/product/resized%40width620/E6P9gHi2eg-1768336950487.jpg|https://image.production.fruitsfamily.com/public/product/resized%40width620/zmWMQBjRm--1768336950531.jpg|https://image.production.fruitsfamily.com/public/product/resized%40width620/BufxPTmL6q-1768336950578.jpg|https://image.production.fruitsfamily.com/public/product/resized%40width620/vl3BPS_-KSA-1768336950871.jpg|https://image.production.fruitsfamily.com/public/product/resized%40width620/Hr29zci1TdJ-1768336950928.jpg|https://image.production.fruitsfamily.com/public/product/resized%40width620/1DMtv31ZP7K-1768336950991.jpg|https://image.production.fruitsfamily.com/public/product/resized%40width620/_0EA9yPzv-1768336951040.jpg,data/images/asics/7354580_01.jpg|data/images/asics/7354580_02.jpg|data/images/asics/7354580_03.jpg
FRUITSFAMILY,9988370,ASICS,Asics,세실리아반센 아식스 275,200000,,275,"판매합니다 

컬러 블랙
사이즈 275
상태 9/10(프린팅 까짐 없음, 오염 없음)
구성품 단품

실측문의 입금 후에 받습니다
쿨거시 택배비 포함",False,https://fruitsfamily.com/product/5y32q/%EC%84%B8%EC%8B%A4%EB%A6%AC%EC%95%84%EB%B0%98%EC%84%BC-%EC%95%84%EC%8B%9D%EC%8A%A4-275,2026-08-04,https://image.production.fruitsfamily.com/public/product/resized%40width620/dEnLhVH5b-87bd2b73379b.jpg|https://image.production.fruitsfamily.com/public/product/resized%40width620/D8H0p2AG4n-a746122fa987.jpg|https://image.production.fruitsfamily.com/public/product/resized%40width620/Pvq3-TMe8c-a31e8bdde312.jpg|https://image.production.fruitsfamily.com/public/product/resized%40width620/DWFnz53LD--e14cf33320bd.jpg|https://image.production.fruitsfamily.com/public/product/resized%40width620/nG6JR94hNj-37424e5c1c1a.jpg,data/images/asics/9988370_01.jpg|data/images/asics/9988370_02.jpg|data/images/asics/9988370_03.jpg
FRUITSFAMILY,7679479,ASICS,Asics,아식스 252.5 사보타지 몬순 패트롤 젤카야노14 새상품,300000,,250,"아식스 젤카야노14 사이즈 252.5 새상품입니다
울산무거 직거래 나머지 편의점택배",False,https://fruitsfamily.com/product/4kliv/%EC%95%84%EC%8B%9D%EC%8A%A4-252-5-%EC%82%AC%EB%B3%B4%ED%83%80%EC%A7%80-%EB%AA%AC%EC%88%9C-%ED%8C%A8%ED%8A%B8%EB%A1%A4-%EC%A0%A4%EC%B9%B4%EC%95%BC%EB%85%B814-%EC%83%88%EC%83%81%ED%92%88,2026-08-04,https://image.production.fruitsfamily.com/public/product/resized%40width620/QxaQZR9soa-6B7AB417-C8DB-4B8A-890D-95CB11BC2F69.jpg|https://image.production.fruitsfamily.com/public/product/resized%40width620/Pwt9DBhnJk-6D7561D2-D121-46FA-BAB2-5287E6186444.jpg|https://image.production.fruitsfamily.com/public/product/resized%40width620/7ZdydA8tAV-5B800590-BB29-4403-8B67-C1680FFD95AE.jpg,data/images/asics/7679479_01.jpg|data/images/asics/7679479_02.jpg|data/images/asics/7679479_03.jpg
FRUITSFAMILY,8509487,ASICS,Asics,240) 아식스 젤 1130 딥마스,90000,110000,240,"상태 9정도. 박스X. 단품.

촬영용으로 구매했고 거의 실내 스튜디오에서만 활용해서 

상태 전체적으로 좋아요.

현재 매물 없음.",False,https://fruitsfamily.com/product/52dyn/240-%EC%95%84%EC%8B%9D%EC%8A%A4-%EC%A0%A4-1130-%EB%94%A5%EB%A7%88%EC%8A%A4,2026-08-04,https://image.production.fruitsfamily.com/public/product/resized%40width620/xtlkdmPbQu-9E654CC5-875F-42E1-93EF-DA5CFBFEBF2C.jpg|https://image.production.fruitsfamily.com/public/product/resized%40width620/2g6CPBcnlT-DB3C3DB4-D61A-4BE9-B44B-DE5FD6FDDBAA.jpg|https://image.production.fruitsfamily.com/public/product/resized%40width620/Xpll27SGQR-2A8E5FD2-6999-4260-8E76-C6239A3E16FE.jpg|https://image.production.fruitsfamily.com/public/product/resized%40width620/HMYgTIOH5V-0C3B4AA0-56F7-4079-9D87-059EEB060520.jpg|https://image.production.fruitsfamily.com/public/product/resized%40width620/sRIGULhUfr-A435140F-7674-4444-86E9-3FB59CA468A6.jpg|https://image.production.fruitsfamily.com/public/product/resized%40width620/cNWLW2US-I-D7C47B63-E6FC-4AC9-B741-A4F4080DC9BF.jpg|https://image.production.fruitsfamily.com/public/product/resized%40width620/cIJTKkXTL-AC3D6664-9FBF-4044-B76F-0E1777AC4AA0.jpg|https://image.production.fruitsfamily.com/public/product/resized%40width620/k9q2fH4Mre-8D526124-9754-4D0D-B6ED-53CFD0D515FB.jpg,data/images/asics/8509487_01.jpg|data/images/asics/8509487_02.jpg|data/images/asics/8509487_03.jpg
FRUITSFAMILY,7596170,ASICS,Asics,[275] 아식스 X 키코 코스타디노브 젤 키릴 실란트로,150000,210000,275,"아식스 X 키코 코스타디노브 젤 키릴 실란트로 275 사이즈입니다

중고 매물로 구매 후 손이 잘 안가서 판매합니다

신발 단품이며 문의사항 있으시면 톡주세요!",False,https://fruitsfamily.com/product/4it8q/275-%EC%95%84%EC%8B%9D%EC%8A%A4-x-%ED%82%A4%EC%BD%94-%EC%BD%94%EC%8A%A4%ED%83%80%EB%94%94%EB%85%B8%EB%B8%8C-%EC%A0%A4-%ED%82%A4%EB%A6%B4-%EC%8B%A4%EB%9E%80%ED%8A%B8%EB%A1%9C,2026-08-04,https://image.production.fruitsfamily.com/public/product/resized%40width620/dDYaCN1kJ-A79F8A67-0FD7-4D6B-9490-6187267ACDA2.jpg|https://image.production.fruitsfamily.com/public/product/resized%40width620/F8VExSU9-R-DAEE7BE8-CDD9-4CDC-BA45-BB7A4A279E7E.jpg|https://image.production.fruitsfamily.com/public/product/resized%40width620/DLF6yX8j6p-9D206441-2B1F-4DED-9297-4B07CFA12890.jpg|https://image.production.fruitsfamily.com/public/product/resized%40width620/2WT3xSpT36-E2C98F60-6230-4F74-8C67-897032BB88A4.jpg|https://image.production.fruitsfamily.com/public/product/resized%40width620/bXsAsTsMGk-73568648-24FA-489C-AC1B-A488AFD958D3.jpg|https://image.production.fruitsfamily.com/public/product/resized%40width620/gKuiow91nC-81989377-CCD9-4BA2-88FB-098221D06AFE.jpg|https://image.production.fruitsfamily.com/public/product/resized%40width620/3DeTEII8Mr-BD51BE81-2CC7-4CF4-BA55-0147FB2D1425.jpg,data/images/asics/7596170_01.jpg|data/images/asics/7596170_02.jpg|data/images/asics/7596170_03.jpg
FRUITSFAMILY,5444989,ASICS,Asics,아식스 세실리반센 젤터레인 세피아 컬러 275,207200,259000,275,"지난 6월말에  크림통해서 구매햇는데 약간 충동구매한거 같아서 보관만 하다 판매할려고 합니다
 새상품이며 구매당시부터 박스에 약간의 손상은(조금찍힘) 있습니다. 서울직거래 가능합니다",False,https://fruitsfamily.com/product/38pdp/%EC%95%84%EC%8B%9D%EC%8A%A4-%EC%84%B8%EC%8B%A4%EB%A6%AC%EB%B0%98%EC%84%BC-%EC%A0%A4%ED%84%B0%EB%A0%88%EC%9D%B8-%EC%84%B8%ED%94%BC%EC%95%84-%EC%BB%AC%EB%9F%AC-275,2026-08-04,https://image.production.fruitsfamily.com/public/product/resized%40width620/KrwYS2GBy-34510620c9c1.jpg|https://image.production.fruitsfamily.com/public/product/resized%40width620/66vIZrkKrA-1754844597243.jpg|https://image.production.fruitsfamily.com/public/product/resized%40width620/ERu15TvYbE-1754844597253.jpg,data/images/asics/5444989_01.jpg|data/images/asics/5444989_02.jpg|data/images/asics/5444989_03.jpg
FRUITSFAMILY,8318703,ASICS,Asics,아식스 x 비비안 웨스트우드 젤카야노 버치화이트 US9 (빈지노 착용 동,290000,,270,"Asics Vivienne westwood 아식스 비비안 웨스트우드 협업 모델 입니다. 사이즈는 270, 컬러는 버치화이트로 에크루 컬러 계열로 보시면 됩니다.
빈지노 착용 동일 모델입니다

판매하는 모든 제품은 사진에서의 상태와 동일합니다. 중고 거래 특성상 교환 & 반품이 불가하오니 신중히 고민 후 구매해주시기 바랍니다.",False,https://fruitsfamily.com/product/4yar3/%EC%95%84%EC%8B%9D%EC%8A%A4-x-%EB%B9%84%EB%B9%84%EC%95%88-%EC%9B%A8%EC%8A%A4%ED%8A%B8%EC%9A%B0%EB%93%9C-%EC%A0%A4%EC%B9%B4%EC%95%BC%EB%85%B8-%EB%B2%84%EC%B9%98%ED%99%94%EC%9D%B4%ED%8A%B8-us9-%EB%B9%88%EC%A7%80%EB%85%B8-%EC%B0%A9%EC%9A%A9-%EB%8F%99,2026-08-04,https://image.production.fruitsfamily.com/public/product/resized%40width620/yFDKtMV3YI-C5CA2035-77D0-4935-BEBF-5300162FFE99.jpg|https://image.production.fruitsfamily.com/public/product/resized%40width620/6t5eNwWs6j-223C5B0C-1F3A-4ADB-B742-6F438EB671C1.jpg|https://image.production.fruitsfamily.com/public/product/resized%40width620/3qe0-Vedsx-9C6E7D9C-BF52-4D6D-A881-906771C524AE.jpg|https://image.production.fruitsfamily.com/public/product/resized%40width620/ofINar-PS5-187593F5-1114-4FA7-9C11-01B4799ABCF1.jpg|https://image.production.fruitsfamily.com/public/product/resized%40width620/n58S11Mu2t-950A9D7A-82D2-4707-BACB-C4F293DD2197.jpg|https://image.production.fruitsfamily.com/public/product/resized%40width620/oQpZ78LxRy-1FD56C2E-30E1-46C8-B50A-EFB0CD5075F5.jpg|https://image.production.fruitsfamily.com/public/product/resized%40width620/qsv7x4DvOn-F43B7015-8D4B-40CB-A0EC-A3E8977C3E0E.jpg|https://image.production.fruitsfamily.com/public/product/resized%40width620/vFRuXUwD_iO-3A3306BD-B765-4360-9B08-3DC5B2B3DA98.jpg|https://image.production.fruitsfamily.com/public/product/resized%40width620/7BCStZtw8Xk-3D97D19D-C6C0-4ED8-B8A0-D27CEE99211A.jpg,data/images/asics/8318703_01.jpg|data/images/asics/8318703_02.jpg|data/images/asics/8318703_03.jpg
FRUITSFAMILY,10130233,ASICS,Asics,아식스 UB5-S 젤 님버스 9 블랙 건메탈 240 ,200000,280000,240,"아식스 UB5-S 젤 님버스 9 블랙 건메탈 240 

사이즈입니다. 사이즈 구하기 힘들어요 240 !사이즈이고,상태 좋습니다. 착용감 적고 깨끗하게 보관했어요",False,https://fruitsfamily.com/product/614jd/%EC%95%84%EC%8B%9D%EC%8A%A4-ub5-s-%EC%A0%A4-%EB%8B%98%EB%B2%84%EC%8A%A4-9-%EB%B8%94%EB%9E%99-%EA%B1%B4%EB%A9%94%ED%83%88-240,2026-08-04,https://image.production.fruitsfamily.com/public/product/resized%40width620/6YMZRMai5-f2e876a47099.jpg|https://image.production.fruitsfamily.com/public/product/resized%40width620/7hNMyN118e-e542b067558c.jpg|https://image.production.fruitsfamily.com/public/product/resized%40width620/1CrtHOPF0t-bf79c5b4af25.jpg,data/images/asics/10130233_01.jpg|data/images/asics/10130233_02.jpg|data/images/asics/10130233_03.jpg
FRUITSFAMILY,10359582,Dr. Martens,Dr. Martens,닥터마틴 1461 3홀 페일 블루 (uk3/220~225),60000,,220,"* 컨디션 : 8/10
* 사이즈 Uk3으로 220신으시면 적당히 여유있을듯하며 225는 정사이즈에 가까울것 같습니다!",False,https://fruitsfamily.com/product/661i6/%EB%8B%A5%ED%84%B0%EB%A7%88%ED%8B%B4-1461-3%ED%99%80-%ED%8E%98%EC%9D%BC-%EB%B8%94%EB%A3%A8-uk3-220-225,2026-08-04,https://image.production.fruitsfamily.com/public/product/resized%40width620/bQcMuYzLW-8c03be86c0f7.jpg|https://image.production.fruitsfamily.com/public/product/resized%40width620/wBb0bJ4Rxo-9f5de26613be.jpg|https://image.production.fruitsfamily.com/public/product/resized%40width620/5UMVUIdLKi-faffde9726a4.jpg|https://image.production.fruitsfamily.com/public/product/resized%40width620/z50wirvuwa-ec9d7db8b8e5.jpg|https://image.production.fruitsfamily.com/public/product/resized%40width620/1S85che4Ta-7fa5babc9372.jpg|https://image.production.fruitsfamily.com/public/product/resized%40width620/dNeJ8cf1e5-fbd2fd17a8ee.jpg|https://image.production.fruitsfamily.com/public/product/resized%40width620/FEMLCZpdlp-3ff589cd5241.jpg|https://image.production.fruitsfamily.com/public/product/resized%40width620/7V58qcwiQ_-029f42947cb4.jpg|https://image.production.fruitsfamily.com/public/product/resized%40width620/WlYHEzCswS-19bcb8bac989.jpg|https://image.production.fruitsfamily.com/public/product/resized%40width620/eiytHXcAD2-75ab33909468.jpg,data/images/dr_martens/10359582_01.jpg|data/images/dr_martens/10359582_02.jpg|data/images/dr_martens/10359582_03.jpg
FRUITSFAMILY,10189269,Dr. Martens,Dr. Martens,닥터마틴 1461 크레이지 홀스 uk6 250~260,185000,190000,250,"닥터마틴 중에 요즘 진짜 인기많은 모델인 크레이지 홀스입니다

구성품 박스 정품보증서 택 다 보유중입니다

상태 사진보시다시피 밑창도 굉장히 깔끔한상태이고 상태 매우좋습니다

사이즈 uk6으로 닥마 특성상 좀 크게나와 250~260 
추천드립니다",False,https://fruitsfamily.com/product/62e39/%EB%8B%A5%ED%84%B0%EB%A7%88%ED%8B%B4-1461-%ED%81%AC%EB%A0%88%EC%9D%B4%EC%A7%80-%ED%99%80%EC%8A%A4-uk6-250-260,2026-08-04,https://image.production.fruitsfamily.com/public/product/resized%40width620/inmLcQZKK-a8b0bea92c8c.jpg|https://image.production.fruitsfamily.com/public/product/resized%40width620/l88GZaCgym-01f52d25fb68.jpg|https://image.production.fruitsfamily.com/public/product/resized%40width620/9NFmsemWD0-fed993e4a8ac.jpg|https://image.production.fruitsfamily.com/public/product/resized%40width620/rNxAbVYNDw-d54a06d4b589.jpg,data/images/dr_martens/10189269_01.jpg|data/images/dr_martens/10189269_02.jpg|data/images/dr_martens/10189269_03.jpg
FRUITSFAMILY,7072735,Dr. Martens,Dr. Martens,닥터마틴 2975 레오노어 퍼 첼시부츠,97000,,230,"Brand
Dr. Martens (닥터마틴)

Model
2976 Leonore Faux Fur Lined Chelsea Boots (레오노어 첼시 부츠)

Material
Atlas Leather / Faux Fur Lining (천연 가죽 및 인조 퍼 안감)

Color
Black (블랙)

Size
UK 4 / EU 37 / 230mm

Condition
전체적으로 가죽의 상태가 양호하며, 닥터마틴 특유의 견고한 실루엣이 잘 유지되어 있습니다. 발등 부위의 자연스러운 주름 외에 큰 데미지는 없으며, 아웃솔(굽) 마모 역시 적은 편입니다.

Shipping
배송비 3,000원
(제주·도서산간 +3,000원)

Policy
교환·반품 불가
중고 특성상 상세 사진 확인 후 구매 부탁드립니다.

#닥터마틴 #2976 #레오노어 #첼시부츠 #겨울부츠 #230사이즈 #닥마첼시 #털부츠",False,https://fruitsfamily.com/product/47lcv/%EB%8B%A5%ED%84%B0%EB%A7%88%ED%8B%B4-2975-%EB%A0%88%EC%98%A4%EB%85%B8%EC%96%B4-%ED%8D%BC-%EC%B2%BC%EC%8B%9C%EB%B6%80%EC%B8%A0,2026-08-04,https://image.production.fruitsfamily.com/public/product/resized%40width620/E9-re07e5s-45217DB0-437E-4D75-A8DE-690043F1D143.jpg|https://image.production.fruitsfamily.com/public/product/resized%40width620/f844WUjZDc-87F640D7-113C-4031-9C02-BFAECAF69E19.jpg|https://image.production.fruitsfamily.com/public/product/resized%40width620/YyLo5JpLBI-3EC0982B-509E-48E3-8EBA-26FE8C08E5DE.jpg|https://image.production.fruitsfamily.com/public/product/resized%40width620/w-ZQ8pXUZ0-CCD339AE-4F06-4250-8F41-897C37026BAD.jpg|https://image.production.fruitsfamily.com/public/product/resized%40width620/LQNDerGi2O-E6FA4854-DDD2-4B97-8105-5E67617D76FD.jpg|https://image.production.fruitsfamily.com/public/product/resized%40width620/AAv0wrXEBB-729D1FA2-D2EC-46C0-B66C-454B960499AA.jpg,data/images/dr_martens/7072735_01.jpg|data/images/dr_martens/7072735_02.jpg|data/images/dr_martens/7072735_03.jpg
FRUITSFAMILY,9727558,Dr. Martens,Dr. Martens,닥터마틴 1460 파스칼 벡스,108000,120000,240,"상태 : a+

색상 : 블랙

제품명 : 닥터마틴 1460 pascal bex

사이즈 : EU38 / 한국사이즈 240mm 정도

구매처 : 용산아이파크몰

*결제 전 궁금한 사항이 있으면 연락 주세요
*개인 거래 특성상 환불 불가합니다
*자체할인 외 네고 안받습니다

가품시 환불 도와드립니다!",False,https://fruitsfamily.com/product/5shty/%EB%8B%A5%ED%84%B0%EB%A7%88%ED%8B%B4-1460-%ED%8C%8C%EC%8A%A4%EC%B9%BC-%EB%B2%A1%EC%8A%A4,2026-08-04,https://image.production.fruitsfamily.com/public/product/resized%40width620/wD-ecU98z-4d5c07fe37f7.jpg|https://image.production.fruitsfamily.com/public/product/resized%40width620/SIPUQh4z3T-ca6182974e14.jpg|https://image.production.fruitsfamily.com/public/product/resized%40width620/Umc1YYEzY6-16582e0d3af9.jpg|https://image.production.fruitsfamily.com/public/product/resized%40width620/MyGNiJUvAr-d5be113dc444.jpg|https://image.production.fruitsfamily.com/public/product/resized%40width620/Sw2-sUobd--32e1a92e79da.jpg|https://image.production.fruitsfamily.com/public/product/resized%40width620/iVEY6tQ4Qj-da415b6f68db.jpg,data/images/dr_martens/9727558_01.jpg|data/images/dr_martens/9727558_02.jpg|data/images/dr_martens/9727558_03.jpg
FRUITSFAMILY,8556549,Dr. Martens,Dr. Martens,[250]닥터마틴 로웰,165000,175000,250,"팀버 보트 슈즈 사려다가 닥마 좋아해서 샀는데
갬성이 아예 달라서 그런가
손이 안가네요..
26년 2월 말에 구매하고 2번 신었습니다",False,https://fruitsfamily.com/product/53e9x/250-%EB%8B%A5%ED%84%B0%EB%A7%88%ED%8B%B4-%EB%A1%9C%EC%9B%B0,2026-08-04,https://image.production.fruitsfamily.com/public/product/resized%40width620/lImTOJh7WV-A9D21F94-9D5D-43A5-977F-C00A01E3D9FE.jpg|https://image.production.fruitsfamily.com/public/product/resized%40width620/6PGozWldOD-98E00DA3-8CB5-43CA-A45A-AF009B9113C2.jpg|https://image.production.fruitsfamily.com/public/product/resized%40width620/DBrOqtNb44-9B6B480B-326E-4C82-AB3D-E529EBEE5F43.jpg|https://image.production.fruitsfamily.com/public/product/resized%40width620/6p3AuO89O1-36E14AF0-72C4-4CA4-93B6-C0687388AE76.jpg|https://image.production.fruitsfamily.com/public/product/resized%40width620/UlIE1tAYp2-981313CC-D145-4121-AB92-3523072DC7C9.jpg|https://image.production.fruitsfamily.com/public/product/resized%40width620/iZqGMB_31Q-437DA6DD-EC50-4894-9208-25A3D38EDDD7.jpg|https://image.production.fruitsfamily.com/public/product/resized%40width620/NCHF7EQR11-588A3C6F-76D1-4B00-8D44-9E5C9A12305D.jpg|https://image.production.fruitsfamily.com/public/product/resized%40width620/O-chbki5y-2BD782EC-891F-4B88-9220-4D38B33A4C3D.jpg|https://image.production.fruitsfamily.com/public/product/resized%40width620/_BW8dvG_CN-10C89488-CBD1-4AC0-8879-114B99F6B3E1.jpg|https://image.production.fruitsfamily.com/public/product/resized%40width620/r5fpMWmoSc-85CECF00-9060-4313-BCAC-4EABE7A0BDBC.jpg,data/images/dr_martens/8556549_01.jpg|data/images/dr_martens/8556549_02.jpg|data/images/dr_martens/8556549_03.jpg
FRUITSFAMILY,9258358,Dr. Martens,Dr. Martens,닥터마틴 1461 스무스 UK3,125000,200000,220,"닥터마틴 스무스 (유광) UK3(220사이즈)

3회정도 착용후 보관중
컨디션은 주름진것 빼고는 아주 좋은 상태입니다
실사 첨부해두었으니 확인해주세요

평소 225사이즈 신는데 큰것같아요
이외 사이즈 문의는 안받습니다.",False,https://fruitsfamily.com/product/5ifsm/%EB%8B%A5%ED%84%B0%EB%A7%88%ED%8B%B4-1461-%EC%8A%A4%EB%AC%B4%EC%8A%A4-uk3,2026-08-04,https://image.production.fruitsfamily.com/public/product/resized%40width620/ej7RNNE3b-0df057896594.jpg|https://image.production.fruitsfamily.com/public/product/resized%40width620/b4OzGayN3p-b00e3146fe84.jpg|https://image.production.fruitsfamily.com/public/product/resized%40width620/BlAL8mQQjg-619a0656f73b.jpg|https://image.production.fruitsfamily.com/public/product/resized%40width620/5MBM2HBu3w-b7b7be835236.jpg|https://image.production.fruitsfamily.com/public/product/resized%40width620/o7Mklp5y1p-701f7abc4074.jpg|https://image.production.fruitsfamily.com/public/product/resized%40width620/tPPrQ39SBM-9066958242ea.jpg|https://image.production.fruitsfamily.com/public/product/resized%40width620/o-4a1kH6yN-6e48f83893b3.jpg,data/images/dr_martens/9258358_01.jpg|data/images/dr_martens/9258358_02.jpg|data/images/dr_martens/9258358_03.jpg
FRUITSFAMILY,10283588,Dr. Martens,Dr. Martens,닥터마틴 3홀 3989 블랙 화이트 브로그 윙팁 EU38 UK5,95000,,245,"Dr. Martens 3989 Brogue Black/White 입니다.

닥터마틴 브로그 윙팁  블랙화이트 투톤 모델입니다. 
3989는 1960년대부터 이어져 온 
닥터마틴의 대표 브로그 라인으로, 
현재도 아카이브와 리이슈로 
꾸준히 사랑받는 모델입니다. 

• 사이즈 

UK5 / EU38 / US M 6 / US L  7
공식 표기상 240mm이며, 발볼과 착화감에 따라 240~245 착용자에게 맞을 수 있습니다. 

• 상태

* 가죽 컨디션 양호 A급
* 밑창 마모  없음 (왼쪽 위편 검정 자국 있음)
* 전체적인 형태 유지
* 박스 없음 (신발 단품)

사진으로 상태 확인 부탁드립니다.

빈티지 특성상 미세한 사용감은 있으나 
착용에는 전혀 문제없습니다.

택배 가능 / 반값택배 가능
교환 및 환불은 어렵습니다.",False,https://fruitsfamily.com/product/64ev8/%EB%8B%A5%ED%84%B0%EB%A7%88%ED%8B%B4-3%ED%99%80-3989-%EB%B8%94%EB%9E%99-%ED%99%94%EC%9D%B4%ED%8A%B8-%EB%B8%8C%EB%A1%9C%EA%B7%B8-%EC%9C%99%ED%8C%81-eu38-uk5,2026-08-04,https://image.production.fruitsfamily.com/public/product/resized%40width620/Ho8ygG_u1-6477a20eeabb.jpg|https://image.production.fruitsfamily.com/public/product/resized%40width620/CjU2RTZWWO-395525c6516d.jpg|https://image.production.fruitsfamily.com/public/product/resized%40width620/L-iXwYFsSI-fe97a54de722.jpg|https://image.production.fruitsfamily.com/public/product/resized%40width620/FqqxiDtXUO-f05e871e6ba9.jpg|https://image.production.fruitsfamily.com/public/product/resized%40width620/KC75WucyEF-f8d53206979e.jpg|https://image.production.fruitsfamily.com/public/product/resized%40width620/VNl6UXhCHh-16cdaf5b857b.jpg,data/images/dr_martens/10283588_01.jpg|data/images/dr_martens/10283588_02.jpg|data/images/dr_martens/10283588_03.jpg
FRUITSFAMILY,9938961,Dr. Martens,Dr. Martens,[새상품] 닥터마틴 1461 크레이지 홀스 다크브라운 280,185000,188000,280,"안녕하세요 😊
제 상점에 방문해주셔서 감사합니다!

관심 있으셔서 들어오신 거라면 잘 찾아오셨습니다 👍
해당 상품은 100% 정품이며, 만약 정품이 아닐 경우 전액 환불해드립니다.
(단순 변심으로 인한 환불은 어려운 점 양해 부탁드립니다.)

새상품이라 신발 박스와 택 모두 그대로 드립니다.
선물용으로 추천드립니다 !-! 
(시착도 안한 완전 새상품입니다)

270 UK8
280 UK9

좋은 매물은 빨리 나가요 😊
고민되신다면 먼저 연락 주세요!

택배는 2일안으로 도착합니다 ~ 택배비도 제가 부담!

바로구매는 XXX",False,https://fruitsfamily.com/product/5x0y9/%EC%83%88%EC%83%81%ED%92%88-%EB%8B%A5%ED%84%B0%EB%A7%88%ED%8B%B4-1461-%ED%81%AC%EB%A0%88%EC%9D%B4%EC%A7%80-%ED%99%80%EC%8A%A4-%EB%8B%A4%ED%81%AC%EB%B8%8C%EB%9D%BC%EC%9A%B4-280,2026-08-04,https://image.production.fruitsfamily.com/public/product/resized%40width620/ET2gs8CFt-43e452f967b5.jpg|https://image.production.fruitsfamily.com/public/product/resized%40width620/V2SNR38yCG-d849f0e597ae.jpg|https://image.production.fruitsfamily.com/public/product/resized%40width620/GhGDeoF_s6-66cae1339192.jpg,data/images/dr_martens/9938961_01.jpg|data/images/dr_martens/9938961_02.jpg|data/images/dr_martens/9938961_03.jpg
FRUITSFAMILY,10234453,Dr. Martens,Dr. Martens,닥터마틴 1461 3홀 빈티지 브라운 290,150300,167000,290,"닥터마틴 1461 3홀 더비 슈즈 빈티지 브라운 290mm  판매해요 !
지금 무신사에선 재고가 없어 구하기 어렵습니다 
실착은 몇번 없어서 사진에서 보이는 것처럼 깔끔한 상태를 유지하고 있어요 
뒷꿈치 보호 테이프 필요하시면 3천원 추가해서 챙겨드릴게요",False,https://fruitsfamily.com/product/63cyd/%EB%8B%A5%ED%84%B0%EB%A7%88%ED%8B%B4-1461-3%ED%99%80-%EB%B9%88%ED%8B%B0%EC%A7%80-%EB%B8%8C%EB%9D%BC%EC%9A%B4-290,2026-08-04,https://image.production.fruitsfamily.com/public/product/resized%40width620/VMkelo6xX-7d8cb7532e21.jpg|https://image.production.fruitsfamily.com/public/product/resized%40width620/UGrqk13LM3-8ea4491cfb38.jpg|https://image.production.fruitsfamily.com/public/product/resized%40width620/aUqoj6PHij-ff198465b82e.jpg|https://image.production.fruitsfamily.com/public/product/resized%40width620/nd4NFlGYGP-0fd08663dbb8.jpg|https://image.production.fruitsfamily.com/public/product/resized%40width620/DH__DPReJc-e177756f9bf8.jpg|https://image.production.fruitsfamily.com/public/product/resized%40width620/j4lIcsNuhT-46874d277908.jpg,data/images/dr_martens/10234453_01.jpg|data/images/dr_martens/10234453_02.jpg|data/images/dr_martens/10234453_03.jpg
FRUITSFAMILY,10260263,Dr. Martens,Dr. Martens,[280] 닥터마틴 1461 42사이즈,140000,,280,"닥터마틴 42사이즈

상태좋습니다

신발 단품입니다. 상자x",False,https://fruitsfamily.com/product/63wvb/280-%EB%8B%A5%ED%84%B0%EB%A7%88%ED%8B%B4-1461-42%EC%82%AC%EC%9D%B4%EC%A6%88,2026-08-04,https://image.production.fruitsfamily.com/public/product/resized%40width620/PiqsGe24F-578d6befb091.jpg|https://image.production.fruitsfamily.com/public/product/resized%40width620/R2m3Kllm3-12a12552ef17.jpg|https://image.production.fruitsfamily.com/public/product/resized%40width620/cwzQO09jBE-ad9c75a33c3a.jpg|https://image.production.fruitsfamily.com/public/product/resized%40width620/Ip-mbuXloX-a9ed92cba5c7.jpg|https://image.production.fruitsfamily.com/public/product/resized%40width620/epyTFe0fkS-5270f01a8c6f.jpg|https://image.production.fruitsfamily.com/public/product/resized%40width620/72Mc0v-ukQ-ab5b42f468a9.jpg,data/images/dr_martens/10260263_01.jpg|data/images/dr_martens/10260263_02.jpg|data/images/dr_martens/10260263_03.jpg
FRUITSFAMILY,10104882,Dr. Martens,Dr. Martens,닥터마틴 하레마 첼시부츠 uk9,120000,,280,"닥터마틴 하레마 첼시부츠 uk9 사이즈 판매합니다. 구매 후 몇 번 신지 않아 상태 좋습니다. 빈티지한 느낌의 브라운 색상으로 어떤 옷에도 잘 어울립니다. 구매 원하시면 바로 안전결제 해주시면 됩니다!

추가로 필요한사진 요청하시면 보내드릴게요.

*예민하신분은 제발 지나가 주세요~
*중고 물품 특성상 교환, 환불 불가합니다. 
*사진 신중히 확인하시고 구매 부탁드립니다.",False,https://fruitsfamily.com/product/60kz6/%EB%8B%A5%ED%84%B0%EB%A7%88%ED%8B%B4-%ED%95%98%EB%A0%88%EB%A7%88-%EC%B2%BC%EC%8B%9C%EB%B6%80%EC%B8%A0-uk9,2026-08-04,https://image.production.fruitsfamily.com/public/product/resized%40width620/e6tQ2ZRiv-4899c99b8b01.jpg|https://image.production.fruitsfamily.com/public/product/resized%40width620/YIKPtj-YME-d1e4cdcec3be.jpg|https://image.production.fruitsfamily.com/public/product/resized%40width620/L6rUaqQqXm-f09e3f769265.jpg|https://image.production.fruitsfamily.com/public/product/resized%40width620/PY0y0d5XVi-2fbe191eaeed.jpg|https://image.production.fruitsfamily.com/public/product/resized%40width620/9sUgp3H0E5-ab3ec16ab503.jpg|https://image.production.fruitsfamily.com/public/product/resized%40width620/VR2eG7rgyD-8bd88ad87851.jpg,data/images/dr_martens/10104882_01.jpg|data/images/dr_martens/10104882_02.jpg|data/images/dr_martens/10104882_03.jpg
FRUITSFAMILY,8436934,Dr. Martens,Dr. Martens,닥터마틴 와코마리아 1461 uk6.5 255,360000,420000,255,"닥터마틴 와코마리아 1461 로퍼

상태 좋습니다
UK6.5 
255size",False,https://fruitsfamily.com/product/50tza/%EB%8B%A5%ED%84%B0%EB%A7%88%ED%8B%B4-%EC%99%80%EC%BD%94%EB%A7%88%EB%A6%AC%EC%95%84-1461-uk6-5-255,2026-08-04,https://image.production.fruitsfamily.com/public/product/resized%40width620/w9j9SSAlYq-B62F0CCE-B342-4347-AEBD-DF58BD9F01A4.jpg|https://image.production.fruitsfamily.com/public/product/resized%40width620/RAahYyB8Jq-625B6489-437F-41A1-BCC2-40AD5F2A6D52.jpg|https://image.production.fruitsfamily.com/public/product/resized%40width620/H7UM2Owyt7-1FC8DD62-D391-41B0-B519-BE03E4E86544.jpg|https://image.production.fruitsfamily.com/public/product/resized%40width620/6YoQ0eurJP-AEDB4F02-D981-401B-83F7-3C18E4576B55.jpg,data/images/dr_martens/8436934_01.jpg|data/images/dr_martens/8436934_02.jpg|data/images/dr_martens/8436934_03.jpg
FRUITSFAMILY,10247957,Dr. Martens,Dr. Martens,닥터마틴 1461 나파 워커 uk6(250),108000,120000,250,"닥터마틴 1461 나파 워커 uk6(250) 입니다. 
남여공용으로 신을  수 있고 상태는 사진으로 보시다시피 정말 정말 좋습니다 . 
특이사항 없으시면 결제해주시면 감사하겠습니다^^
반품 환불 x",False,https://fruitsfamily.com/product/63ndh/%EB%8B%A5%ED%84%B0%EB%A7%88%ED%8B%B4-1461-%EB%82%98%ED%8C%8C-%EC%9B%8C%EC%BB%A4-uk6-250,2026-08-04,https://image.production.fruitsfamily.com/public/product/resized%40width620/9fopKKKYh-32a7682f49b1.jpg|https://image.production.fruitsfamily.com/public/product/resized%40width620/KxTomensTm-9f382f991892.jpg|https://image.production.fruitsfamily.com/public/product/resized%40width620/UdA350d2au-47cb1df340d7.jpg|https://image.production.fruitsfamily.com/public/product/resized%40width620/1EA8gd6cou-252a6f628ea5.jpg|https://image.production.fruitsfamily.com/public/product/resized%40width620/5dCc7WFota-77ebb63e94ba.jpg|https://image.production.fruitsfamily.com/public/product/resized%40width620/oGglMLr0y0-2375489f4f8e.jpg|https://image.production.fruitsfamily.com/public/product/resized%40width620/ApjcOWF1HZ-f17c491a3551.jpg,data/images/dr_martens/10247957_01.jpg|data/images/dr_martens/10247957_02.jpg|data/images/dr_martens/10247957_03.jpg
FRUITSFAMILY,10291389,Dr. Martens,Dr. Martens,닥터마틴 엠베서더 1461 280,135000,,280,"발볼 문제때문에 판매합니다
실착 10회 미만입니다

2026년 2월에 구매했습니다

대부분 근처 마실나갈때 신어서 큰 데미지 없습니다
뒷굽에 패드 붙여져 있습니다
평시 솔질 자주 하고, 슈케어 한번정도 간단하게 진행했습니다

발송 전 원하신다면 간단한 케어와 내피 부분 소독해드리겠습니다

가죽 특성상 주름이 금방 지는 편입니다.
정당한 이유 없는 환불은 사양합니다",False,https://fruitsfamily.com/product/64kvx/%EB%8B%A5%ED%84%B0%EB%A7%88%ED%8B%B4-%EC%97%A0%EB%B2%A0%EC%84%9C%EB%8D%94-1461-280,2026-08-04,https://image.production.fruitsfamily.com/public/product/resized%40width620/xJLnlvnAg-826c6e65deef.jpg|https://image.production.fruitsfamily.com/public/product/resized%40width620/MIvjBMy19W-3871dd98db54.jpg|https://image.production.fruitsfamily.com/public/product/resized%40width620/WVgaZT1jwk-3a77c52349f8.jpg|https://image.production.fruitsfamily.com/public/product/resized%40width620/20cPDAJjfl-e369d14c3f33.jpg|https://image.production.fruitsfamily.com/public/product/resized%40width620/-_BaSxPoZC-5d746e683075.jpg|https://image.production.fruitsfamily.com/public/product/resized%40width620/vSmLhL-emo-7ee404d06941.jpg|https://image.production.fruitsfamily.com/public/product/resized%40width620/i7HBz3f251-7dd005ba815b.jpg,data/images/dr_martens/10291389_01.jpg|data/images/dr_martens/10291389_02.jpg|data/images/dr_martens/10291389_03.jpg
FRUITSFAMILY,10267028,Dr. Martens,Dr. Martens,닥터마틴 1490 10홀 uk 10,100000,150000,290,"스무스레더 10홀 부츠 

uk 10 사이즈 
290-300

사용감 있는 상태로 주름 및 크랙 현상 존재

신발 단품

할인 어려운점 양해 부탁드립니다.",False,https://fruitsfamily.com/product/64238/%EB%8B%A5%ED%84%B0%EB%A7%88%ED%8B%B4-1490-10%ED%99%80-uk-10,2026-08-04,https://image.production.fruitsfamily.com/public/product/resized%40width620/ambvqpyC3-efde6b51fb4f.jpg|https://image.production.fruitsfamily.com/public/product/resized%40width620/RNP0e2ThpE-bd96fea7225c.jpg|https://image.production.fruitsfamily.com/public/product/resized%40width620/FVH46wt0gx-ee25002654cf.jpg|https://image.production.fruitsfamily.com/public/product/resized%40width620/nZc7E9H0Gj-93651580c795.jpg|https://image.production.fruitsfamily.com/public/product/resized%40width620/N1btGRoECk-f8697271fb4e.jpg,data/images/dr_martens/10267028_01.jpg|data/images/dr_martens/10267028_02.jpg|data/images/dr_martens/10267028_03.jpg
FRUITSFAMILY,7464606,Dr. Martens,Dr. Martens,닥터마틴 아드리안 스내플 피치베이지 코드쿤스트 착용 uk4,180000,,230,"1회 착용 오염 하자 x
권장사이즈 230-235",False,https://fruitsfamily.com/product/4fzq6/%EB%8B%A5%ED%84%B0%EB%A7%88%ED%8B%B4-%EC%95%84%EB%93%9C%EB%A6%AC%EC%95%88-%EC%8A%A4%EB%82%B4%ED%94%8C-%ED%94%BC%EC%B9%98%EB%B2%A0%EC%9D%B4%EC%A7%80-%EC%BD%94%EB%93%9C%EC%BF%A4%EC%8A%A4%ED%8A%B8-%EC%B0%A9%EC%9A%A9-uk4,2026-08-04,https://image.production.fruitsfamily.com/public/product/resized%40width620/kkXxO732F8-269091D4-07FC-4689-9E3D-B324E0DC2007.jpg|https://image.production.fruitsfamily.com/public/product/resized%40width620/ss2Y91Lxta-E5A1A6E6-05D1-4C45-9095-3BDC4E474E5E.jpg|https://image.production.fruitsfamily.com/public/product/resized%40width620/R1flkXi_Rb-DE0E7324-9523-479D-84A6-DF293620A8CB.jpg|https://image.production.fruitsfamily.com/public/product/resized%40width620/aMjpgmu-1S-08DBEB31-27B8-46C0-85DB-F9A036F2125E.jpg|https://image.production.fruitsfamily.com/public/product/resized%40width620/uJvwqLqiw5-D1522ABE-6CB4-4228-9A43-B06BDB6A990F.jpg,data/images/dr_martens/7464606_01.jpg|data/images/dr_martens/7464606_02.jpg|data/images/dr_martens/7464606_03.jpg
FRUITSFAMILY,9679116,Dr. Martens,Dr. Martens,릭오웬스x닥터마틴1460DMXL레이스업부츠 290,450000,550000,290,"구매 후 실착 3번 한 거 같아요 
사이즈 290 
신발 단품",False,https://fruitsfamily.com/product/5rggc/%EB%A6%AD%EC%98%A4%EC%9B%AC%EC%8A%A4x%EB%8B%A5%ED%84%B0%EB%A7%88%ED%8B%B41460dmxl%EB%A0%88%EC%9D%B4%EC%8A%A4%EC%97%85%EB%B6%80%EC%B8%A0-290,2026-08-04,https://image.production.fruitsfamily.com/public/product/resized%40width620/T4rG6FVQi-1f8d39997ae8.jpg|https://image.production.fruitsfamily.com/public/product/resized%40width620/TE-D_TTIwZ-627e1aa5b3f6.jpg|https://image.production.fruitsfamily.com/public/product/resized%40width620/dOY-sIH7FP-494898820ada.jpg|https://image.production.fruitsfamily.com/public/product/resized%40width620/MKXStZkRbe-291baa647e90.jpg,data/images/dr_martens/9679116_01.jpg|data/images/dr_martens/9679116_02.jpg|data/images/dr_martens/9679116_03.jpg
FRUITSFAMILY,10342659,Dr. Martens,Dr. Martens,닥터마틴 1B60 버지니아 20홀 230,95000,,230,"사이즈 230
상태 좋은 편이고 착화감 편해요
사진 확인하시고 연락주세요!

택배비 +4500~5000(무게)",False,https://fruitsfamily.com/product/65og3/%EB%8B%A5%ED%84%B0%EB%A7%88%ED%8B%B4-1b60-%EB%B2%84%EC%A7%80%EB%8B%88%EC%95%84-20%ED%99%80-230,2026-08-04,https://image.production.fruitsfamily.com/public/product/resized%40width620/nKxh9ZA4w-3c326232cc2c.jpg|https://image.production.fruitsfamily.com/public/product/resized%40width620/GSeOeMKYp8-d8c9aaf0112e.jpg|https://image.production.fruitsfamily.com/public/product/resized%40width620/vQo0leNb8D-1bc6d738ad96.jpg,data/images/dr_martens/10342659_01.jpg|data/images/dr_martens/10342659_02.jpg|data/images/dr_martens/10342659_03.jpg
FRUITSFAMILY,10343244,Dr. Martens,Dr. Martens,닥터마틴 2976 모노 첼시부츠,70000,90000,270,"사이즈 미스로 몇번 못 신고 판매합니다
상태 좋습니다",False,https://fruitsfamily.com/product/65owc/%EB%8B%A5%ED%84%B0%EB%A7%88%ED%8B%B4-2976-%EB%AA%A8%EB%85%B8-%EC%B2%BC%EC%8B%9C%EB%B6%80%EC%B8%A0,2026-08-04,https://image.production.fruitsfamily.com/public/product/resized%40width620/lcRJ2sWKu-982edbef9a21.jpg|https://image.production.fruitsfamily.com/public/product/resized%40width620/XFpjt1Gpl5-09daf8203ebe.jpg|https://image.production.fruitsfamily.com/public/product/resized%40width620/lP1B0HlQli-4302087d3634.jpg|https://image.production.fruitsfamily.com/public/product/resized%40width620/NEXrvTefXP-f1e75dc57891.jpg|https://image.production.fruitsfamily.com/public/product/resized%40width620/F9M3WXq9D2-bbc6ea439507.jpg|https://image.production.fruitsfamily.com/public/product/resized%40width620/YfCd2cVYYv-fc86e6e3d330.jpg|https://image.production.fruitsfamily.com/public/product/resized%40width620/FCH44e_tS0-5d468bd3feac.jpg,data/images/dr_martens/10343244_01.jpg|data/images/dr_martens/10343244_02.jpg|data/images/dr_martens/10343244_03.jpg
FRUITSFAMILY,10388970,Dr. Martens,Dr. Martens,닥터마틴 1461  벡스,120000,,250,"3회 단시간 실착
상태 좋습니다 직거래가능합니다",False,https://fruitsfamily.com/product/66o6i/%EB%8B%A5%ED%84%B0%EB%A7%88%ED%8B%B4-1461-%EB%B2%A1%EC%8A%A4,2026-08-04,https://image.production.fruitsfamily.com/public/product/resized%40width620/Kf2Ysfi24-d8ad42e8a8e8.jpg|https://image.production.fruitsfamily.com/public/product/resized%40width620/Gb3CWrvj0z-d91dec1e1b21.jpg|https://image.production.fruitsfamily.com/public/product/resized%40width620/NVLhuvfTol-170235d27789.jpg|https://image.production.fruitsfamily.com/public/product/resized%40width620/Dj4S-e4o1n-8cf316914d11.jpg|https://image.production.fruitsfamily.com/public/product/resized%40width620/RkpiYojcjj-fe6ff41fc978.jpg|https://image.production.fruitsfamily.com/public/product/resized%40width620/c9-ksJdbfA-1bbf378aaf5b.jpg,data/images/dr_martens/10388970_01.jpg|data/images/dr_martens/10388970_02.jpg|data/images/dr_martens/10388970_03.jpg
FRUITSFAMILY,10303404,Salomon,SALOMON,살로몬 XT-패스웨이 2 블랙 260,170000,,260,"전체적으로 사용감 다수 존재합니다
자세한 사용감은 사진 확인 부탁드려요
세탁 완료한 상태입니다",False,https://fruitsfamily.com/product/64u5o/%EC%82%B4%EB%A1%9C%EB%AA%AC-xt-%ED%8C%A8%EC%8A%A4%EC%9B%A8%EC%9D%B4-2-%EB%B8%94%EB%9E%99-260,2026-08-04,https://image.production.fruitsfamily.com/public/product/resized%40width620/lUNz_pMKf-51686ab5a4c2.jpg|https://image.production.fruitsfamily.com/public/product/resized%40width620/NHgN2QG4bm-f37d29c9b48d.jpg|https://image.production.fruitsfamily.com/public/product/resized%40width620/GfkTkLaihA-28a717859eec.jpg|https://image.production.fruitsfamily.com/public/product/resized%40width620/jsbXBls3Ax-bbe9d169aa87.jpg|https://image.production.fruitsfamily.com/public/product/resized%40width620/K4NUwWforc-5b36843b36ff.jpg|https://image.production.fruitsfamily.com/public/product/resized%40width620/WBmIGW4ir5-abe68c058c53.jpg,data/images/salomon/10303404_01.jpg|data/images/salomon/10303404_02.jpg|data/images/salomon/10303404_03.jpg
FRUITSFAMILY,8481635,Salomon,SALOMON,살로몬 XT-퀘스트 255,210000,250000,255,구매 후 실착 5회 정도이고 세탁까지 완료한 상태입니다!,False,https://fruitsfamily.com/product/51sgz/%EC%82%B4%EB%A1%9C%EB%AA%AC-xt-%ED%80%98%EC%8A%A4%ED%8A%B8-255,2026-08-04,https://image.production.fruitsfamily.com/public/product/resized%40width620/qF3YzAg1lA-3BE3708B-D578-4C84-B2AD-FD34D193513F.jpg|https://image.production.fruitsfamily.com/public/product/resized%40width620/eVHb7cA_Sl-4BC5EF20-3FF6-4988-9FA5-F492E9969412.jpg,data/images/salomon/8481635_01.jpg|data/images/salomon/8481635_02.jpg
FRUITSFAMILY,9023655,Salomon,SALOMON,(270)살로몬 XA 포스 정글 코요테 브라운 거의 새상품,320000,,270,"리에르와의 협업으로 유명한 모델 살로몬 XA 포스 정글 모델 270사이즈 코요테 브라운 색상입니다.

실내에서 시착 한번한 거의 새상품이며 모든 방향에서 촬영한 사진 참고부탁드립니다.

구성품은 택포함 신발 단품입니다.

편하게 문의주세요!",False,https://fruitsfamily.com/product/5dep3/270-%EC%82%B4%EB%A1%9C%EB%AA%AC-xa-%ED%8F%AC%EC%8A%A4-%EC%A0%95%EA%B8%80-%EC%BD%94%EC%9A%94%ED%85%8C-%EB%B8%8C%EB%9D%BC%EC%9A%B4-%EA%B1%B0%EC%9D%98-%EC%83%88%EC%83%81%ED%92%88,2026-08-04,https://image.production.fruitsfamily.com/public/product/resized%40width620/aJ-ZxgEEH-cf14c8aa4e24.jpg|https://image.production.fruitsfamily.com/public/product/resized%40width620/YiCNU8-uE-37b58d1a9365.jpg|https://image.production.fruitsfamily.com/public/product/resized%40width620/cggif47fwv-1e8b4d2f26a2.jpg|https://image.production.fruitsfamily.com/public/product/resized%40width620/soiiF-LzuQ-f05ecbae7a14.jpg|https://image.production.fruitsfamily.com/public/product/resized%40width620/hOQWAYqLOv-7950bcce0e1e.jpg|https://image.production.fruitsfamily.com/public/product/resized%40width620/PajgqGXzv2-abb0a7eea659.jpg|https://image.production.fruitsfamily.com/public/product/resized%40width620/vP2Fp6DhYN-705e1686bbd6.jpg|https://image.production.fruitsfamily.com/public/product/resized%40width620/fB1lxv3s2Z-fcbee9284aa2.jpg|https://image.production.fruitsfamily.com/public/product/resized%40width620/_rNm_q_Fe-2775e16811a0.jpg|https://image.production.fruitsfamily.com/public/product/resized%40width620/bJZC-lc_c-76498ac1acd9.jpg,data/images/salomon/9023655_01.jpg|data/images/salomon/9023655_02.jpg|data/images/salomon/9023655_03.jpg
FRUITSFAMILY,10375104,Salomon,SALOMON,살로몬 xt-6 유나이티드 애로우즈 별주브라운,220000,,265,"도쿄 유나이티드 애로우즈에서 산 살로몬 별주 모델입니다
8,8.5 두 개 샀는데 8.5는 커서 판매해요

구성품 모두 보유중

마지막 사진에 잘못해서 실밥 뜯은거 말고는 하자 없어요

브라운 컬러 중에 제일 예쁘다고 생각합니다. 어디든 다 잘어울려요",False,https://fruitsfamily.com/product/66dhc/%EC%82%B4%EB%A1%9C%EB%AA%AC-xt-6-%EC%9C%A0%EB%82%98%EC%9D%B4%ED%8B%B0%EB%93%9C-%EC%95%A0%EB%A1%9C%EC%9A%B0%EC%A6%88-%EB%B3%84%EC%A3%BC%EB%B8%8C%EB%9D%BC%EC%9A%B4,2026-08-04,https://image.production.fruitsfamily.com/public/product/resized%40width620/a55aFhOlgu-7934c410a89f.jpg|https://image.production.fruitsfamily.com/public/product/resized%40width620/z77X-oHP--2c65ae5ae2a8.jpg|https://image.production.fruitsfamily.com/public/product/resized%40width620/hTeEjijMY7-a9f373bda081.jpg|https://image.production.fruitsfamily.com/public/product/resized%40width620/7kdL49HFK9-1679b9288a31.jpg|https://image.production.fruitsfamily.com/public/product/resized%40width620/adUmIbRQ4k-5414bbf26650.jpg|https://image.production.fruitsfamily.com/public/product/resized%40width620/UrOiYm8Ha-30bdfbc57959.jpg,data/images/salomon/10375104_01.jpg|data/images/salomon/10375104_02.jpg|data/images/salomon/10375104_03.jpg
FRUITSFAMILY,10397678,Salomon,SALOMON,살로몬 리에르 xa 미드 아흐질 270,450000,470000,270,"3번 신었습니다. 상태 매우 좋아요

박스는 버렸습니다.",False,https://fruitsfamily.com/product/66uwe/%EC%82%B4%EB%A1%9C%EB%AA%AC-%EB%A6%AC%EC%97%90%EB%A5%B4-xa-%EB%AF%B8%EB%93%9C-%EC%95%84%ED%9D%90%EC%A7%88-270,2026-08-04,https://image.production.fruitsfamily.com/public/product/resized%40width620/hqkPfgEfF-2e6b26bca33f.jpg|https://image.production.fruitsfamily.com/public/product/resized%40width620/FKP6q8k8MJ-dd627dcdf2d0.jpg|https://image.production.fruitsfamily.com/public/product/resized%40width620/xNL8C5eeCm-0b53234dd13c.jpg,data/images/salomon/10397678_01.jpg|data/images/salomon/10397678_02.jpg|data/images/salomon/10397678_03.jpg
FRUITSFAMILY,9654757,Salomon,SALOMON,살로몬 꼼데가르송 펄사 280,550000,,280,"280사이즈 2회착
상품단품 크림에서 구매했습니다",False,https://fruitsfamily.com/product/5qxnp/%EC%82%B4%EB%A1%9C%EB%AA%AC-%EA%BC%BC%EB%8D%B0%EA%B0%80%EB%A5%B4%EC%86%A1-%ED%8E%84%EC%82%AC-280,2026-08-04,https://image.production.fruitsfamily.com/public/product/resized%40width620/AgKHGz1vs-d1ccdd01980c.jpg|https://image.production.fruitsfamily.com/public/product/resized%40width620/i7fh8eepdT-a0cbd9e05191.jpg|https://image.production.fruitsfamily.com/public/product/resized%40width620/M-z9EBCBkN-0322a6e7e171.jpg|https://image.production.fruitsfamily.com/public/product/resized%40width620/z67Ilkz_3M-0d13fba12bce.jpg,data/images/salomon/9654757_01.jpg|data/images/salomon/9654757_02.jpg|data/images/salomon/9654757_03.jpg
FRUITSFAMILY,10068847,Salomon,SALOMON,살로몬 XT-6 ADV 화이트 290 사이즈,147000,165000,290,"살로몬 XT-6 ADV 화이트
290 사이즈
신발 단품

상태: S급.(1회 반나절 정도 신었고 사이즈 미스로 보관만 했습니다.)",False,https://fruitsfamily.com/product/5zt67/%EC%82%B4%EB%A1%9C%EB%AA%AC-xt-6-adv-%ED%99%94%EC%9D%B4%ED%8A%B8-290-%EC%82%AC%EC%9D%B4%EC%A6%88,2026-08-04,https://image.production.fruitsfamily.com/public/product/resized%40width620/Kjj4bLoQr-dc05604395f1.jpg|https://image.production.fruitsfamily.com/public/product/resized%40width620/DQAM7NCLpD-a8a47062c903.jpg|https://image.production.fruitsfamily.com/public/product/resized%40width620/LA9tdstcYg-dfa56f5b3e38.jpg|https://image.production.fruitsfamily.com/public/product/resized%40width620/GnvUQt2d1Z-52a6a220aeda.jpg|https://image.production.fruitsfamily.com/public/product/resized%40width620/OsszurlcFH-a739252677fd.jpg|https://image.production.fruitsfamily.com/public/product/resized%40width620/EmUtEB_Kmc-07cd6b99b26e.jpg,data/images/salomon/10068847_01.jpg|data/images/salomon/10068847_02.jpg|data/images/salomon/10068847_03.jpg
FRUITSFAMILY,7899681,Salomon,SALOMON,(정가70)살로몬 xt-6 팬텀 바닐라 아이스 265,180000,300000,265,"상태 좋습니다
현재 265사이즈 70만원인데 싸게 판매합니다.",False,https://fruitsfamily.com/product/4pbfl/%EC%A0%95%EA%B0%8070-%EC%82%B4%EB%A1%9C%EB%AA%AC-xt-6-%ED%8C%AC%ED%85%80-%EB%B0%94%EB%8B%90%EB%9D%BC-%EC%95%84%EC%9D%B4%EC%8A%A4-265,2026-08-04,https://image.production.fruitsfamily.com/public/product/resized%40width620/9lGeaSlQS-3F10825A-C329-406A-BEC5-BA853EF2DA8C.jpg|https://image.production.fruitsfamily.com/public/product/resized%40width620/TmwpBs4pjf-AE0A5F2D-34A3-44FB-B151-84C00904EDD6.jpg|https://image.production.fruitsfamily.com/public/product/resized%40width620/KBwaUQ1yWi-5F7F1F78-B386-4794-A5F9-B42EE7636DD7.jpg|https://image.production.fruitsfamily.com/public/product/resized%40width620/ml7f5qYNA4-72CC0C60-3BD8-4BF3-BD8D-30473F09D8A2.jpg,data/images/salomon/7899681_01.jpg|data/images/salomon/7899681_02.jpg|data/images/salomon/7899681_03.jpg
FRUITSFAMILY,10231625,Salomon,SALOMON,살로몬 XT-6 ADV 화이트,129000,140000,270,"살로몬 270 크림에서 구매한 정품입니다
6개월정도 신었습니다 
세탁은 두번만 하여 구매하시고 세탁하시면 새신처럼
이쁘게 신을 수 있습니다
반택다 가능합니다 편하게 연락주세여!",False,https://fruitsfamily.com/product/63art/%EC%82%B4%EB%A1%9C%EB%AA%AC-xt-6-adv-%ED%99%94%EC%9D%B4%ED%8A%B8,2026-08-04,https://image.production.fruitsfamily.com/public/product/resized%40width620/eBGB7bhEEO-452d147af112.jpg|https://image.production.fruitsfamily.com/public/product/resized%40width620/QyAAzrGeIW-684961e6b5bf.jpg|https://image.production.fruitsfamily.com/public/product/resized%40width620/UjvxJjeQ86-52680da2f863.jpg|https://image.production.fruitsfamily.com/public/product/resized%40width620/XNVJ96UB3r-bc98508fee1f.jpg|https://image.production.fruitsfamily.com/public/product/resized%40width620/2DCCmQaNXx-f4e805eac19a.jpg|https://image.production.fruitsfamily.com/public/product/resized%40width620/U_x7u9ag2o-6b54f1e096f4.jpg|https://image.production.fruitsfamily.com/public/product/resized%40width620/Igpc12YVqk-91aa6d547868.jpg,data/images/salomon/10231625_01.jpg|data/images/salomon/10231625_02.jpg|data/images/salomon/10231625_03.jpg
FRUITSFAMILY,8777990,Salomon,SALOMON,살로몬 235,162000,180000,235,"실착 1회 
마모 오염 없습니다 
할인가 275000원 구매하였습니다 
235 인데 조금 크게나와서 240도 맞을것 같습니다",False,https://fruitsfamily.com/product/58552/%EC%82%B4%EB%A1%9C%EB%AA%AC-235,2026-08-04,https://image.production.fruitsfamily.com/public/product/resized%40width620/han36EvvJu-5D5C4BF5-C614-432C-9BC1-19D2A34E2574.jpg|https://image.production.fruitsfamily.com/public/product/resized%40width620/pkPyNC5U49-3A5B7767-8803-487F-B6BF-DF0241D4CD48.jpg|https://image.production.fruitsfamily.com/public/product/resized%40width620/30wJqiDCB9-8480294C-CEB6-4970-9E88-53218717F5C6.jpg,data/images/salomon/8777990_01.jpg|data/images/salomon/8777990_02.jpg|data/images/salomon/8777990_03.jpg
FRUITSFAMILY,8740909,Salomon,SALOMON,살로몬 꼼데가르송 펄사 플랫폼 화이트 280,290000,390000,280,"신발 단품 보관중입니다. 280사이즈구요. 1회 착용 후 보관중입니다! 상태 깨끗해요! 당연 가품일시 200프로 환불해드립니다! 신발 예뻐요:)
서울,경기 지역은 협의 후 직거래 가능합니다!",False,https://fruitsfamily.com/product/57cj1/%EC%82%B4%EB%A1%9C%EB%AA%AC-%EA%BC%BC%EB%8D%B0%EA%B0%80%EB%A5%B4%EC%86%A1-%ED%8E%84%EC%82%AC-%ED%94%8C%EB%9E%AB%ED%8F%BC-%ED%99%94%EC%9D%B4%ED%8A%B8-280,2026-08-04,https://image.production.fruitsfamily.com/public/product/resized%40width620/H_QU1EarzL-CC4A7009-DAE8-4D86-9817-334837DD13B7.jpg|https://image.production.fruitsfamily.com/public/product/resized%40width620/Jk07xv-w_V-2745B10D-855C-4D18-879C-7E46CFA8DDFC.jpg|https://image.production.fruitsfamily.com/public/product/resized%40width620/pBokL5JbIR-6CD9AAAA-8398-4A85-AD51-A69124C80DF7.jpg|https://image.production.fruitsfamily.com/public/product/resized%40width620/fgLXq6MSj-04673012-784A-46B9-8EB5-3088B9E303A7.jpg|https://image.production.fruitsfamily.com/public/product/resized%40width620/TEpsK9SH9S-8D82EFE4-5816-4725-B384-DE4033151065.jpg|https://image.production.fruitsfamily.com/public/product/resized%40width620/BXjsfDZOfe-0592D2D0-D24A-40CA-BCC0-44ACDBA00502.jpg,data/images/salomon/8740909_01.jpg|data/images/salomon/8740909_02.jpg|data/images/salomon/8740909_03.jpg
FRUITSFAMILY,4527113,Salomon,SALOMON,살로몬 XT-4 ADV 타이다이,280000,400000,265,"265 사이즈 

새제품 구매후 1번 착용했어요
새제품이나 다름 없이 깨끗해요.",False,https://fruitsfamily.com/product/2p155/%EC%82%B4%EB%A1%9C%EB%AA%AC-xt-4-adv-%ED%83%80%EC%9D%B4%EB%8B%A4%EC%9D%B4,2026-08-04,https://image.production.fruitsfamily.com/public/product/resized%40width620/KqZ12G1KPl-43E01D79-36CE-487C-BD5E-56A530035489.jpg|https://image.production.fruitsfamily.com/public/product/resized%40width620/emHSdfET2M-FCD60F49-8B77-43E9-81FE-A0E67CE10946.jpg|https://image.production.fruitsfamily.com/public/product/resized%40width620/GNpdhfctSo-51E46081-887C-493A-B4A2-D9400DBE92DE.jpg,data/images/salomon/4527113_01.jpg|data/images/salomon/4527113_02.jpg|data/images/salomon/4527113_03.jpg
FRUITSFAMILY,10038738,Salomon,SALOMON,살로몬 x 꼼데가르송 옴므 펄사 플랫폼 블랙 CDG x Salomon P,743000,751000,250,"살로몬 x 꼼데가르송 옴므 펄사 플랫폼 블랙 CDG x Salomon Pulsar

사이즈 250 (신발단품)

살로몬 플랫폼 특성상 약간의 아웃솔 주름은 존재하지만
그외는 인솔로고지워짐, 아웃솔감소없이  
아주 좋은컨디션유지중입니다

교환X 사이즈문의X
노매너 무개념 잠수 찔러보기 차단

타플랫폼에서도 판매중이라 결제순으로
구매순서가 정해지는점 양해부탁드리겠습니다",False,https://fruitsfamily.com/product/5z5xu/%EC%82%B4%EB%A1%9C%EB%AA%AC-x-%EA%BC%BC%EB%8D%B0%EA%B0%80%EB%A5%B4%EC%86%A1-%EC%98%B4%EB%AF%80-%ED%8E%84%EC%82%AC-%ED%94%8C%EB%9E%AB%ED%8F%BC-%EB%B8%94%EB%9E%99-cdg-x-salomon-p,2026-08-04,https://image.production.fruitsfamily.com/public/product/resized%40width620/yOTB4xyxz-0ce0ee1cb721.jpg|https://image.production.fruitsfamily.com/public/product/resized%40width620/milqaP1phc-dfc8170a8746.jpg|https://image.production.fruitsfamily.com/public/product/resized%40width620/RKIuUIIDem-bc7fdc9fcda4.jpg|https://image.production.fruitsfamily.com/public/product/resized%40width620/SUPWjPxryV-66e37cce40d4.jpg|https://image.production.fruitsfamily.com/public/product/resized%40width620/s521hZFdhi-2eba80a4c085.jpg|https://image.production.fruitsfamily.com/public/product/resized%40width620/u0K0X3jHUZ-a70f36009eff.jpg|https://image.production.fruitsfamily.com/public/product/resized%40width620/sIVYAExPLJ-032c4f614806.jpg|https://image.production.fruitsfamily.com/public/product/resized%40width620/eOF0mRuCdB-99d8979d95b0.jpg|https://image.production.fruitsfamily.com/public/product/resized%40width620/8fIMJUcXPS-65c8cb3c53b8.jpg|https://image.production.fruitsfamily.com/public/product/resized%40width620/cCEevuGwA8-3bff3cac41b0.jpg,data/images/salomon/10038738_01.jpg|data/images/salomon/10038738_02.jpg|data/images/salomon/10038738_03.jpg
FRUITSFAMILY,8635578,Salomon,SALOMON,(290) 살로몬 XT-6 클리어 사파리 바닐라 아이스,175000,230000,290,"구매후 단시간 착용후 보관

앞코와 뒷축 노란색오염 참고하세요",False,https://fruitsfamily.com/product/55396/290-%EC%82%B4%EB%A1%9C%EB%AA%AC-xt-6-%ED%81%B4%EB%A6%AC%EC%96%B4-%EC%82%AC%ED%8C%8C%EB%A6%AC-%EB%B0%94%EB%8B%90%EB%9D%BC-%EC%95%84%EC%9D%B4%EC%8A%A4,2026-08-04,https://image.production.fruitsfamily.com/public/product/resized%40width620/kYTIGSx0AJ-F21C8E3D-7EA9-4898-ACD6-19CFD7531071.jpg|https://image.production.fruitsfamily.com/public/product/resized%40width620/bBbOXCRn5M-73A3DB90-AE9D-4B36-8244-2A3AFD16E474.jpg|https://image.production.fruitsfamily.com/public/product/resized%40width620/PdPGN0lM4q-43ED1931-C2EC-46BA-A435-2FB1D95ADF64.jpg|https://image.production.fruitsfamily.com/public/product/resized%40width620/iI99Tpx9T-19E32A29-55B6-47FF-86BB-987331F840ED.jpg|https://image.production.fruitsfamily.com/public/product/resized%40width620/WCqbcut_Pe-54DC526F-F38B-4D46-8612-FEB6E217FFF7.jpg|https://image.production.fruitsfamily.com/public/product/resized%40width620/ubAjlcEsAD-9009246F-C0D4-4D34-9CE0-697D654029B4.jpg|https://image.production.fruitsfamily.com/public/product/resized%40width620/SGeIga-IlX-A05991EB-7696-4BFD-AAF7-FEBB9BA1B5D6.jpg|https://image.production.fruitsfamily.com/public/product/resized%40width620/dGhFIHZhPB-641D6432-08AD-4E4F-BBBE-11DBCD1F8EF8.jpg|https://image.production.fruitsfamily.com/public/product/resized%40width620/jRnX5ZP-Wr-7D6A91B3-8535-412D-A6B5-86985A55B047.jpg,data/images/salomon/8635578_01.jpg|data/images/salomon/8635578_02.jpg|data/images/salomon/8635578_03.jpg
FRUITSFAMILY,8629547,Salomon,SALOMON,살로몬 acs+ / 박스o,130000,140000,235,"블랙:블랙:실버 / L47236600

 상태좋습니다",False,https://fruitsfamily.com/product/54yln/%EC%82%B4%EB%A1%9C%EB%AA%AC-acs-%EB%B0%95%EC%8A%A4o,2026-08-04,https://image.production.fruitsfamily.com/public/product/resized%40width620/PxBw3_eF2--3B55A1E2-CF69-415F-9F16-259FD3BFC08C.jpg|https://image.production.fruitsfamily.com/public/product/resized%40width620/4hgQ_14bK8-A37442C9-1CE9-42D2-B093-16E873D8272D.jpg|https://image.production.fruitsfamily.com/public/product/resized%40width620/dCwiCdYR_D-A9A01DF0-4EA2-4E8F-9EF8-EDD7BF106950.jpg,data/images/salomon/8629547_01.jpg|data/images/salomon/8629547_02.jpg|data/images/salomon/8629547_03.jpg
FRUITSFAMILY,9998543,Salomon,SALOMON,살로몬 샌디리앙 메리제인 235 사이즈 2회착,200000,,235,"와이프에게 예전에 선물하였으나 
밴딩부분이 너무 쪼여서 발아프다고 팔라해서
신발장에 쳐박혀있어서 팝니다
2번정도 신엇고 상태는 저러니 연락바랍니다
박스는 없어요
크림가40정도하네요 지금",False,https://fruitsfamily.com/product/5yaxb/%EC%82%B4%EB%A1%9C%EB%AA%AC-%EC%83%8C%EB%94%94%EB%A6%AC%EC%95%99-%EB%A9%94%EB%A6%AC%EC%A0%9C%EC%9D%B8-235-%EC%82%AC%EC%9D%B4%EC%A6%88-2%ED%9A%8C%EC%B0%A9,2026-08-04,https://image.production.fruitsfamily.com/public/product/resized%40width620/sJ6pxVE_a-96d08b2b2a26.jpg|https://image.production.fruitsfamily.com/public/product/resized%40width620/qZWqbG0eCl-2de926817436.jpg|https://image.production.fruitsfamily.com/public/product/resized%40width620/XgHntw8TTB-625ced513f4d.jpg,data/images/salomon/9998543_01.jpg|data/images/salomon/9998543_02.jpg|data/images/salomon/9998543_03.jpg
FRUITSFAMILY,10331039,Salomon,SALOMON,살로몬 x GR10K 펠 레이저 미드 블리치드 샌드,130000,,280,23년 구매 후 산행 6번 이내로 착용하고 보관만 해왔습니다. 테크니컬 웨어 브랜드인 GR10K 와 살로몬의 콜라보로 만들어진 신발입니다. Gr10k가 진짜 디테일 변태들이라 신발 진짜 예쁩니다..,False,https://fruitsfamily.com/product/65fhb/%EC%82%B4%EB%A1%9C%EB%AA%AC-x-gr10k-%ED%8E%A0-%EB%A0%88%EC%9D%B4%EC%A0%80-%EB%AF%B8%EB%93%9C-%EB%B8%94%EB%A6%AC%EC%B9%98%EB%93%9C-%EC%83%8C%EB%93%9C,2026-08-04,https://image.production.fruitsfamily.com/public/product/resized%40width620/Ojo8cnM-8-699e284fab7b.jpg|https://image.production.fruitsfamily.com/public/product/resized%40width620/sMkbDrOK_M-ff6ee86cd016.jpg|https://image.production.fruitsfamily.com/public/product/resized%40width620/QOt2ajmhUF-5a87ea213159.jpg|https://image.production.fruitsfamily.com/public/product/resized%40width620/FRvSgErsy0-fc7986a474ac.jpg|https://image.production.fruitsfamily.com/public/product/resized%40width620/39VZHzpTRg-b870006cba76.jpg|https://image.production.fruitsfamily.com/public/product/resized%40width620/z-xW_9V8A9-df4ddeb32814.jpg,data/images/salomon/10331039_01.jpg|data/images/salomon/10331039_02.jpg|data/images/salomon/10331039_03.jpg
FRUITSFAMILY,10392477,Salomon,SALOMON,살로몬 XT-6 콰일:플럼 키튼:바닐라 아이스,120000,,295,"상태 아주 좋음!

실착 3회 미만

박스 X

연락주세요!",False,https://fruitsfamily.com/product/66qvx/%EC%82%B4%EB%A1%9C%EB%AA%AC-xt-6-%EC%BD%B0%EC%9D%BC-%ED%94%8C%EB%9F%BC-%ED%82%A4%ED%8A%BC-%EB%B0%94%EB%8B%90%EB%9D%BC-%EC%95%84%EC%9D%B4%EC%8A%A4,2026-08-04,https://image.production.fruitsfamily.com/public/product/resized%40width620/Ncn04A8qx-f4fcba13763e.jpg|https://image.production.fruitsfamily.com/public/product/resized%40width620/awEjQh6nca-b6647b6c6686.jpg|https://image.production.fruitsfamily.com/public/product/resized%40width620/VmLKhUdWT0-20acf77fbe59.jpg,data/images/salomon/10392477_01.jpg|data/images/salomon/10392477_02.jpg|data/images/salomon/10392477_03.jpg
FRUITSFAMILY,6325503,Salomon,SALOMON,살로몬x필레오 XT-SP1 크래들 핑크 프리즘 핑크 230 새상품,190000,,230,한정판으로 나왔던 살로몬 필레오 xt-sp1 모델입니다. 정가 35만원이며 새상품입니다. 재팬 사이즈 기준 230 사이즈입니다.,False,https://fruitsfamily.com/product/3rksf/%EC%82%B4%EB%A1%9C%EB%AA%ACx%ED%95%84%EB%A0%88%EC%98%A4-xt-sp1-%ED%81%AC%EB%9E%98%EB%93%A4-%ED%95%91%ED%81%AC-%ED%94%84%EB%A6%AC%EC%A6%98-%ED%95%91%ED%81%AC-230-%EC%83%88%EC%83%81%ED%92%88,2026-08-04,https://image.production.fruitsfamily.com/public/product/resized%40width620/xjG9xxUMpc-EE758639-DABA-4FC2-827C-EEECF0E8AC52.jpg|https://image.production.fruitsfamily.com/public/product/resized%40width620/Ncihe3SiOG-93683B22-76B4-4C57-B857-9B3F95DD0DE5.jpg|https://image.production.fruitsfamily.com/public/product/resized%40width620/7XKeqp8KQ5-DBD9831F-E1BB-4FA5-B336-B9B40AF00A8F.jpg|https://image.production.fruitsfamily.com/public/product/resized%40width620/flCu47U6xT-50B79BD3-3705-48AE-8C33-672460E15F4C.jpg|https://image.production.fruitsfamily.com/public/product/resized%40width620/oLPdqDT3ds-D6423935-D0EA-4AD7-9510-1F6D81F8DE75.jpg|https://image.production.fruitsfamily.com/public/product/resized%40width620/v6qVCIhXyU-9DBC6D83-9FDA-4BD3-AB18-6EDBB12CA38D.jpg|https://image.production.fruitsfamily.com/public/product/resized%40width620/qaTOAzeHApq-00A3CBED-AD9D-4784-A3EB-DC6DF4A8F4B1.jpg|https://image.production.fruitsfamily.com/public/product/resized%40width620/JtC17ek-lL4-9FE203B8-E9A2-4548-8309-43FBDCF5B997.jpg|https://image.production.fruitsfamily.com/public/product/resized%40width620/7-XtIdPxMO-E83A3218-D352-4150-A8C2-92989A91D729.jpg,data/images/salomon/6325503_01.jpg|data/images/salomon/6325503_02.jpg|data/images/salomon/6325503_03.jpg
FRUITSFAMILY,10352070,Salomon,SALOMON,[SALOMON x Comme des garcons] 슬립온 ,450000,,230,"size: 230

좋은 상태의 사용감 적은 슬립온 입니다.
아웃솔에 약간의 주름과 왼쪽 앞코 쪽 약간의 스크래치가 있습니다. 밑창도 아주 좋은 상태 유지 중입니다. 
사진 참고 부탁드립니다:)

상품 단품이며 패키지는 포함되어 있지 않습니다.",False,https://fruitsfamily.com/product/65vpi/salomon-x-comme-des-garcons-%EC%8A%AC%EB%A6%BD%EC%98%A8,2026-08-04,https://image.production.fruitsfamily.com/public/product/resized%40width620/W4x6PTmVO-50373d200bbe.jpg|https://image.production.fruitsfamily.com/public/product/resized%40width620/Jal5y8-VYP-32221043c4be.jpg|https://image.production.fruitsfamily.com/public/product/resized%40width620/3W3_Bu3B1j-9ad1e4858658.jpg|https://image.production.fruitsfamily.com/public/product/resized%40width620/8gkHDzi9dW-7eeb7803b173.jpg|https://image.production.fruitsfamily.com/public/product/resized%40width620/VGArpKbpXW-61e24cb0e377.jpg|https://image.production.fruitsfamily.com/public/product/resized%40width620/DLudNJ4G86-2b863c2c2aa3.jpg|https://image.production.fruitsfamily.com/public/product/resized%40width620/U8Fd16xjq6-3cda7eca15c2.jpg|https://image.production.fruitsfamily.com/public/product/resized%40width620/CxHVsoszK9-a4995b2976c8.jpg|https://image.production.fruitsfamily.com/public/product/resized%40width620/91zBZxknjz-02bce15f3ed7.jpg|https://image.production.fruitsfamily.com/public/product/resized%40width620/1Nq2xmeB6W-9b5e8f0d725b.jpg,data/images/salomon/10352070_01.jpg|data/images/salomon/10352070_02.jpg|data/images/salomon/10352070_03.jpg
FRUITSFAMILY,8716915,Nike,Nike,조던1 아수라,89100,99000,275,"275 나코 
2-3 회 착용한 극미중고 
상태 정말 좋습니다 ^^",False,https://fruitsfamily.com/product/56u0j/%EC%A1%B0%EB%8D%981-%EC%95%84%EC%88%98%EB%9D%BC,2026-08-04,https://image.production.fruitsfamily.com/public/product/resized%40width620/1Jqj4f-UgU-037CC344-B316-4113-8B51-5B325490A9F5.jpg|https://image.production.fruitsfamily.com/public/product/resized%40width620/yn1axHPTv--F4B64F30-F230-4CFC-92FD-12A511885664.jpg|https://image.production.fruitsfamily.com/public/product/resized%40width620/bbIMz3LE3v-6A937639-F5BE-443F-906E-59A36EFEE9E4.jpg|https://image.production.fruitsfamily.com/public/product/resized%40width620/FZLi5TTJ6Q-167EE819-5F98-4A0F-94CF-869C1332C1E5.jpg,data/images/nike/8716915_01.jpg|data/images/nike/8716915_02.jpg|data/images/nike/8716915_03.jpg
FRUITSFAMILY,6382773,Nike,Nike,나이키 피어오브갓 에어 래이드 블랙 270,120000,130000,270,270사이즈고 크림에서 구매했고 사용감이 조금 있어서 13에팝니다,False,https://fruitsfamily.com/product/3ssz9/%EB%82%98%EC%9D%B4%ED%82%A4-%ED%94%BC%EC%96%B4%EC%98%A4%EB%B8%8C%EA%B0%93-%EC%97%90%EC%96%B4-%EB%9E%98%EC%9D%B4%EB%93%9C-%EB%B8%94%EB%9E%99-270,2026-08-04,https://image.production.fruitsfamily.com/public/product/resized%40width620/ERF7nhjNPM-967D827E-887A-46A2-8900-3CE5CF06966A.jpg|https://image.production.fruitsfamily.com/public/product/resized%40width620/IyRvn2Uc7d-490C82D6-3840-4B9E-A964-6FE09071BFF5.jpg|https://image.production.fruitsfamily.com/public/product/resized%40width620/z7EpBCrY1G-4F7AFAC6-74EB-4F4A-A768-6F74E240CCEF.jpg|https://image.production.fruitsfamily.com/public/product/resized%40width620/8Q6Y41gmfo-B06BCE95-9267-4C8E-A754-7B11877A6839.jpg|https://image.production.fruitsfamily.com/public/product/resized%40width620/fJLEHHmZBB-BE7172CC-309E-4147-BD2C-5176515E9715.jpg,data/images/nike/6382773_01.jpg|data/images/nike/6382773_02.jpg|data/images/nike/6382773_03.jpg
FRUITSFAMILY,7159343,Nike,Nike,나이키X슈프림 에어포스1 270,300000,,270,"풀박스 크림구매
신발 사용감 있으니 사진 참고해주세요.

중고거래 특성상 환불 불가합니다.

#결제전에 연락부탁드립니다#",False,https://fruitsfamily.com/product/49g6n/%EB%82%98%EC%9D%B4%ED%82%A4x%EC%8A%88%ED%94%84%EB%A6%BC-%EC%97%90%EC%96%B4%ED%8F%AC%EC%8A%A41-270,2026-08-04,https://image.production.fruitsfamily.com/public/product/resized%40width620/c_LiAzFl4y-0C60D9C7-57C7-4DE7-A375-8D655D78825F.jpg|https://image.production.fruitsfamily.com/public/product/resized%40width620/y83-iU6jd-06C5C65F-3144-4EBE-A6EC-6F8120B4BE10.jpg|https://image.production.fruitsfamily.com/public/product/resized%40width620/VsoGJXsnab-50484A06-C815-4511-BA71-87604289BD80.jpg|https://image.production.fruitsfamily.com/public/product/resized%40width620/ad21z96lUN-879872F7-60E0-403C-AFD3-8347654FD553.jpg|https://image.production.fruitsfamily.com/public/product/resized%40width620/BD0KQ0Hg20-4FF420AF-74A7-4CF6-A4D2-8B8145DA2710.jpg|https://image.production.fruitsfamily.com/public/product/resized%40width620/9Uk5jxtTet-F4E8C094-5E56-4168-B9C1-72F4014053F4.jpg|https://image.production.fruitsfamily.com/public/product/resized%40width620/smY30cbi53-1AEE1208-A377-43F8-8950-E314B2E0561F.jpg|https://image.production.fruitsfamily.com/public/product/resized%40width620/tI8TFh0ipU-5BB5A605-9DAB-4E6D-A162-A3557C7B8656.jpg|https://image.production.fruitsfamily.com/public/product/resized%40width620/432iafFpie-FBB8A9CB-E3AB-4498-8F2E-4FAF5AF6A8AB.jpg,data/images/nike/7159343_01.jpg|data/images/nike/7159343_02.jpg|data/images/nike/7159343_03.jpg
FRUITSFAMILY,2568055,Nike,Nike,[270] 나이키 빈티지 LDV 베갈,40000,70000,270,"[270] 나이키 빈티지 LDV 베갈

- 상태는 사진과 같습니다. (실착에 전혀 문제없습니다)

- 나이키 빈티지 LDV 중 유럽한정 샘플버전으로 극소량 발매된 구하기 힘든 컬러의 매물이며, 이정도 상태의 매물은 더더욱 구하기 힘듭니다. 빈티지 제품에 대해 이해도가 높으신분이 구매 하셨으면 좋겠습니다.

 - 네고/사이즈 문의 차단합니다.  양해 부탁 드립니다.

- 교환 /환불 /반품 불가",False,https://fruitsfamily.com/product/1j1iv/270-%EB%82%98%EC%9D%B4%ED%82%A4-%EB%B9%88%ED%8B%B0%EC%A7%80-ldv-%EB%B2%A0%EA%B0%88,2026-08-04,https://image.production.fruitsfamily.com/public/product/resized%40width620/OC1sVcBRGj-EED5E010-0538-42F9-95E3-B2FB59B3F799.jpg|https://image.production.fruitsfamily.com/public/product/resized%40width620/k-ia6dvp0W-147EE695-0B48-446F-ADD7-1C385C8A1CFA.jpg|https://image.production.fruitsfamily.com/public/product/resized%40width620/6hJKbxu7tJ-0B1AA32B-2A11-4F46-87E7-6DEC863519E0.jpg|https://image.production.fruitsfamily.com/public/product/resized%40width620/W9z8D9YnJm-46C41342-787D-47A0-999C-744342472BC1.jpg|https://image.production.fruitsfamily.com/public/product/resized%40width620/2rrMPB-1-z-D68466A8-682A-4C31-9B09-28A1F13A4224.jpg|https://image.production.fruitsfamily.com/public/product/resized%40width620/puh7FElfr3-D288FAF4-424F-46BB-B969-1CD0878855AB.jpg|https://image.production.fruitsfamily.com/public/product/resized%40width620/iAs5oOQRYW-675F10A0-0AB4-443A-95C5-033E7A88B6BF.jpg,data/images/nike/2568055_01.jpg|data/images/nike/2568055_02.jpg|data/images/nike/2568055_03.jpg
FRUITSFAMILY,4993102,Nike,Nike,NIKE / 나이키 /  조던 마리나블루 UK9,89000,,280,"나이키 조던 마리나블루 UK9 사이즈 판매합니다
상태 A
사용감은 사진 확인해주세요
상태 진짜 좋은데 싸게 내놔요
28만원 주고 구매 했습니다",False,https://fruitsfamily.com/product/2z0pa/nike-%EB%82%98%EC%9D%B4%ED%82%A4-%EC%A1%B0%EB%8D%98-%EB%A7%88%EB%A6%AC%EB%82%98%EB%B8%94%EB%A3%A8-uk9,2026-08-04,https://image.production.fruitsfamily.com/public/product/resized%40width620/8vEGiH6qlJ-A105B148-9110-4333-86A9-564B27535204.jpg|https://image.production.fruitsfamily.com/public/product/resized%40width620/GEeacSHYo3-C2FB54B7-96D8-412A-907A-472D0D61FC6A.jpg|https://image.production.fruitsfamily.com/public/product/resized%40width620/hbDSM0kOmD-1FA09A49-18A4-40A3-B6B9-352A295AD8F3.jpg|https://image.production.fruitsfamily.com/public/product/resized%40width620/WHY14wqnZY-1D400C33-F9B4-4499-A198-26F95E8AF0EE.jpg,data/images/nike/4993102_01.jpg|data/images/nike/4993102_02.jpg|data/images/nike/4993102_03.jpg
FRUITSFAMILY,7951972,Nike,Nike,[새상품 / 280] 나이키 x 톰 삭스 제너럴 퍼포즈 루저 슈,299000,,285,"🚦SPARE SHOES🚦

🚩상품 관련 주문상담은 언제나 환영합니다.
🚩전 상품 미개봉 새상품, 100% 정품만을 판매합니다.
     (가품일 경우, 200% 환불)

▪️품명 : Nike x Tom Sachs General Purpose Participation Shoe

▪️사이즈 / 품번 : 285 / #IV5773-001

▪️컬러 : Multi

▪️판매가격 : 299,000원

▪️결제방법 : 안전결제

▫️택배비 : 4,000원

▫️택배사 : CJ택배 (당일발송)

▫️배송기간 : 2~4일 소요 (주말, 공휴일 제외)

💡택배 접수 후 운송장번호를 보내드립니다💡

🔊오배송의 경우를 제외하고, 반품 및 환불이 불가합니다.
🔊교신 및 네고 문의는 정중히 사양합니다.

〰️
저희 SPARE SHOES는 언제나
고객님의 편안한 쇼핑을 위해
최선을 다 하겠습니다.
감사합니다.
〰️",False,https://fruitsfamily.com/product/4qfs4/%EC%83%88%EC%83%81%ED%92%88-280-%EB%82%98%EC%9D%B4%ED%82%A4-x-%ED%86%B0-%EC%82%AD%EC%8A%A4-%EC%A0%9C%EB%84%88%EB%9F%B4-%ED%8D%BC%ED%8F%AC%EC%A6%88-%EB%A3%A8%EC%A0%80-%EC%8A%88,2026-08-04,https://image.production.fruitsfamily.com/public/product/resized%40width620/Nl_sg3fV55-CE56A557-A971-4216-B730-2EFA3BF79E50.jpg|https://image.production.fruitsfamily.com/public/product/resized%40width620/gyjS6ShYfR-F09AE1B4-F56C-4BEB-A0CD-4328D05CED54.jpg|https://image.production.fruitsfamily.com/public/product/resized%40width620/Il8s_ru-He-FCA7E959-2DB8-4C88-9CAD-37645D216E16.jpg|https://image.production.fruitsfamily.com/public/product/resized%40width620/3pDoaghQhP-00180626-BC7A-4529-A9A2-CA321EE69AC3.jpg,data/images/nike/7951972_01.jpg|data/images/nike/7951972_02.jpg|data/images/nike/7951972_03.jpg
FRUITSFAMILY,7665804,Nike,Nike,나이키 풋스케이프 우븐 내츄럴 앤 브라운,140000,200000,270,"나이키 풋스케이프 우븐 FB1959-100 입니다
w270 사이즈
공홈 구매후 2회 단시간 착용한 깨끗한 제품입니다.",False,https://fruitsfamily.com/product/4kaz0/%EB%82%98%EC%9D%B4%ED%82%A4-%ED%92%8B%EC%8A%A4%EC%BC%80%EC%9D%B4%ED%94%84-%EC%9A%B0%EB%B8%90-%EB%82%B4%EC%B8%84%EB%9F%B4-%EC%95%A4-%EB%B8%8C%EB%9D%BC%EC%9A%B4,2026-08-04,https://image.production.fruitsfamily.com/public/product/resized%40width620/wSCHKJuhO1-C7CF644F-72DF-4B76-A4F6-B4A0F2B08D88.jpg|https://image.production.fruitsfamily.com/public/product/resized%40width620/FWlQoNUWsP-420A030F-FB51-48BF-B95C-1692C2A0BAB1.jpg|https://image.production.fruitsfamily.com/public/product/resized%40width620/80vBwg86mq-2D782731-6DAF-4BB7-913D-EA63EC092AC6.jpg|https://image.production.fruitsfamily.com/public/product/resized%40width620/STjT6BLeJp-9E210FA3-0B81-4590-A045-CFFE4ADCC65A.jpg,data/images/nike/7665804_01.jpg|data/images/nike/7665804_02.jpg|data/images/nike/7665804_03.jpg
FRUITSFAMILY,7072349,Nike,Nike,나이키 SB 덩크 로우 프리미엄 버건디 크러쉬235  FN0619-600,160000,,235,"나이키 SB 덩크 로우 프리미엄 버건디 크러쉬 235사이즈 제품입니다. 버건디 색상이 고급스럽고 예뻐요. 신발 박스까지 같이 보관하고 있습니다. 추가 문의 없으시면 안전결제로 바로 구매 가능하세요

1회 20분 가량 백화점착용 후 보관만했습니다  
착용 흔적 밑바닥 빼고는 전혀 없습니다 
출시전부터 기다리다 구매했을 정도로 실물도 예쁜제품입니다",False,https://fruitsfamily.com/product/47l25/%EB%82%98%EC%9D%B4%ED%82%A4-sb-%EB%8D%A9%ED%81%AC-%EB%A1%9C%EC%9A%B0-%ED%94%84%EB%A6%AC%EB%AF%B8%EC%97%84-%EB%B2%84%EA%B1%B4%EB%94%94-%ED%81%AC%EB%9F%AC%EC%89%AC235-fn0619-600,2026-08-04,https://image.production.fruitsfamily.com/public/product/resized%40width620/PFkxvd0evM-7A63FD3D-783E-4EDB-A2B5-1FCCDAB0CB80.jpg|https://image.production.fruitsfamily.com/public/product/resized%40width620/aST_HLOthS-8B82C024-D0B0-4762-A5E0-0DACD1095D7F.jpg|https://image.production.fruitsfamily.com/public/product/resized%40width620/D0e2_gu0-b-03AA6C97-E98C-4940-9FEA-5792465A89E5.jpg|https://image.production.fruitsfamily.com/public/product/resized%40width620/PnjLaIiZNl-1935FA1C-C762-4DE7-84DE-9001CEB7D04D.jpg|https://image.production.fruitsfamily.com/public/product/resized%40width620/qHSeazjrzc-912775EF-1281-4894-A765-645C4CA2E5CF.jpg|https://image.production.fruitsfamily.com/public/product/resized%40width620/f3nlWEiRj9-A6C0CA89-D360-4F62-8AC1-4C2663D48651.jpg,data/images/nike/7072349_01.jpg|data/images/nike/7072349_02.jpg|data/images/nike/7072349_03.jpg
FRUITSFAMILY,10383519,Nike,Nike,나이키 슈프림 에어포스 된장포스 290 사용감있음,108000,120000,290,"슈프림 된장포스 290사이즈입니다
2023년에 구매했고 사용감 있으나 눈에 띄는 얼룩이나 하자는 없습니다",False,https://fruitsfamily.com/product/66jz3/%EB%82%98%EC%9D%B4%ED%82%A4-%EC%8A%88%ED%94%84%EB%A6%BC-%EC%97%90%EC%96%B4%ED%8F%AC%EC%8A%A4-%EB%90%9C%EC%9E%A5%ED%8F%AC%EC%8A%A4-290-%EC%82%AC%EC%9A%A9%EA%B0%90%EC%9E%88%EC%9D%8C,2026-08-04,https://image.production.fruitsfamily.com/public/product/resized%40width620/vm1ch-Tnh-19188cd210e6.jpg|https://image.production.fruitsfamily.com/public/product/resized%40width620/DybBX3Dd7Z-52a38d6d0022.jpg|https://image.production.fruitsfamily.com/public/product/resized%40width620/Jv-KrNAPRT-62f43fc7cee9.jpg|https://image.production.fruitsfamily.com/public/product/resized%40width620/1Xe-ls52Bl-6bfaf95f15e7.jpg,data/images/nike/10383519_01.jpg|data/images/nike/10383519_02.jpg|data/images/nike/10383519_03.jpg
FRUITSFAMILY,9077793,Nike,Nike,나이키 에어포스 270 세이지 로우,82000,100000,270,"우먼스280 남자 275 사이즈
275 사이즈인데 토박스가 좁아서 평소 포스 270 신는분이 잘맞아요
큰사이즈는 국내에서 미발매에요
색깔 이쁘고 인솔깨끗하고  딱히 오염은 없어요
박스는 없어요
안전결제전에 미리 쳇주세요 
교신문의시 차단해요 예민한분사절 네고x
중고특성상 교환.환불은 안되요 택배 4000원",False,https://fruitsfamily.com/product/5ekgx/%EB%82%98%EC%9D%B4%ED%82%A4-%EC%97%90%EC%96%B4%ED%8F%AC%EC%8A%A4-270-%EC%84%B8%EC%9D%B4%EC%A7%80-%EB%A1%9C%EC%9A%B0,2026-08-04,https://image.production.fruitsfamily.com/public/product/resized%40width620/ZtDyHMrj3-0dbabde32519.jpg|https://image.production.fruitsfamily.com/public/product/resized%40width620/BRph9-KkF4-59effcb92c19.jpg|https://image.production.fruitsfamily.com/public/product/resized%40width620/qHXPO4h7dC-9fd1b241b69c.jpg|https://image.production.fruitsfamily.com/public/product/resized%40width620/UbzYMUasxv-fd027198b247.jpg|https://image.production.fruitsfamily.com/public/product/resized%40width620/lOcqv04vzT-7349f3b8332c.jpg|https://image.production.fruitsfamily.com/public/product/resized%40width620/vayrjk0hsk-f2c8064d11e4.jpg|https://image.production.fruitsfamily.com/public/product/resized%40width620/akARZjHT37-fb15d4d799dc.jpg,data/images/nike/9077793_01.jpg|data/images/nike/9077793_02.jpg|data/images/nike/9077793_03.jpg
FRUITSFAMILY,6863191,Nike,Nike,나이키 에어 조던 1 레트로 하이 게토레이 블루,81000,90000,240,"나이키 에어 조던 판매합니다
실물 색감 예쁘고 포인트로 활용하기 좋은 아이템입니다

반값택배 가능

네고제안 받습니당 편하게 문의주세요",False,https://fruitsfamily.com/product/433o7/%EB%82%98%EC%9D%B4%ED%82%A4-%EC%97%90%EC%96%B4-%EC%A1%B0%EB%8D%98-1-%EB%A0%88%ED%8A%B8%EB%A1%9C-%ED%95%98%EC%9D%B4-%EA%B2%8C%ED%86%A0%EB%A0%88%EC%9D%B4-%EB%B8%94%EB%A3%A8,2026-08-04,https://image.production.fruitsfamily.com/public/product/resized%40width620/g0McpwaQ4B-7F11B524-8F1D-4BA9-B4E0-1DCD9910C824.jpg|https://image.production.fruitsfamily.com/public/product/resized%40width620/3_G-mg7Pp0-8EA08E4F-C7E3-4044-B4B9-5A9AA7462900.jpg|https://image.production.fruitsfamily.com/public/product/resized%40width620/xOGNXeGUv6-A7117BB6-AC70-48C8-AE36-7EF26BC5BBF5.jpg|https://image.production.fruitsfamily.com/public/product/resized%40width620/bODObOmOeq-8FE8601F-99CB-4765-BB22-2E4D32316314.jpg|https://image.production.fruitsfamily.com/public/product/resized%40width620/y1i83ah5P3-077FE589-CC69-4D55-939D-52F503549A88.jpg|https://image.production.fruitsfamily.com/public/product/resized%40width620/2N-XUOVvqe-A4F2B8E9-60BA-4B14-9CF3-533C37214FED.jpg|https://image.production.fruitsfamily.com/public/product/resized%40width620/Xxo8Ttps6A-0C6ACE86-18B2-4236-AC6B-83D7BA80CDDB.jpg,data/images/nike/6863191_01.jpg|data/images/nike/6863191_02.jpg|data/images/nike/6863191_03.jpg
FRUITSFAMILY,8425932,Nike,Nike,(230)나이키 스투시 발토로,90000,100000,230,"크림에서 구매한 정품입니다!
상태 좋아용
박스도 있습니다!",False,https://fruitsfamily.com/product/50lho/230-%EB%82%98%EC%9D%B4%ED%82%A4-%EC%8A%A4%ED%88%AC%EC%8B%9C-%EB%B0%9C%ED%86%A0%EB%A1%9C,2026-08-04,https://image.production.fruitsfamily.com/public/product/resized%40width620/3eyAWcsbI-1c37986e9084.jpg|https://image.production.fruitsfamily.com/public/product/resized%40width620/QawRAczJ0H-1aed35f5d2d7.jpg|https://image.production.fruitsfamily.com/public/product/resized%40width620/CjeNyvs050-f7dca3740219.jpg|https://image.production.fruitsfamily.com/public/product/resized%40width620/kGCM1csX9-9f788764d15c.jpg,data/images/nike/8425932_01.jpg|data/images/nike/8425932_02.jpg|data/images/nike/8425932_03.jpg
FRUITSFAMILY,9401278,Nike,Nike,00s air force seamless supreme,150000,250000,280,"00s 통짜가죽 에어포스 슈프림 시리즈입니다
색깔은 짙은 네이비고 아직 가수분해도 안 온 좋은 상태입니다
끈 끼우면 첫번째 사진 참고하시면 됩니다",False,https://fruitsfamily.com/product/5li2m/00s-air-force-seamless-supreme,2026-08-04,https://image.production.fruitsfamily.com/public/product/resized%40width620/TMJIcA4Oh-612aff18ff04.jpg|https://image.production.fruitsfamily.com/public/product/resized%40width620/lZchfkvg6n-5b0fcd92c03d.jpg|https://image.production.fruitsfamily.com/public/product/resized%40width620/1iOdVouylj-8dbf2b389f67.jpg|https://image.production.fruitsfamily.com/public/product/resized%40width620/UWMlqv4X1O-940cd63b856f.jpg|https://image.production.fruitsfamily.com/public/product/resized%40width620/5j2GgfkqyA-114dea0d679b.jpg,data/images/nike/9401278_01.jpg|data/images/nike/9401278_02.jpg|data/images/nike/9401278_03.jpg
FRUITSFAMILY,1984137,Nike,Nike,나이키 에어포스1 미드QS NYC,121500,135000,245,"나이키 에어포스1 미드 NYC 미드나잇 네이비

화이트 +네이비+블론드 색상의 조합과 엠보느낌의 
나이키 스우시로고가 아웃솔에는 뉴욕지하철 그린라인의
 4. 5. 6호선을 표현한 유니크한 아이템

Color : 화이트
Size : US 6.5 (240~245)
구성품 : 제품 

🔸 직거래 가능
🔸 택배가능 (구매자 본인 부담)
🔸 중고제품 특성상 교환 또는 환불 불가
🔸금호상사에서 판매하는 모든 제품은 정품입니다

#금호상사173 #세컨핸드샵 #빈티지샵
#나이키에어포스원 #나이키에어포스1미드 #nyc미드나잇",False,https://fruitsfamily.com/product/16iyx/%EB%82%98%EC%9D%B4%ED%82%A4-%EC%97%90%EC%96%B4%ED%8F%AC%EC%8A%A41-%EB%AF%B8%EB%93%9Cqs-nyc,2026-08-04,https://image.production.fruitsfamily.com/public/product/resized%40width620/rycv6Nf6JS-04AE0533-50F7-43AC-92B2-DB4094E260D6.jpg|https://image.production.fruitsfamily.com/public/product/resized%40width620/i5v5-2KASO-EB4D50BE-274A-4E19-BCE4-D033C76470DE.jpg|https://image.production.fruitsfamily.com/public/product/resized%40width620/bk_KXjpWlv-5F407E15-76C1-45B8-9454-6C4E57301AE9.jpg|https://image.production.fruitsfamily.com/public/product/resized%40width620/ZRpXJfRHQt-60C89617-D591-4BCA-8389-2AE78E2E9C57.jpg|https://image.production.fruitsfamily.com/public/product/resized%40width620/4DDJKPjF6g-C69BF049-B15F-4FFE-979B-D4437062CA9C.jpg|https://image.production.fruitsfamily.com/public/product/resized%40width620/LWio8ld3Tt-E5E5E5CA-45F8-4824-AB0B-0DA6462EB8AD.jpg|https://image.production.fruitsfamily.com/public/product/resized%40width620/IM44YcpTRk-0197E8AA-89DF-4BC1-9848-339B06181F76.jpg|https://image.production.fruitsfamily.com/public/product/resized%40width620/JiCvUipLNc-AD0CCBAA-C65C-46FF-A5CF-5A393CB06E33.jpg|https://image.production.fruitsfamily.com/public/product/resized%40width620/bDRuVKMG7D-A76F03B4-F969-4B18-971E-149517B06271.jpg,data/images/nike/1984137_01.jpg|data/images/nike/1984137_02.jpg|data/images/nike/1984137_03.jpg
FRUITSFAMILY,9064032,Nike,Nike,[판매](265)나이키 에어 맥스 95 빅 버블 메탈릭 실버,189000,239000,265,"상품명 : 나이키 에어 맥스 95 빅 버블 메탈릭 실버
사이즈 : 265mm
구입처 : 무신사(무신사 한정모델)
가격 : 18.9만원(정가 23.9만원) - *쿨거 배송비 무료
상태 : 새상품(박스, 택)
시착만 해본 택 달린 새상품입니다.

※ 기타 추가 설명 및 사진 등은 톡으로 문의주세요.
※ 단순 변심, 퀄리티 등 미세한 하자로 인한 반품 불가.

택배거래 : 배송비 별도
직거래 : 경기도 시흥시(장곡, 장현)",False,https://fruitsfamily.com/product/5e9uo/%ED%8C%90%EB%A7%A4-265-%EB%82%98%EC%9D%B4%ED%82%A4-%EC%97%90%EC%96%B4-%EB%A7%A5%EC%8A%A4-95-%EB%B9%85-%EB%B2%84%EB%B8%94-%EB%A9%94%ED%83%88%EB%A6%AD-%EC%8B%A4%EB%B2%84,2026-08-04,https://image.production.fruitsfamily.com/public/product/resized%40width620/GdjCQDCbD-8df4a37b2601.jpg|https://image.production.fruitsfamily.com/public/product/resized%40width620/HCh795s3Gs-e8c08af0cc51.jpg|https://image.production.fruitsfamily.com/public/product/resized%40width620/IrndPPAPZ-f97249289188.jpg|https://image.production.fruitsfamily.com/public/product/resized%40width620/_WBP0Z3nuv-eb693fa9be53.jpg|https://image.production.fruitsfamily.com/public/product/resized%40width620/rrlozwr1ZA-b766c6df209f.jpg|https://image.production.fruitsfamily.com/public/product/resized%40width620/roXDY3sQkf-0bccc4befbad.jpg,data/images/nike/9064032_01.jpg|data/images/nike/9064032_02.jpg|data/images/nike/9064032_03.jpg
FRUITSFAMILY,9069440,Nike,Nike,나이키 스니커즈 운동화,100000,,240,"사이즈 240

1회 착화(거의 새상품)

단순 변심 및 사이즈에 의한 환불 안됩니다.
신중한 구매 부탁드립니다.",False,https://fruitsfamily.com/product/5ee0w/%EB%82%98%EC%9D%B4%ED%82%A4-%EC%8A%A4%EB%8B%88%EC%BB%A4%EC%A6%88-%EC%9A%B4%EB%8F%99%ED%99%94,2026-08-04,https://image.production.fruitsfamily.com/public/product/resized%40width620/qAVkvmjq5-047b92cf081c.jpg|https://image.production.fruitsfamily.com/public/product/resized%40width620/m7HLATPXhL-5465d7b4a775.jpg|https://image.production.fruitsfamily.com/public/product/resized%40width620/xgIFFtlv9n-dfbb20ffcf1c.jpg|https://image.production.fruitsfamily.com/public/product/resized%40width620/kvXUpwFcMr-a3fd062576f3.jpg|https://image.production.fruitsfamily.com/public/product/resized%40width620/BOV99AcMrG-b0a15b45a463.jpg|https://image.production.fruitsfamily.com/public/product/resized%40width620/nVYHicZpS9-fbbefd692bd1.jpg|https://image.production.fruitsfamily.com/public/product/resized%40width620/hNnfy-aRkm-f708ca6b36b0.jpg|https://image.production.fruitsfamily.com/public/product/resized%40width620/OJ-dg13B7C-e5ca56c4a964.jpg|https://image.production.fruitsfamily.com/public/product/resized%40width620/8dudrxWAY-62b9ca30e622.jpg,data/images/nike/9069440_01.jpg|data/images/nike/9069440_02.jpg|data/images/nike/9069440_03.jpg
FRUITSFAMILY,9784452,Nike,Nike,(280) 나이키 샥스  nz 블랙,115000,150000,280,2000년대 출시한 샥스 nz 구하기 어려운 색상이라 어렵게 구매했는데 사이즈 미스로 팔아요,False,https://fruitsfamily.com/product/5tpqc/280-%EB%82%98%EC%9D%B4%ED%82%A4-%EC%83%A5%EC%8A%A4-nz-%EB%B8%94%EB%9E%99,2026-08-04,https://image.production.fruitsfamily.com/public/product/resized%40width620/KML_rm59d-9a0138c7f877.jpg|https://image.production.fruitsfamily.com/public/product/resized%40width620/RFlYWV5VUX-a7c91c303494.jpg|https://image.production.fruitsfamily.com/public/product/resized%40width620/GFfY5_fafe-3c80e81b60b7.jpg|https://image.production.fruitsfamily.com/public/product/resized%40width620/tLvhw0TOJS-567e9b6ec21a.jpg,data/images/nike/9784452_01.jpg|data/images/nike/9784452_02.jpg|data/images/nike/9784452_03.jpg
FRUITSFAMILY,10304202,Nike,Nike,[260] 나이키 카시나 덩크 로우 넵튠 그린,200000,270000,260,"나이키 카시나 덩크 로우 넵튠 그린 
사이즈 260
품번 : CZ6501-101
상태 :  깨끗한 중고 
박스 포함

수수료 미포함 금액 입니다",False,https://fruitsfamily.com/product/64uru/260-%EB%82%98%EC%9D%B4%ED%82%A4-%EC%B9%B4%EC%8B%9C%EB%82%98-%EB%8D%A9%ED%81%AC-%EB%A1%9C%EC%9A%B0-%EB%84%B5%ED%8A%A0-%EA%B7%B8%EB%A6%B0,2026-08-04,https://image.production.fruitsfamily.com/public/product/resized%40width620/t-iGkNYr0-5d122730992c.jpg|https://image.production.fruitsfamily.com/public/product/resized%40width620/zxM_zJ7ms-515de48861cb.jpg|https://image.production.fruitsfamily.com/public/product/resized%40width620/CMU-PqQAff-2da851585df8.jpg|https://image.production.fruitsfamily.com/public/product/resized%40width620/d63CdlQqvM-35552849b1e1.jpg|https://image.production.fruitsfamily.com/public/product/resized%40width620/JMabqn5O39-7554de20aa8d.jpg|https://image.production.fruitsfamily.com/public/product/resized%40width620/7rXbJPXKYU-c182df32ad5c.jpg|https://image.production.fruitsfamily.com/public/product/resized%40width620/KdKNiCZAVt-72ce641cdba1.jpg,data/images/nike/10304202_01.jpg|data/images/nike/10304202_02.jpg|data/images/nike/10304202_03.jpg
FRUITSFAMILY,7396013,Nike,Nike,나이키 x 라이엇 스케이트샵 SB 덩크 로우 285,145000,160000,285,"나이키x라이엇 스케이트샵 SB 덩크로우 프로 마호가니 앤팀 레드

사이즈 285(제가 볼있는 280신는데 편하게 잘 맞음) 

나이키 라이엇 콜라보 제품입니다. 

신발 곳곳에 디테일 좋구요 색상 직접보셔야되요 진심 예뻐요

나이키공홈에서 구매해서

보관하다가 5분정도 1회 실착했지만 새상품 컨디션입니다.

새상품급 구하기 힘든 제품일꺼에요 

가품이거나 하자시 환불 가능하지만 둘다 아니라서 환불불가하니

신중한 구매 부탁드립니다. 

풀박 구성품 다있음",False,https://fruitsfamily.com/product/4eist/%EB%82%98%EC%9D%B4%ED%82%A4-x-%EB%9D%BC%EC%9D%B4%EC%97%87-%EC%8A%A4%EC%BC%80%EC%9D%B4%ED%8A%B8%EC%83%B5-sb-%EB%8D%A9%ED%81%AC-%EB%A1%9C%EC%9A%B0-285,2026-08-04,https://image.production.fruitsfamily.com/public/product/resized%40width620/BWJI2TE3Hmf-1768568241723.jpg|https://image.production.fruitsfamily.com/public/product/resized%40width620/QcN07cfvPa-1768568241677.jpg|https://image.production.fruitsfamily.com/public/product/resized%40width620/c242Yk0gQh-1768568241658.jpg|https://image.production.fruitsfamily.com/public/product/resized%40width620/_s870Yx25i-1768568241690.jpg|https://image.production.fruitsfamily.com/public/product/resized%40width620/02SxhiLXEY-1768568241704.jpg|https://image.production.fruitsfamily.com/public/product/resized%40width620/GTzQG85G1z-1768568241714.jpg|https://image.production.fruitsfamily.com/public/product/resized%40width620/v8iUfphE92F-1768568241732.jpg|https://image.production.fruitsfamily.com/public/product/resized%40width620/yeUME9-GwEj-1768568241744.jpg|https://image.production.fruitsfamily.com/public/product/resized%40width620/KrPu-ZaHpCh-1768568241668.jpg|https://image.production.fruitsfamily.com/public/product/resized%40width620/YYdFNko74A-1768568451800.jpg,data/images/nike/7396013_01.jpg|data/images/nike/7396013_02.jpg|data/images/nike/7396013_03.jpg
FRUITSFAMILY,7986050,Nike,Nike,나이키 줌 보메로5 플래티넘 틴트블랙 (245),100000,,245,"한번 신었는데 사이즈 미스로 판매해요

계좌거래시 수수료 X",False,https://fruitsfamily.com/product/4r62q/%EB%82%98%EC%9D%B4%ED%82%A4-%EC%A4%8C-%EB%B3%B4%EB%A9%94%EB%A1%9C5-%ED%94%8C%EB%9E%98%ED%8B%B0%EB%84%98-%ED%8B%B4%ED%8A%B8%EB%B8%94%EB%9E%99-245,2026-08-04,https://image.production.fruitsfamily.com/public/product/resized%40width620/h-YiMlMBw-3424db3b5e12.jpg|https://image.production.fruitsfamily.com/public/product/resized%40width620/i3462eExh5-B929A2C2-C7C2-4844-92E9-8A974E2AA172.jpg|https://image.production.fruitsfamily.com/public/product/resized%40width620/qJQkVAf8n8-CEB9B939-F8C3-46E5-BA2E-89259670D0B3.jpg|https://image.production.fruitsfamily.com/public/product/resized%40width620/WUurFsDngo-1A76DF83-7524-4DFD-8FD6-ECB3B24A131A.jpg|https://image.production.fruitsfamily.com/public/product/resized%40width620/aaSNkypZ5V-5217C99E-5407-4B71-9334-6B64F1A07349.jpg,data/images/nike/7986050_01.jpg|data/images/nike/7986050_02.jpg|data/images/nike/7986050_03.jpg
FRUITSFAMILY,10414915,Adidas,Adidas,아디다스 이지 폼 러너(275size),80000,90000,275,"올해 5월에 구매후 3번 정도 신었습니다. 손이 잘 안가서 판매합니다. 상태 최상 밑창 구멍 뚫림,오염,찢어짐등 하자 전혀 없어요.",False,https://fruitsfamily.com/product/67877/%EC%95%84%EB%94%94%EB%8B%A4%EC%8A%A4-%EC%9D%B4%EC%A7%80-%ED%8F%BC-%EB%9F%AC%EB%84%88-275size,2026-08-04,https://image.production.fruitsfamily.com/public/product/resized%40width620/esucFnKfr-95722b3769d3.jpg|https://image.production.fruitsfamily.com/public/product/resized%40width620/iaJb9PGhbS-68e955278997.jpg|https://image.production.fruitsfamily.com/public/product/resized%40width620/3Y2m2rWJdD-62eed00134a3.jpg|https://image.production.fruitsfamily.com/public/product/resized%40width620/e2y-etDwAB-1e7937e436ef.jpg|https://image.production.fruitsfamily.com/public/product/resized%40width620/UGmQfwmI-i-d828de834db3.jpg|https://image.production.fruitsfamily.com/public/product/resized%40width620/MAMVtFjYDl-ba9144a12555.jpg|https://image.production.fruitsfamily.com/public/product/resized%40width620/sCrHTjzE6a-0df21c72c611.jpg|https://image.production.fruitsfamily.com/public/product/resized%40width620/FfmoaetwpX-53cbdb3e9417.jpg|https://image.production.fruitsfamily.com/public/product/resized%40width620/Q0p4G7Dl1T-ce94eb5da861.jpg|https://image.production.fruitsfamily.com/public/product/resized%40width620/8n5M8egSIi-ffd854393239.jpg,data/images/adidas/10414915_01.jpg|data/images/adidas/10414915_02.jpg|data/images/adidas/10414915_03.jpg
FRUITSFAMILY,10371044,Adidas,Adidas,아디다스 스탠 스미스 트리플 블랙 270,90000,100000,270,밑창 보시면 야외 한 두번 착용하고 그 이외 구겨짐 하자 아예없어요 2달전 크림에서 구매했고 새상품급입니다,False,https://fruitsfamily.com/product/66ack/%EC%95%84%EB%94%94%EB%8B%A4%EC%8A%A4-%EC%8A%A4%ED%83%A0-%EC%8A%A4%EB%AF%B8%EC%8A%A4-%ED%8A%B8%EB%A6%AC%ED%94%8C-%EB%B8%94%EB%9E%99-270,2026-08-04,https://image.production.fruitsfamily.com/public/product/resized%40width620/KZfDaXo2q-07a2e2387992.jpg|https://image.production.fruitsfamily.com/public/product/resized%40width620/a6RBHDBulT-0ac1bd45498d.jpg|https://image.production.fruitsfamily.com/public/product/resized%40width620/5r0JdempQS-9db689300599.jpg|https://image.production.fruitsfamily.com/public/product/resized%40width620/n5g-fSKBUr-ae3e342fcdd8.jpg|https://image.production.fruitsfamily.com/public/product/resized%40width620/j7zwJNFqZV-ab3e637e9304.jpg,data/images/adidas/10371044_01.jpg|data/images/adidas/10371044_02.jpg|data/images/adidas/10371044_03.jpg
FRUITSFAMILY,10414922,Adidas,Adidas,아디다스 여자 키높이 운동화 오즈가이아 화이트,60000,,220,"아디다스 오즈가이아 화이트 

사이즈 220 

정품 및 새제품입니다 

구매후 보관만 하다가 판매합니다 
저한테는 필요가 없어서 이제 판매합니다 

연락주세요",False,https://fruitsfamily.com/product/6787e/%EC%95%84%EB%94%94%EB%8B%A4%EC%8A%A4-%EC%97%AC%EC%9E%90-%ED%82%A4%EB%86%92%EC%9D%B4-%EC%9A%B4%EB%8F%99%ED%99%94-%EC%98%A4%EC%A6%88%EA%B0%80%EC%9D%B4%EC%95%84-%ED%99%94%EC%9D%B4%ED%8A%B8,2026-08-04,https://image.production.fruitsfamily.com/public/product/resized%40width620/ph-AfzqNq-ecbecf87b201.jpg|https://image.production.fruitsfamily.com/public/product/resized%40width620/Rs89e2EcgU-191e8504acd7.jpg|https://image.production.fruitsfamily.com/public/product/resized%40width620/5ImRivy8Fg-67140779b192.jpg,data/images/adidas/10414922_01.jpg|data/images/adidas/10414922_02.jpg|data/images/adidas/10414922_03.jpg
FRUITSFAMILY,8256250,Adidas,Adidas,아디다스 아디제로 PR 카본 코어 블랙,84000,120000,265,"아디다스 아디제로 PR 카본 블랙 색상입니다.
사이즈는 265사이즈고 
실착용 1회여서 상태 하자없이 좋습니다.
새상품이라 보셔도 무방합니다.

연락주세요.",False,https://fruitsfamily.com/product/4wyka/%EC%95%84%EB%94%94%EB%8B%A4%EC%8A%A4-%EC%95%84%EB%94%94%EC%A0%9C%EB%A1%9C-pr-%EC%B9%B4%EB%B3%B8-%EC%BD%94%EC%96%B4-%EB%B8%94%EB%9E%99,2026-08-04,https://image.production.fruitsfamily.com/public/product/resized%40width620/3Jccx6G9aZ-8CF74FBA-E999-4F72-AA44-71BDAD100FF4.jpg|https://image.production.fruitsfamily.com/public/product/resized%40width620/_X-jgKuK_o-1561342C-D641-469E-8835-9646C56B68E2.jpg|https://image.production.fruitsfamily.com/public/product/resized%40width620/6xF33XVH8H-5D8CD33D-CD4F-42CA-AB73-6B538488DB07.jpg|https://image.production.fruitsfamily.com/public/product/resized%40width620/eMKFnC0P6x-6D2BC5AB-FC01-4BDB-A75B-5E09F251C80A.jpg|https://image.production.fruitsfamily.com/public/product/resized%40width620/_qKNwtJG0n-23389A60-E802-45B1-9A99-E9BD14548FEA.jpg|https://image.production.fruitsfamily.com/public/product/resized%40width620/UFl1ZACfDd-8383FFD4-7AD4-40E0-9A19-CB924851EAD0.jpg|https://image.production.fruitsfamily.com/public/product/resized%40width620/DKob6elBqd-81885A63-59FD-48D9-88FF-3E338AF5883D.jpg,data/images/adidas/8256250_01.jpg|data/images/adidas/8256250_02.jpg|data/images/adidas/8256250_03.jpg
FRUITSFAMILY,10096469,Adidas,Adidas,아디다스 도쿄 235,105000,,235,"아디다스 도쿄입니다

사이즈 235
실착 1회 

더블유컨셉 구매 

중고거래 상 교환,환불 불가입니다
택배비 있어요",False,https://fruitsfamily.com/product/60ehh/%EC%95%84%EB%94%94%EB%8B%A4%EC%8A%A4-%EB%8F%84%EC%BF%84-235,2026-08-04,https://image.production.fruitsfamily.com/public/product/resized%40width620/rDUHxCS9r-4d9d7236110a.jpg|https://image.production.fruitsfamily.com/public/product/resized%40width620/7eQjuRYtAm-a8116ee71700.jpg|https://image.production.fruitsfamily.com/public/product/resized%40width620/puwgvzMwa0-161edb5ccb63.jpg|https://image.production.fruitsfamily.com/public/product/resized%40width620/bYrNeGoDPF-f674b1c24459.jpg|https://image.production.fruitsfamily.com/public/product/resized%40width620/xknozh69jn-fe907677a684.jpg|https://image.production.fruitsfamily.com/public/product/resized%40width620/kJJtz4n-4J-e64b26c34dcc.jpg,data/images/adidas/10096469_01.jpg|data/images/adidas/10096469_02.jpg|data/images/adidas/10096469_03.jpg
FRUITSFAMILY,10143420,Adidas,Adidas,아디다스 오리지널스 센테니얼 85NV,75000,,275,"“아디다스 오리지널스 센테니얼 85NV 판매합니다”

ㆍ제품명: 아디다스 오리지널스 센테니얼 85
ㆍ제품상태 : 새제품, 박스없음 
ㆍ구매시기: 2025.09
ㆍ사이즈 : 275
ㆍ출시가 : 219,000원

클래식 디자인으로 어떤 스타일에도 잘 어울리며, 편안한 착용감이 돋보이는 제품입니다. 또한, 내구성이 뛰어난 고급 소재로 제작되어 오랜 사용이 가능합니다. 일상적인 옷차림은 물론 가벼운 운동에도 적합하여 다양한 활용이 가능합니다.",False,https://fruitsfamily.com/product/61epo/%EC%95%84%EB%94%94%EB%8B%A4%EC%8A%A4-%EC%98%A4%EB%A6%AC%EC%A7%80%EB%84%90%EC%8A%A4-%EC%84%BC%ED%85%8C%EB%8B%88%EC%96%BC-85nv,2026-08-04,https://image.production.fruitsfamily.com/public/product/resized%40width620/Egpb9B3FL-19022dfdd633.jpg|https://image.production.fruitsfamily.com/public/product/resized%40width620/L40hYsrlQr-60b8a366b53a.jpg|https://image.production.fruitsfamily.com/public/product/resized%40width620/OJaNF1VZ9W-dc65dee18d5a.jpg|https://image.production.fruitsfamily.com/public/product/resized%40width620/-I5rJ2GPoq-3537d24417c3.jpg|https://image.production.fruitsfamily.com/public/product/resized%40width620/k6Wa_5fKBC-41146bbe500e.jpg|https://image.production.fruitsfamily.com/public/product/resized%40width620/DhubV730qM-757af2b2c45c.jpg,data/images/adidas/10143420_01.jpg|data/images/adidas/10143420_02.jpg|data/images/adidas/10143420_03.jpg
FRUITSFAMILY,7433142,Adidas,Adidas,아디다스 가젤 브라운 275,75000,78000,275,"아디다스 가젤 브라운 275사이즈입니다!
사용감은 사진에 있는 정도만 있으며, 전체적인 상태는 아주 좋습니다!
상품에 큰 하자 없으니 많은 연락 부탁드립니다~",False,https://fruitsfamily.com/product/4fbg6/%EC%95%84%EB%94%94%EB%8B%A4%EC%8A%A4-%EA%B0%80%EC%A0%A4-%EB%B8%8C%EB%9D%BC%EC%9A%B4-275,2026-08-04,https://image.production.fruitsfamily.com/public/product/resized%40width620/Ra0fN-1yv9-2DAA2B0B-71DE-4241-BB5A-ED33A06EC7D7.jpg|https://image.production.fruitsfamily.com/public/product/resized%40width620/oBlVFiC57I-64A09E7C-5E24-4531-83EC-27259D428499.jpg|https://image.production.fruitsfamily.com/public/product/resized%40width620/CYMD_9ToIv-076A16DA-4D47-4332-8AB3-341EFAAF1A94.jpg|https://image.production.fruitsfamily.com/public/product/resized%40width620/kgbv-vSPLk-A702DD95-4CFE-4B9F-A60C-E0313B0A4881.jpg,data/images/adidas/7433142_01.jpg|data/images/adidas/7433142_02.jpg|data/images/adidas/7433142_03.jpg
FRUITSFAMILY,10267168,Adidas,Adidas,"아디다스 스페지알 브라운 270 , 네이비 275 일괄",80000,,OS,아디다스 스페지알 브라운 270사이즈와 네이비 275사이즈 두 켤레 일괄 판매합니다. 사진에서 보시는 것처럼 두 켤레 모두 상태 좋고 깨끗합니다. 스페지알 특유의 디자인과 편안함으로 데일리로 신기 좋습니다. 구매 원하시면 바로 안전결제 해주시면 됩니다!,False,https://fruitsfamily.com/product/64274/%EC%95%84%EB%94%94%EB%8B%A4%EC%8A%A4-%EC%8A%A4%ED%8E%98%EC%A7%80%EC%95%8C-%EB%B8%8C%EB%9D%BC%EC%9A%B4-270-%EB%84%A4%EC%9D%B4%EB%B9%84-275-%EC%9D%BC%EA%B4%84,2026-08-04,https://image.production.fruitsfamily.com/public/product/resized%40width620/qb84cmbxE-43516bc6b578.jpg|https://image.production.fruitsfamily.com/public/product/resized%40width620/J_4TY69lUx-ac13fdcc0f6a.jpg|https://image.production.fruitsfamily.com/public/product/resized%40width620/ttjflu548-d88e6c405fa9.jpg|https://image.production.fruitsfamily.com/public/product/resized%40width620/wZdMTz-nW-a2e495d80f9b.jpg|https://image.production.fruitsfamily.com/public/product/resized%40width620/13UwA20K7p-760c57239f83.jpg|https://image.production.fruitsfamily.com/public/product/resized%40width620/47diDwyDH-641478199089.jpg|https://image.production.fruitsfamily.com/public/product/resized%40width620/1veTcwdyQq-d3ed4aef6159.jpg|https://image.production.fruitsfamily.com/public/product/resized%40width620/yUFCEtkI3m-3728057c6517.jpg|https://image.production.fruitsfamily.com/public/product/resized%40width620/Z40rqyARd7-32809af5388f.jpg,data/images/adidas/10267168_01.jpg|data/images/adidas/10267168_02.jpg|data/images/adidas/10267168_03.jpg
FRUITSFAMILY,8722026,Adidas,Adidas,[270] 아디다스 X 웨일즈보너 재팬 화이트 라이트 퍼플(✨새상품),155000,,270,"상태
- 새상품

사이즈
- 270

모델명
- JR1776

더스트백과 추가끈 모두 보유하고 있는 새상품입니다.

📦 택배 +3500
🚛 당일 바로 편의점 택배 접수",False,https://fruitsfamily.com/product/56xyi/270-%EC%95%84%EB%94%94%EB%8B%A4%EC%8A%A4-x-%EC%9B%A8%EC%9D%BC%EC%A6%88%EB%B3%B4%EB%84%88-%EC%9E%AC%ED%8C%AC-%ED%99%94%EC%9D%B4%ED%8A%B8-%EB%9D%BC%EC%9D%B4%ED%8A%B8-%ED%8D%BC%ED%94%8C-%EC%83%88%EC%83%81%ED%92%88,2026-08-04,https://image.production.fruitsfamily.com/public/product/resized%40width620/t9hG06WziZ-AF6EE51A-7286-44AA-AEE3-A2CF2A381217.jpg|https://image.production.fruitsfamily.com/public/product/resized%40width620/hc9gVFT3C6-235AA593-4C01-4635-B8FD-45BC23A6D4C7.jpg|https://image.production.fruitsfamily.com/public/product/resized%40width620/KQwSR0QKYg-FB285AC6-CEF7-4FC3-B755-F3A7E5A638DF.jpg|https://image.production.fruitsfamily.com/public/product/resized%40width620/j5xlWgiQzV-52984842-67D9-4EDB-B0D5-A188D0AF6279.jpg|https://image.production.fruitsfamily.com/public/product/resized%40width620/AWSmxDLAp5-A3E44CF5-3945-47B6-A369-89EF7A4D6F3E.jpg,data/images/adidas/8722026_01.jpg|data/images/adidas/8722026_02.jpg|data/images/adidas/8722026_03.jpg
FRUITSFAMILY,9850535,Adidas,Adidas,Adidas x BAPE 아디다스 베이프 아디제로 EVO SL,300000,,280,"아디다스 x 베이프 아디제로 EVO SL 코어 화이트 메탈릭 골드

Adidas x BAPE Adizero EVO SL Core White Metallic Gold

280 사이즈 미시착 새상품
KJ5751

30 만원 (직•계•이 택포 290,000)

직거래 (천호역 강동구청역 몽촌토성역 잠실나루역 잠실역) 협의 또는 택배 거래 가능합니다. 교환 환불은 어렵습니다.",False,https://fruitsfamily.com/product/5v4pz/adidas-x-bape-%EC%95%84%EB%94%94%EB%8B%A4%EC%8A%A4-%EB%B2%A0%EC%9D%B4%ED%94%84-%EC%95%84%EB%94%94%EC%A0%9C%EB%A1%9C-evo-sl,2026-08-04,https://image.production.fruitsfamily.com/public/product/resized%40width620/bfsWKyhU9-b7316f8109d6.jpg|https://image.production.fruitsfamily.com/public/product/resized%40width620/s6AS1obE3z-8db6d08c4f8b.jpg|https://image.production.fruitsfamily.com/public/product/resized%40width620/kRzxC3RnfA-9701a3cc9ba5.jpg|https://image.production.fruitsfamily.com/public/product/resized%40width620/D9io726NIv-e94a62266a99.jpg|https://image.production.fruitsfamily.com/public/product/resized%40width620/G6vBZCoM3M-e7ba55617c47.jpg|https://image.production.fruitsfamily.com/public/product/resized%40width620/h-_d-I1ZgC-d221032933f7.jpg,data/images/adidas/9850535_01.jpg|data/images/adidas/9850535_02.jpg|data/images/adidas/9850535_03.jpg
FRUITSFAMILY,9992625,Adidas,Adidas,아디다스 스페지알 핸드볼 코어 블랙 클라우드 화이트 250,95000,,250,"✔️250 사이즈

✔️실착 10회 미만입니다. (사진 첨부)

가죽 손상은 없으며, 처음부터 가죽 표면이 하얗게 보이는 부분이 있습니다. 오염이나 벗겨짐이 아닌 가죽 특성으로 보입니다. 

현재 크림 기준 약 29만 원에 판매되고 있는 제품입니다.

가죽 표면 일부가 처음부터 하얗게 보이는 부분이 있어 구매한 가격보다 저렴하게 판매합니다.

중고거래 특성상 교환 및 환불은 어려우니 
신중한 구매 부탁드립니다.

궁금하신 점은 편하게 문의 주세요!",False,https://fruitsfamily.com/product/5y6cx/%EC%95%84%EB%94%94%EB%8B%A4%EC%8A%A4-%EC%8A%A4%ED%8E%98%EC%A7%80%EC%95%8C-%ED%95%B8%EB%93%9C%EB%B3%BC-%EC%BD%94%EC%96%B4-%EB%B8%94%EB%9E%99-%ED%81%B4%EB%9D%BC%EC%9A%B0%EB%93%9C-%ED%99%94%EC%9D%B4%ED%8A%B8-250,2026-08-04,https://image.production.fruitsfamily.com/public/product/resized%40width620/4-CievW4f-3797e47fdc25.jpg|https://image.production.fruitsfamily.com/public/product/resized%40width620/eX8ZfY9hxl-04cdda0a34c5.jpg|https://image.production.fruitsfamily.com/public/product/resized%40width620/8sQHU-8ta1-a27ec32cd7a9.jpg|https://image.production.fruitsfamily.com/public/product/resized%40width620/l0Pe_CduGS-799bc260fb20.jpg|https://image.production.fruitsfamily.com/public/product/resized%40width620/eF99WJS4p9-ceb53ceecfd1.jpg|https://image.production.fruitsfamily.com/public/product/resized%40width620/KjNyGGLz8H-d362ed8076b2.jpg,data/images/adidas/9992625_01.jpg|data/images/adidas/9992625_02.jpg|data/images/adidas/9992625_03.jpg
FRUITSFAMILY,9495610,Adidas,Adidas,아디다스 도쿄 실버 메탈릭 크림 화이트 230,135000,150000,230,"너무 예뻐서 구매하고 2번 실착 한 후에 신발장에 보관했어요 !! 🥹 상태 좋습니다아 
제가 가지고 있는 옷이랑 매치하기 힘들어 손이 안가서 판매해요 !! 
현재 230사이즈 품절인 상품입니다 !",False,https://fruitsfamily.com/product/5niuy/%EC%95%84%EB%94%94%EB%8B%A4%EC%8A%A4-%EB%8F%84%EC%BF%84-%EC%8B%A4%EB%B2%84-%EB%A9%94%ED%83%88%EB%A6%AD-%ED%81%AC%EB%A6%BC-%ED%99%94%EC%9D%B4%ED%8A%B8-230,2026-08-04,https://image.production.fruitsfamily.com/public/product/resized%40width620/_qpzPs0J7-e27274bbcb81.jpg|https://image.production.fruitsfamily.com/public/product/resized%40width620/txmYmg2L_b-39810f7180c9.jpg|https://image.production.fruitsfamily.com/public/product/resized%40width620/y6Pgvh5C8M-c0206f6965b0.jpg,data/images/adidas/9495610_01.jpg|data/images/adidas/9495610_02.jpg|data/images/adidas/9495610_03.jpg
FRUITSFAMILY,10229092,Adidas,Adidas,아디다스 아디제로 아디오스 프로 4 루시드 레몬 코어 블랙 275사이즈,170000,,275,"마일리지 5키로 뛰었습니다
발모양이 저랑 안맞아서 팝니다
상태 그냥 깨끗합니다
발냄새 안납니다
저 대신 열심히 뛰어주십쇼
2체 택포 수수료
거의 새상품 싸게가져가세요",False,https://fruitsfamily.com/product/638tg/%EC%95%84%EB%94%94%EB%8B%A4%EC%8A%A4-%EC%95%84%EB%94%94%EC%A0%9C%EB%A1%9C-%EC%95%84%EB%94%94%EC%98%A4%EC%8A%A4-%ED%94%84%EB%A1%9C-4-%EB%A3%A8%EC%8B%9C%EB%93%9C-%EB%A0%88%EB%AA%AC-%EC%BD%94%EC%96%B4-%EB%B8%94%EB%9E%99-275%EC%82%AC%EC%9D%B4%EC%A6%88,2026-08-04,https://image.production.fruitsfamily.com/public/product/resized%40width620/42hWB8Io3-1c612754ab84.jpg|https://image.production.fruitsfamily.com/public/product/resized%40width620/MZwMqn65B3-2fdc7b3cc2ba.jpg|https://image.production.fruitsfamily.com/public/product/resized%40width620/Ron21q0IFc-506ad9c41d6e.jpg|https://image.production.fruitsfamily.com/public/product/resized%40width620/u2-WA78wK4-07176f2de6e3.jpg|https://image.production.fruitsfamily.com/public/product/resized%40width620/OfQ5HwmeRU-0abb604d6bde.jpg|https://image.production.fruitsfamily.com/public/product/resized%40width620/yEngcmkZR-2a7623a0461f.jpg,data/images/adidas/10229092_01.jpg|data/images/adidas/10229092_02.jpg|data/images/adidas/10229092_03.jpg
FRUITSFAMILY,10028691,Adidas,Adidas,아디다스 삼바 OG 나이트 네이비 크림 화이트,89000,,265,"크림에서 구매 후 2회실착이구요 
거의새상품이고 풀박스 구성입니다
편하게 연락주세요",False,https://fruitsfamily.com/product/5yy6r/%EC%95%84%EB%94%94%EB%8B%A4%EC%8A%A4-%EC%82%BC%EB%B0%94-og-%EB%82%98%EC%9D%B4%ED%8A%B8-%EB%84%A4%EC%9D%B4%EB%B9%84-%ED%81%AC%EB%A6%BC-%ED%99%94%EC%9D%B4%ED%8A%B8,2026-08-04,https://image.production.fruitsfamily.com/public/product/resized%40width620/6RI6m7NgWB-d6ae237a3d59.jpg|https://image.production.fruitsfamily.com/public/product/resized%40width620/cnnw_bFJ_-c4e68b7e820d.jpg|https://image.production.fruitsfamily.com/public/product/resized%40width620/sKaJQhxxd6-0edd1ab0e09d.jpg|https://image.production.fruitsfamily.com/public/product/resized%40width620/5-W-8aX3-K-df8a600a18a4.jpg|https://image.production.fruitsfamily.com/public/product/resized%40width620/_FK619FaVK-d932e0a85f71.jpg,data/images/adidas/10028691_01.jpg|data/images/adidas/10028691_02.jpg|data/images/adidas/10028691_03.jpg
FRUITSFAMILY,7330017,Adidas,Adidas,(270) 아디다스 x 웨일스 보너 나일론 삼바 폭스 브라운 샌디 베이지,175000,250000,270,"구매 후 실착 2회입니다(총 7시간)
황금사이즈 270사이즈입니다.
풀박입니다.
마지막 사진 왼쪽 뒷꿈치 쪽에 얼룩 하자 있습니다.
쿨거시 택배비 빼드릴게요",False,https://fruitsfamily.com/product/4d3vl/270-%EC%95%84%EB%94%94%EB%8B%A4%EC%8A%A4-x-%EC%9B%A8%EC%9D%BC%EC%8A%A4-%EB%B3%B4%EB%84%88-%EB%82%98%EC%9D%BC%EB%A1%A0-%EC%82%BC%EB%B0%94-%ED%8F%AD%EC%8A%A4-%EB%B8%8C%EB%9D%BC%EC%9A%B4-%EC%83%8C%EB%94%94-%EB%B2%A0%EC%9D%B4%EC%A7%80,2026-08-04,https://image.production.fruitsfamily.com/public/product/resized%40width620/FddrCjUTIM-19086397-B67E-45C9-9A04-564D3741515B.jpg|https://image.production.fruitsfamily.com/public/product/resized%40width620/GC7gsPjp3R-5241079F-CCEE-42D6-AE4F-6697F3DD19B1.jpg|https://image.production.fruitsfamily.com/public/product/resized%40width620/JP90y3fhTt-4CC0A4C5-C6D9-48AD-9C31-65560D2DC890.jpg|https://image.production.fruitsfamily.com/public/product/resized%40width620/FGqRC-Oa32-0C5DC88D-F5EE-4803-AFCE-13EDF281DD61.jpg|https://image.production.fruitsfamily.com/public/product/resized%40width620/QRuoYNm1bT-2461C483-4465-455B-A71D-A0B3ACBE5A45.jpg,data/images/adidas/7330017_01.jpg|data/images/adidas/7330017_02.jpg|data/images/adidas/7330017_03.jpg
FRUITSFAMILY,6119652,Adidas,Adidas,아디다스 미소니 펄스부스트 270 사이즈 새상품,115000,125000,270,아디다스 미소니 펄스부스트 270 사이즈 새상품,False,https://fruitsfamily.com/product/3n5yc/%EC%95%84%EB%94%94%EB%8B%A4%EC%8A%A4-%EB%AF%B8%EC%86%8C%EB%8B%88-%ED%8E%84%EC%8A%A4%EB%B6%80%EC%8A%A4%ED%8A%B8-270-%EC%82%AC%EC%9D%B4%EC%A6%88-%EC%83%88%EC%83%81%ED%92%88,2026-08-04,https://image.production.fruitsfamily.com/public/product/resized%40width620/acvE7VymUK-1760358991274.jpg|https://image.production.fruitsfamily.com/public/product/resized%40width620/wpdNhA65JQ-1760358991300.jpg|https://image.production.fruitsfamily.com/public/product/resized%40width620/fwfkbfobc-1760358991321.jpg|https://image.production.fruitsfamily.com/public/product/resized%40width620/YMvJPxS5DN-1760358991335.jpg,data/images/adidas/6119652_01.jpg|data/images/adidas/6119652_02.jpg|data/images/adidas/6119652_03.jpg
FRUITSFAMILY,9862587,Adidas,Adidas,아디다스 x 송 포 더 뮤트 컨트리 OG 그레이 투 코어 블랙,200000,250000,245,"1회 착용하고 보관해서 거의 새상품입니다
바닥 상태 보시면 아시겠지만 진짜 상태 좋아용

245사이즈이고 
개인 사이즈 문의 받지 않습니다!",False,https://fruitsfamily.com/product/5ve0r/%EC%95%84%EB%94%94%EB%8B%A4%EC%8A%A4-x-%EC%86%A1-%ED%8F%AC-%EB%8D%94-%EB%AE%A4%ED%8A%B8-%EC%BB%A8%ED%8A%B8%EB%A6%AC-og-%EA%B7%B8%EB%A0%88%EC%9D%B4-%ED%88%AC-%EC%BD%94%EC%96%B4-%EB%B8%94%EB%9E%99,2026-08-04,https://image.production.fruitsfamily.com/public/product/resized%40width620/hYf08N_G5-b02280cc28c2.jpg|https://image.production.fruitsfamily.com/public/product/resized%40width620/RNXg2u-JTh-02f290096f48.jpg|https://image.production.fruitsfamily.com/public/product/resized%40width620/KcXxdD_JqK-24c09b1c0853.jpg|https://image.production.fruitsfamily.com/public/product/resized%40width620/HXQNmkAAaU-786ee57b827d.jpg|https://image.production.fruitsfamily.com/public/product/resized%40width620/5U8kkEUXnB-e431c05aa9d5.jpg|https://image.production.fruitsfamily.com/public/product/resized%40width620/DDqrTi52YO-18590d0965a5.jpg,data/images/adidas/9862587_01.jpg|data/images/adidas/9862587_02.jpg|data/images/adidas/9862587_03.jpg
FRUITSFAMILY,10383996,Adidas,Adidas,Y-3 아디오스 프로 3.0 코어 블랙 오프 화이트,190000,,275,"아디다스 y3협업 제품으로 
경복궁 온유어마크 매장에서 
51만9천원 정가주고 구입한 제품입니다. 

풀코스때 신으려고 샀는데 
모셔두고 있다가 작년 대회에 
다른 모델을 신고 참여 하게 되어 
총 마일리지 35km 정도 밖에 안됩니다. 

20키로 lsd, 10키로, 5키로 조깅 등으로 
착용감 적응하기 위해 착용했고 
다른 러닝화도 많고 
모셔두는것 보단 쓸 사람이 쓰는게 
좋을것 같아 판매 합니다. 

박스, 슈레이스, 본 제품 풀 구성입니다.",False,https://fruitsfamily.com/product/66kcc/y-3-%EC%95%84%EB%94%94%EC%98%A4%EC%8A%A4-%ED%94%84%EB%A1%9C-3-0-%EC%BD%94%EC%96%B4-%EB%B8%94%EB%9E%99-%EC%98%A4%ED%94%84-%ED%99%94%EC%9D%B4%ED%8A%B8,2026-08-04,https://image.production.fruitsfamily.com/public/product/resized%40width620/axaKqlc_6-5711d3e1900b.jpg|https://image.production.fruitsfamily.com/public/product/resized%40width620/HDma4yztLP-d113d0b48812.jpg|https://image.production.fruitsfamily.com/public/product/resized%40width620/lPAnj4Q7sM-59de68355af4.jpg|https://image.production.fruitsfamily.com/public/product/resized%40width620/wAZ69Uo3wM-03104878be43.jpg|https://image.production.fruitsfamily.com/public/product/resized%40width620/ZUnZerEa5B-bbe86f65dde6.jpg|https://image.production.fruitsfamily.com/public/product/resized%40width620/jPlvyrYfcu-b7c5d9de2ee0.jpg|https://image.production.fruitsfamily.com/public/product/resized%40width620/v58CUwO-F0-d2258e80f5aa.jpg|https://image.production.fruitsfamily.com/public/product/resized%40width620/pt18oiZtn_-0aac519041fc.jpg|https://image.production.fruitsfamily.com/public/product/resized%40width620/p_flLtGUMY-93008c420c1c.jpg|https://image.production.fruitsfamily.com/public/product/resized%40width620/pryhrc9yu7-acc23ff6b7c8.jpg,data/images/adidas/10383996_01.jpg|data/images/adidas/10383996_02.jpg|data/images/adidas/10383996_03.jpg
FRUITSFAMILY,10013467,Adidas,Adidas,시즌오프 아디다스 패딩부츠 아디윈터부츠,100000,,235,"표기 사이즈는 235이지만 발볼없으시면 240이셔도 잘 맞아요🩷 

- 소장가치 높은 정품 빈티지 제품들만 데려옵니다! 

 - 계좌이체시 수수료X!

#빈티지 #아디다스 #패딩부츠",False,https://fruitsfamily.com/product/5ymfv/%EC%8B%9C%EC%A6%8C%EC%98%A4%ED%94%84-%EC%95%84%EB%94%94%EB%8B%A4%EC%8A%A4-%ED%8C%A8%EB%94%A9%EB%B6%80%EC%B8%A0-%EC%95%84%EB%94%94%EC%9C%88%ED%84%B0%EB%B6%80%EC%B8%A0,2026-08-04,https://image.production.fruitsfamily.com/public/product/resized%40width620/ggWZdTWo7h-679054de1d96.jpg|https://image.production.fruitsfamily.com/public/product/resized%40width620/lsJPcA17r-c78b6cac3762.jpg|https://image.production.fruitsfamily.com/public/product/resized%40width620/CmhtH-EBS1-4c86d91185bc.jpg|https://image.production.fruitsfamily.com/public/product/resized%40width620/15e14_swel-546cd421c4d9.jpg|https://image.production.fruitsfamily.com/public/product/resized%40width620/oqPUAM7Oot-856b9d34cfec.jpg,data/images/adidas/10013467_01.jpg|data/images/adidas/10013467_02.jpg|data/images/adidas/10013467_03.jpg
FRUITSFAMILY,10402735,Adidas,Adidas,아디다스 퍼렐 윌리엄스 275 미개봉,140000,150000,275,"제니가 신어서 유명한

아디다스 퍼렐 윌리엄스 블루 색상 275 사이즈 제품이에요

미개봉 새제품으로 사진에서 확인 가능해요

새 제품 가격은 189,000원이에요

편안한 착용감으로  실내 활동에 제격이에요",False,https://fruitsfamily.com/product/66ysv/%EC%95%84%EB%94%94%EB%8B%A4%EC%8A%A4-%ED%8D%BC%EB%A0%90-%EC%9C%8C%EB%A6%AC%EC%97%84%EC%8A%A4-275-%EB%AF%B8%EA%B0%9C%EB%B4%89,2026-08-04,https://image.production.fruitsfamily.com/public/product/resized%40width620/NZSHJshH7-4fa064829908.jpg|https://image.production.fruitsfamily.com/public/product/resized%40width620/02JFGL79Ts-3ede78da53b4.jpg|https://image.production.fruitsfamily.com/public/product/resized%40width620/L5PK5zLLMD-d1fe9773fb3f.jpg|https://image.production.fruitsfamily.com/public/product/resized%40width620/72ExRr5j-y-7202dc548a39.jpg|https://image.production.fruitsfamily.com/public/product/resized%40width620/Dj4wLw-URE-41e21bc9a93c.jpg,data/images/adidas/10402735_01.jpg|data/images/adidas/10402735_02.jpg|data/images/adidas/10402735_03.jpg
FRUITSFAMILY,10186088,New Balance,New Balance,[295] 뉴발란스 x 더블탭스 1300 Made in USA 블랙 화이,290000,300000,295,"뉴발란스 x 더블탭스 1300 Made in USA 블랙 화이트 295사이즈 미시착 새상품 입니다. 도버 공홈 구매 인보이스 포함.

* 안전결제 가능합니다.
* 중고거래 특성상 가품 이외 환불 불가합니다.
* 상세 사진 상세하게 올렸으니 사진 참고 부탁드리며 신중한 거래 부탁드립니다.",False,https://fruitsfamily.com/product/62bmw/295-%EB%89%B4%EB%B0%9C%EB%9E%80%EC%8A%A4-x-%EB%8D%94%EB%B8%94%ED%83%AD%EC%8A%A4-1300-made-in-usa-%EB%B8%94%EB%9E%99-%ED%99%94%EC%9D%B4,2026-08-04,https://image.production.fruitsfamily.com/public/product/resized%40width620/zOxgoztjt-3fc7bdc67069.jpg|https://image.production.fruitsfamily.com/public/product/resized%40width620/dAIkj6h4xp-f0ac29b4addf.jpg|https://image.production.fruitsfamily.com/public/product/resized%40width620/h1nKY9ytQ3-850ea0c4b080.jpg,data/images/new_balance/10186088_01.jpg|data/images/new_balance/10186088_02.jpg|data/images/new_balance/10186088_03.jpg
FRUITSFAMILY,7181529,New Balance,New Balance,뉴발란스 M990TC3  올리브 리프 블랙 사이즈 265,121500,135000,265,"뉴발란스 M990TC3  올리브 리프 블랙 사이즈 265

23년에 판매되었던 제품입니다 
5회 미만 착용하였습니다

상태 9.5/10 입니다.
265 사이즈이고 국내정품입니다.
신발이 많아 판매 합니다.",False,https://fruitsfamily.com/product/49xax/%EB%89%B4%EB%B0%9C%EB%9E%80%EC%8A%A4-m990tc3-%EC%98%AC%EB%A6%AC%EB%B8%8C-%EB%A6%AC%ED%94%84-%EB%B8%94%EB%9E%99-%EC%82%AC%EC%9D%B4%EC%A6%88-265,2026-08-04,https://image.production.fruitsfamily.com/public/product/resized%40width620/XgLdZegHWh-E1B42C0C-2D19-496B-87CA-8793E0CFE5E6.jpg|https://image.production.fruitsfamily.com/public/product/resized%40width620/Jd0bjB2QkN-0DF76213-1BE3-45B9-9440-30A8DD721925.jpg|https://image.production.fruitsfamily.com/public/product/resized%40width620/Q2r8zTe72B-BD68AA61-915B-41D4-832B-58351576F315.jpg|https://image.production.fruitsfamily.com/public/product/resized%40width620/CceHfmh6Ol-B5AB99AD-CC1D-4B2F-9E35-270722DDBCA3.jpg|https://image.production.fruitsfamily.com/public/product/resized%40width620/xnARPOiCmq-03F8F2D7-81CC-4BEE-9307-D106F855FFE9.jpg|https://image.production.fruitsfamily.com/public/product/resized%40width620/NPklHGAv1x-7BA4A65C-64C8-405A-85FD-5D60BFD694C7.jpg,data/images/new_balance/7181529_01.jpg|data/images/new_balance/7181529_02.jpg|data/images/new_balance/7181529_03.jpg
FRUITSFAMILY,10092839,New Balance,New Balance,뉴발란스 991v2 블랙,200000,220000,275,"한번신고 급전필요해 싸게 팔아요 크림에서 동일사이즈
새상품 구매하실려면 현재 29만원 줘야되니다!ㅔ
쿨거시 19에 드릴게요…..",False,https://fruitsfamily.com/product/60bon/%EB%89%B4%EB%B0%9C%EB%9E%80%EC%8A%A4-991v2-%EB%B8%94%EB%9E%99,2026-08-04,https://image.production.fruitsfamily.com/public/product/resized%40width620/0qiEt34U--4429d0fe4320.jpg|https://image.production.fruitsfamily.com/public/product/resized%40width620/SYpVrltyjk-3f3df6d366c0.jpg|https://image.production.fruitsfamily.com/public/product/resized%40width620/DA8UGi00uI-b8b0321cdf3c.jpg,data/images/new_balance/10092839_01.jpg|data/images/new_balance/10092839_02.jpg|data/images/new_balance/10092839_03.jpg
FRUITSFAMILY,8922700,New Balance,New Balance,최종가 새상품급 뉴발란스 703 그레이(구매가:40만원대),150000,300000,250,"뉴발란스 703 그레이

1회 착용으로 새상품급입니다. 

박스가 없어 구매가보다 반값이하로 판매합니다.",False,https://fruitsfamily.com/product/5b8ss/%EC%B5%9C%EC%A2%85%EA%B0%80-%EC%83%88%EC%83%81%ED%92%88%EA%B8%89-%EB%89%B4%EB%B0%9C%EB%9E%80%EC%8A%A4-703-%EA%B7%B8%EB%A0%88%EC%9D%B4-%EA%B5%AC%EB%A7%A4%EA%B0%80-40%EB%A7%8C%EC%9B%90%EB%8C%80,2026-08-04,https://image.production.fruitsfamily.com/public/product/resized%40width620/I3zMVyxW3-aa11bf321d44.jpg|https://image.production.fruitsfamily.com/public/product/resized%40width620/lOsDjey6Ai-592bfb2dbe72.jpg|https://image.production.fruitsfamily.com/public/product/resized%40width620/g7fUlj60H7-b6d329b8e428.jpg|https://image.production.fruitsfamily.com/public/product/resized%40width620/hWIQR_XGLK-d34e814f9051.jpg,data/images/new_balance/8922700_01.jpg|data/images/new_balance/8922700_02.jpg|data/images/new_balance/8922700_03.jpg
FRUITSFAMILY,4981153,New Balance,New Balance,뉴발란스 574 레거시 브라운 240,100000,,240,"뉴발란스 574 레거시 브라운 
U574LGAB
사이즈: 240
실착: 2회 
상태 좋습니다.

안전결제 하시면 됩니다.",False,https://fruitsfamily.com/product/2yrhd/%EB%89%B4%EB%B0%9C%EB%9E%80%EC%8A%A4-574-%EB%A0%88%EA%B1%B0%EC%8B%9C-%EB%B8%8C%EB%9D%BC%EC%9A%B4-240,2026-08-04,https://image.production.fruitsfamily.com/public/product/resized%40width620/ExfkWkqZTN-1750369481825.jpg|https://image.production.fruitsfamily.com/public/product/resized%40width620/rxcXySz7R--1750369481842.jpg|https://image.production.fruitsfamily.com/public/product/resized%40width620/LOfEheJmQm-1750369481869.jpg|https://image.production.fruitsfamily.com/public/product/resized%40width620/lHUOe90G_g-1750369481901.jpg|https://image.production.fruitsfamily.com/public/product/resized%40width620/lzV8m8y_IZ-1750369481938.jpg|https://image.production.fruitsfamily.com/public/product/resized%40width620/55nHU8Yd7t-1750369481970.jpg|https://image.production.fruitsfamily.com/public/product/resized%40width620/rKeiEmPFJ7-1750369482004.jpg|https://image.production.fruitsfamily.com/public/product/resized%40width620/CyHkOIIe3S-1750369482040.jpg,data/images/new_balance/4981153_01.jpg|data/images/new_balance/4981153_02.jpg|data/images/new_balance/4981153_03.jpg
FRUITSFAMILY,9805145,New Balance,New Balance,뉴발란스 991v2 클라우드 화이트,160000,,275,"⚠️해당 제품은 어디까지나 ‘중고’ 제품입니다⚠️

아이템 명 : 뉴발란스 991v2 클라우드 화이트
사이즈 : 275

‼️사이즈 문의 받지 않습니다. 실측 참고해주세요‼️",False,https://fruitsfamily.com/product/5u5p5/%EB%89%B4%EB%B0%9C%EB%9E%80%EC%8A%A4-991v2-%ED%81%B4%EB%9D%BC%EC%9A%B0%EB%93%9C-%ED%99%94%EC%9D%B4%ED%8A%B8,2026-08-04,https://image.production.fruitsfamily.com/public/product/resized%40width620/EOfUy5c6k-45f037b6e52f.jpg|https://image.production.fruitsfamily.com/public/product/resized%40width620/IXg-l_0ihY-ca4970d4fb5b.jpg|https://image.production.fruitsfamily.com/public/product/resized%40width620/8IMHoIvFlW-ddd822cbff64.jpg|https://image.production.fruitsfamily.com/public/product/resized%40width620/VG1watUheK-a48726a587fc.jpg,data/images/new_balance/9805145_01.jpg|data/images/new_balance/9805145_02.jpg|data/images/new_balance/9805145_03.jpg
FRUITSFAMILY,9147535,New Balance,New Balance,뉴발란스 x 디스트릭트 비전 프레쉬 폼 X 이에로 v8 마그넷 블랙,270000,,280,"보시다시피 좋은 상태 유지중이고 신을때 마찰이 잦은 뒤축만 보풀이 약간 있습니다

실사용한 사용감이 있으며 괜찮으신분만 결제부탁드립니다.

Us10/280",False,https://fruitsfamily.com/product/5g2a7/%EB%89%B4%EB%B0%9C%EB%9E%80%EC%8A%A4-x-%EB%94%94%EC%8A%A4%ED%8A%B8%EB%A6%AD%ED%8A%B8-%EB%B9%84%EC%A0%84-%ED%94%84%EB%A0%88%EC%89%AC-%ED%8F%BC-x-%EC%9D%B4%EC%97%90%EB%A1%9C-v8-%EB%A7%88%EA%B7%B8%EB%84%B7-%EB%B8%94%EB%9E%99,2026-08-04,https://image.production.fruitsfamily.com/public/product/resized%40width620/aAiSXSKxo-e1172c2bcc50.jpg|https://image.production.fruitsfamily.com/public/product/resized%40width620/WNkuFzRK6-6c6f8188ec92.jpg|https://image.production.fruitsfamily.com/public/product/resized%40width620/eRKYY82Sve-d746bbb799fd.jpg|https://image.production.fruitsfamily.com/public/product/resized%40width620/vi6Hb5Wa06-56e45c757bd5.jpg|https://image.production.fruitsfamily.com/public/product/resized%40width620/FHjQYeeduJ-00851593318c.jpg|https://image.production.fruitsfamily.com/public/product/resized%40width620/c7QIk3xokt-b5cefbcc6795.jpg|https://image.production.fruitsfamily.com/public/product/resized%40width620/yJllVY6cP1-8ba5103cfeca.jpg|https://image.production.fruitsfamily.com/public/product/resized%40width620/RTPQpY6GB1-6117e8cc7cfc.jpg|https://image.production.fruitsfamily.com/public/product/resized%40width620/fsbaiRXqqv-b73b33a3c074.jpg|https://image.production.fruitsfamily.com/public/product/resized%40width620/Tik4U8sWf4-2cc11fda22c9.jpg,data/images/new_balance/9147535_01.jpg|data/images/new_balance/9147535_02.jpg|data/images/new_balance/9147535_03.jpg
FRUITSFAMILY,10387311,New Balance,New Balance,뉴발란스 1906R 블랙 실버 메탈릭 270 2회착용,95000,,270,"뉴발란스 1906R 실버 메탈릭 블랙 색상 
270mm 사이즈 운동화예요.

사진에서 보이는 것처럼 
깔끔한 디자인으로 요즘.핫한 모델입니다.

어떤 옷에도 잘 어울리는 기본템이랍니다.
데일리로 편하게 신기 좋은 운동화구요.

몇번 안신어서
밑창 사용감 거의 없어요.",False,https://fruitsfamily.com/product/66mwf/%EB%89%B4%EB%B0%9C%EB%9E%80%EC%8A%A4-1906r-%EB%B8%94%EB%9E%99-%EC%8B%A4%EB%B2%84-%EB%A9%94%ED%83%88%EB%A6%AD-270-2%ED%9A%8C%EC%B0%A9%EC%9A%A9,2026-08-04,https://image.production.fruitsfamily.com/public/product/resized%40width620/shJ0FbOKJ-9ed62599309a.jpg|https://image.production.fruitsfamily.com/public/product/resized%40width620/V6JTDKR6Wb-f7d37e7787eb.jpg|https://image.production.fruitsfamily.com/public/product/resized%40width620/LaHCFBRy6L-a596fa14b37a.jpg|https://image.production.fruitsfamily.com/public/product/resized%40width620/jEJulAM8za-16f389517a48.jpg|https://image.production.fruitsfamily.com/public/product/resized%40width620/VANDKRmkei-5fc90b762bf7.jpg|https://image.production.fruitsfamily.com/public/product/resized%40width620/zgr3B4ES-A-e61a0fb3c6e3.jpg|https://image.production.fruitsfamily.com/public/product/resized%40width620/wRnE1UMZDd-c0b0a787857e.jpg,data/images/new_balance/10387311_01.jpg|data/images/new_balance/10387311_02.jpg|data/images/new_balance/10387311_03.jpg
FRUITSFAMILY,8805793,New Balance,New Balance,뉴발란스 1300 에임레온도르 더스티 핑크 300,320000,,300,"뉴발란스 1300 에임레온도르 더스티 핑크 300 사이즈 입니다. 시착만한 새상품으로 보관 중 아웃솔에 백탁 현상이 생겼지만, 착용시 문제 없고 닦으면 지워집니다. 보관 중 뚜껑이 파손되어 사진의 구성품으로 보내드립니다. 시세보다 저렴하게 판매하니 확인하시고 찾으시던 분 연락주세요!",False,https://fruitsfamily.com/product/58qld/%EB%89%B4%EB%B0%9C%EB%9E%80%EC%8A%A4-1300-%EC%97%90%EC%9E%84%EB%A0%88%EC%98%A8%EB%8F%84%EB%A5%B4-%EB%8D%94%EC%8A%A4%ED%8B%B0-%ED%95%91%ED%81%AC-300,2026-08-04,https://image.production.fruitsfamily.com/public/product/resized%40width620/mPadrmaxKR-1776669048668.jpg|https://image.production.fruitsfamily.com/public/product/resized%40width620/2ULqwy99L-1776669048601.jpg|https://image.production.fruitsfamily.com/public/product/resized%40width620/Hc8n0lZyGt-1776669048638.jpg|https://image.production.fruitsfamily.com/public/product/resized%40width620/MCyD4diFH4-1776669048792.jpg|https://image.production.fruitsfamily.com/public/product/resized%40width620/UVeJjgEpD4-1776669048756.jpg|https://image.production.fruitsfamily.com/public/product/resized%40width620/NJ7LiaIs7D-1776669048774.jpg|https://image.production.fruitsfamily.com/public/product/resized%40width620/0VqnUV3N70-1776669048723.jpg|https://image.production.fruitsfamily.com/public/product/resized%40width620/UMIYzkW4J1-1776669048739.jpg|https://image.production.fruitsfamily.com/public/product/resized%40width620/vohgXBOtvu-1776669048697.jpg,data/images/new_balance/8805793_01.jpg|data/images/new_balance/8805793_02.jpg|data/images/new_balance/8805793_03.jpg
FRUITSFAMILY,9931785,New Balance,New Balance,(265) 뉴발란스 MT10 블랙실버,127800,142000,265,"급발진해서 샀는데 안 어울리고 스타일과 거리가 멀어서 판매합니다 (신발장에서 1분 착용이 전부 ㅠ)
무신사에서 산 정품입니다 구매내역 있고 구성품은 여분 끈 있습니다
쿨거래시 택포드릴게요",False,https://fruitsfamily.com/product/5wvex/265-%EB%89%B4%EB%B0%9C%EB%9E%80%EC%8A%A4-mt10-%EB%B8%94%EB%9E%99%EC%8B%A4%EB%B2%84,2026-08-04,https://image.production.fruitsfamily.com/public/product/resized%40width620/SXziad89m-be13e170c1af.jpg|https://image.production.fruitsfamily.com/public/product/resized%40width620/D4MVWro_d-567368dc8ed3.jpg|https://image.production.fruitsfamily.com/public/product/resized%40width620/NIhoRPJJIg-531a67a348f7.jpg|https://image.production.fruitsfamily.com/public/product/resized%40width620/kLH20u08BH-3e28b64930f1.jpg|https://image.production.fruitsfamily.com/public/product/resized%40width620/Ii6WqNhxbC-051d271466df.jpg|https://image.production.fruitsfamily.com/public/product/resized%40width620/B61DQSidWW-33dd3af16b87.jpg,data/images/new_balance/9931785_01.jpg|data/images/new_balance/9931785_02.jpg|data/images/new_balance/9931785_03.jpg
FRUITSFAMILY,9437408,New Balance,New Balance,(새상품) 뉴발란스 991,210000,,285,"새상품

뉴발란스 991 
M991DJ

블랙

사이즈 285
작게나와 평소에 280신으면 맞습니다",False,https://fruitsfamily.com/product/5m9y8/%EC%83%88%EC%83%81%ED%92%88-%EB%89%B4%EB%B0%9C%EB%9E%80%EC%8A%A4-991,2026-08-04,https://image.production.fruitsfamily.com/public/product/resized%40width620/eGWmAWyQb-0f48cfc7a3f4.jpg|https://image.production.fruitsfamily.com/public/product/resized%40width620/oHz_lBDmkE-c10080e6389a.jpg|https://image.production.fruitsfamily.com/public/product/resized%40width620/elFUfT7eaC-c882f3c17def.jpg|https://image.production.fruitsfamily.com/public/product/resized%40width620/xqPTYSQNR--f8f68c1aef13.jpg|https://image.production.fruitsfamily.com/public/product/resized%40width620/acSeln_Slq-d67d8357b278.jpg,data/images/new_balance/9437408_01.jpg|data/images/new_balance/9437408_02.jpg|data/images/new_balance/9437408_03.jpg
FRUITSFAMILY,10253205,New Balance,New Balance,뉴발란스 990v4 made in USA 트리플블랙  D스탠다드 310,145000,170000,310,"뉴발란스 990v4 트리플블랙 모델입니다
직구로 구매 후 검정신발에 잘 손이 가지 않아 판매합니다

사진상에서 보시면 아시겠지만 사용감 심하지 않고 하자는 크게 없습니다
신발 단품 구성입니다
매물 많이 없는 사이즈인 걸로 알고 있어요
네고 문의는 편하게 채팅해주세요!",False,https://fruitsfamily.com/product/63rf9/%EB%89%B4%EB%B0%9C%EB%9E%80%EC%8A%A4-990v4-made-in-usa-%ED%8A%B8%EB%A6%AC%ED%94%8C%EB%B8%94%EB%9E%99-d%EC%8A%A4%ED%83%A0%EB%8B%A4%EB%93%9C-310,2026-08-04,https://image.production.fruitsfamily.com/public/product/resized%40width620/v-U7a5-Ib-3cfb84260518.jpg|https://image.production.fruitsfamily.com/public/product/resized%40width620/51fv9MWHa4-2ae994bf1e27.jpg|https://image.production.fruitsfamily.com/public/product/resized%40width620/s6sIRtK45y-788acf331c39.jpg|https://image.production.fruitsfamily.com/public/product/resized%40width620/vpUB746j5q-70cda74b33cb.jpg|https://image.production.fruitsfamily.com/public/product/resized%40width620/82mhqGslAp-f42850b9e823.jpg|https://image.production.fruitsfamily.com/public/product/resized%40width620/J_XAPSLtpy-0526f35b9dfe.jpg|https://image.production.fruitsfamily.com/public/product/resized%40width620/WjrefmrGM6-f30b15348099.jpg|https://image.production.fruitsfamily.com/public/product/resized%40width620/4UZZ9OJsmw-3baf47e70881.jpg|https://image.production.fruitsfamily.com/public/product/resized%40width620/Zwq9-ur3Ut-e1e94396c8bf.jpg,data/images/new_balance/10253205_01.jpg|data/images/new_balance/10253205_02.jpg|data/images/new_balance/10253205_03.jpg
FRUITSFAMILY,10409214,New Balance,New Balance,[285] 뉴발란스 U1906RNB 새상품,180000,,285,"1906 트리플블랙 285 정품 새상품입니다

박스 및 구성품 일체 다 보유중입니다

끈을 묶는 방식이 아니라 스토퍼로 조절 가능해서 편한 신발입니다

유명한 제품이니 다른 설명은 생략하겠습니다",False,https://fruitsfamily.com/product/673su/285-%EB%89%B4%EB%B0%9C%EB%9E%80%EC%8A%A4-u1906rnb-%EC%83%88%EC%83%81%ED%92%88,2026-08-04,https://image.production.fruitsfamily.com/public/product/resized%40width620/UeqWJw-Xf-b139d492fa21.jpg|https://image.production.fruitsfamily.com/public/product/resized%40width620/83scL0G-y_-ec16eb43fa73.jpg|https://image.production.fruitsfamily.com/public/product/resized%40width620/FIxRwEGyGh-410114ea9131.jpg|https://image.production.fruitsfamily.com/public/product/resized%40width620/oP_a81K3aS-c0a0c2b110c9.jpg|https://image.production.fruitsfamily.com/public/product/resized%40width620/E60d8JFhzy-a2054c7e4dce.jpg|https://image.production.fruitsfamily.com/public/product/resized%40width620/ipDA3wJNfg-7f72094c3bb4.jpg,data/images/new_balance/10409214_01.jpg|data/images/new_balance/10409214_02.jpg|data/images/new_balance/10409214_03.jpg
FRUITSFAMILY,9866185,New Balance,New Balance,뉴발란스 574 헤리티지 오렌지 버스트 화이트 265,130000,,265,"(급처분) 사이즈 265입니다
실착 횟수 3번이라 상품상태 아주 양호합니다 이",False,https://fruitsfamily.com/product/5vgsp/%EB%89%B4%EB%B0%9C%EB%9E%80%EC%8A%A4-574-%ED%97%A4%EB%A6%AC%ED%8B%B0%EC%A7%80-%EC%98%A4%EB%A0%8C%EC%A7%80-%EB%B2%84%EC%8A%A4%ED%8A%B8-%ED%99%94%EC%9D%B4%ED%8A%B8-265,2026-08-04,https://image.production.fruitsfamily.com/public/product/resized%40width620/C8bdJ6uEa-4f1332ec9f2a.jpg|https://image.production.fruitsfamily.com/public/product/resized%40width620/d-5bQl3rJm-9821b5499e5c.jpg|https://image.production.fruitsfamily.com/public/product/resized%40width620/pNxdgIemFK-246cf360f15a.jpg|https://image.production.fruitsfamily.com/public/product/resized%40width620/Cf02ae-Eoq-a9149e421795.jpg,data/images/new_balance/9866185_01.jpg|data/images/new_balance/9866185_02.jpg|data/images/new_balance/9866185_03.jpg
FRUITSFAMILY,9037714,New Balance,New Balance,뉴발란스 1906R 피스타치오 버터 모렐 260,240000,290000,260,"몇 번 안 신어서 상태 좋고, 깔끔하게 신으실 분 가져가세요.",False,https://fruitsfamily.com/product/5dpjm/%EB%89%B4%EB%B0%9C%EB%9E%80%EC%8A%A4-1906r-%ED%94%BC%EC%8A%A4%ED%83%80%EC%B9%98%EC%98%A4-%EB%B2%84%ED%84%B0-%EB%AA%A8%EB%A0%90-260,2026-08-04,https://image.production.fruitsfamily.com/public/product/resized%40width620/ujBOQO97D-90b1ce9d8c5a.jpg|https://image.production.fruitsfamily.com/public/product/resized%40width620/e_nQOoOIHv-e1edb7588628.jpg|https://image.production.fruitsfamily.com/public/product/resized%40width620/AJaThqVqXP-882d3183ec1d.jpg,data/images/new_balance/9037714_01.jpg|data/images/new_balance/9037714_02.jpg|data/images/new_balance/9037714_03.jpg
FRUITSFAMILY,4375924,New Balance,New Balance,[275] 뉴발란스 1500,89000,,275,"NEW BALANCE 

M1500UC

275

무료배송",False,https://fruitsfamily.com/product/2lshg/275-%EB%89%B4%EB%B0%9C%EB%9E%80%EC%8A%A4-1500,2026-08-04,https://image.production.fruitsfamily.com/public/product/resized%40width620/nDGeBGDW0O-3DEC68BE-39AA-47DC-964A-7CC5D0FFF14B.jpg|https://image.production.fruitsfamily.com/public/product/resized%40width620/fbZ_ah1fDz-0991C0C3-9864-4BB4-82AA-03ABB5C345AE.jpg|https://image.production.fruitsfamily.com/public/product/resized%40width620/p2wKindY7-77E89CD0-737E-4995-B1F5-A70414996879.jpg|https://image.production.fruitsfamily.com/public/product/resized%40width620/HY_HbQohu8-2F61F59C-31F9-456B-BDEE-329D91BE4C60.jpg|https://image.production.fruitsfamily.com/public/product/resized%40width620/oboJ5TPCNu-993C7EC1-FE98-494D-A27C-60246B9D5B38.jpg|https://image.production.fruitsfamily.com/public/product/resized%40width620/QVHE2InehP-9AC5BA92-A566-48F9-A26D-79F8E225BD7E.jpg|https://image.production.fruitsfamily.com/public/product/resized%40width620/lcMi4k3XX6-F5CE3F39-6185-49D5-AE2A-70EA834E244E.jpg,data/images/new_balance/4375924_01.jpg|data/images/new_balance/4375924_02.jpg|data/images/new_balance/4375924_03.jpg
FRUITSFAMILY,8426527,New Balance,New Balance,[280] 뉴발란스 X 자운드 M991JJA,449000,,280,"[280] 뉴발란스 X 자운드 M991JJA

​​▶브랜드 : 뉴발란스 X 자운드
▶모델명 : M991JJA
​▶사이즈 : 
​280mm

​▶판매가 
469000원
​배송비 4000원 추가 / 착불

​​​▶내용 
뉴발란스 X 자운드 M991JJA

메이드라인입니다.

​​▶상태 
크림택 박스포함 새제품

------------------------------------------------

​​▶거래방법 :
우편거래 - 편의점택배 (롯데택배) - 결제일 다음날 배송
​직거래 (직거래는 당일보다는 그 전날 연락주세요.)
​- 8호선 장지역

​▶
추가사진 / 에눌 / 교환은 하지 않습니다.
품절이라고 표시 안된 제품은 구매 가능합니다.​",False,https://fruitsfamily.com/product/50ly7/280-%EB%89%B4%EB%B0%9C%EB%9E%80%EC%8A%A4-x-%EC%9E%90%EC%9A%B4%EB%93%9C-m991jja,2026-08-04,https://image.production.fruitsfamily.com/public/product/resized%40width620/A7B8Gr3I29-1774571510488-tb79zhzf0.jpg|https://image.production.fruitsfamily.com/public/product/resized%40width620/WOHweFhxdI-1774571510488-bsrm62zvq.jpg|https://image.production.fruitsfamily.com/public/product/resized%40width620/fEjfpx0XPa-1774571510489-xp20zrer2.jpg,data/images/new_balance/8426527_01.jpg|data/images/new_balance/8426527_02.jpg|data/images/new_balance/8426527_03.jpg
FRUITSFAMILY,10241743,New Balance,New Balance,(280mm)뉴발란스 미니머스 MT10O 블랙 캐슬락 새제품 팝니다,165000,170000,280,"(280mm)뉴발란스 미니머스 MT10O 블랙 캐슬락 새제품 팝니다
택과 박스 그대로 새제품 입니다
영등포 목동 여의도 근처인
문래역 근처 직거래 혹은 택배 가능합니다",False,https://fruitsfamily.com/product/63ikv/280mm-%EB%89%B4%EB%B0%9C%EB%9E%80%EC%8A%A4-%EB%AF%B8%EB%8B%88%EB%A8%B8%EC%8A%A4-mt10o-%EB%B8%94%EB%9E%99-%EC%BA%90%EC%8A%AC%EB%9D%BD-%EC%83%88%EC%A0%9C%ED%92%88-%ED%8C%9D%EB%8B%88%EB%8B%A4,2026-08-04,https://image.production.fruitsfamily.com/public/product/resized%40width620/SYoE7VedZ-4cc4ae747bab.jpg|https://image.production.fruitsfamily.com/public/product/resized%40width620/IyrS2SfTYJ-5c4baf472322.jpg|https://image.production.fruitsfamily.com/public/product/resized%40width620/YbiByBT_F0-23cead8b1673.jpg,data/images/new_balance/10241743_01.jpg|data/images/new_balance/10241743_02.jpg|data/images/new_balance/10241743_03.jpg
FRUITSFAMILY,9548758,New Balance,New Balance,뉴발란스 992 250,199000,,250,2025년도에 드로우로 성수에서 직접 구매한 뉴발 992 그레이 250 팝니다. 신발을 깔끔히 신는 편이라 사진 보시면 아시겠지만 매우 깨끗하고 밑창 마모도 거의 없습니다. 성수에서 샀을 때 받은 카드도 그대로 있고 풀박으로 보내드릴게요,False,https://fruitsfamily.com/product/5onva/%EB%89%B4%EB%B0%9C%EB%9E%80%EC%8A%A4-992-250,2026-08-04,https://image.production.fruitsfamily.com/public/product/resized%40width620/GyBdJBGC8-36ba02905298.jpg|https://image.production.fruitsfamily.com/public/product/resized%40width620/r-tok97qpD-6c587aee4e1d.jpg|https://image.production.fruitsfamily.com/public/product/resized%40width620/fWGkn4m6Lm-affb7ffb6bed.jpg|https://image.production.fruitsfamily.com/public/product/resized%40width620/HDSCGbbixE-51b6ebec30e9.jpg|https://image.production.fruitsfamily.com/public/product/resized%40width620/zvBuZRF4D6-52e9541cc686.jpg|https://image.production.fruitsfamily.com/public/product/resized%40width620/K0bdq_qoIG-2f677307eb2f.jpg,data/images/new_balance/9548758_01.jpg|data/images/new_balance/9548758_02.jpg|data/images/new_balance/9548758_03.jpg
FRUITSFAMILY,10375000,New Balance,New Balance,뉴발란스991v1 290사이즈,390000,,290,"키스 공홈 드로우 당첨 구매 제품이며
290사이즈 새제품 풀셋 그대로 입니다.
구매당시 관부가세 까지 55에서60정도에 구매하였습니다.",False,https://fruitsfamily.com/product/66deg/%EB%89%B4%EB%B0%9C%EB%9E%80%EC%8A%A4991v1-290%EC%82%AC%EC%9D%B4%EC%A6%88,2026-08-04,https://image.production.fruitsfamily.com/public/product/resized%40width620/A0QHY6Jk8-5ef938853c6a.jpg|https://image.production.fruitsfamily.com/public/product/resized%40width620/7H2KgPUbKX-225fcc3a36eb.jpg|https://image.production.fruitsfamily.com/public/product/resized%40width620/Z9-UhkvAOd-25f126325454.jpg|https://image.production.fruitsfamily.com/public/product/resized%40width620/cS53bEh2Lj-feef392cdbb9.jpg|https://image.production.fruitsfamily.com/public/product/resized%40width620/kL-PUqfY1Z-f21c26f9d249.jpg|https://image.production.fruitsfamily.com/public/product/resized%40width620/zoeIA2RxLd-f087969fa299.jpg|https://image.production.fruitsfamily.com/public/product/resized%40width620/VVaRe_MxTA-ca3c1c7fd686.jpg|https://image.production.fruitsfamily.com/public/product/resized%40width620/jXzIblzs_C-563ba5f648ca.jpg|https://image.production.fruitsfamily.com/public/product/resized%40width620/kjhhKqdUsl-3ca0435ede54.jpg|https://image.production.fruitsfamily.com/public/product/resized%40width620/qD_uMc_hg5-88b44b9877b5.jpg,data/images/new_balance/10375000_01.jpg|data/images/new_balance/10375000_02.jpg|data/images/new_balance/10375000_03.jpg
FRUITSFAMILY,9636986,OOFOS,OOFOS,우포스 오리지널 크림 플리플랍 ,50000,,240,"•사이즈• EU:38/240(mm)

•컨디션:10/10(데드스탁)

•price:50,000",False,https://fruitsfamily.com/product/5qjy2/%EC%9A%B0%ED%8F%AC%EC%8A%A4-%EC%98%A4%EB%A6%AC%EC%A7%80%EB%84%90-%ED%81%AC%EB%A6%BC-%ED%94%8C%EB%A6%AC%ED%94%8C%EB%9E%8D,2026-08-04,https://image.production.fruitsfamily.com/public/product/resized%40width620/SgwZM8Qx5-d059d4c38ba8.jpg|https://image.production.fruitsfamily.com/public/product/resized%40width620/IXEBVRdQGz-fe57a5c432c8.jpg|https://image.production.fruitsfamily.com/public/product/resized%40width620/_St3uTAwAW-f3515211167d.jpg|https://image.production.fruitsfamily.com/public/product/resized%40width620/iB1nmSgvgI-42efb413b9b7.jpg|https://image.production.fruitsfamily.com/public/product/resized%40width620/tfzoYDY_mm-8035fa6825d1.jpg,data/images/oofos/9636986_01.jpg|data/images/oofos/9636986_02.jpg|data/images/oofos/9636986_03.jpg
FRUITSFAMILY,9890043,OOFOS,OOFOS,"OOFOS 우포스 나바호 블랙41,블랙 개인 결제창",92000,,OS,"36 US M3W5 220
37 US M4W6 230
38 US M5W7 240
39 US M6W8 250
40 US M7W9 255 
41 US M8W10 260
42 US M9W11 270
43 US M10W12 280
44 US M11W13 290

•참고로 우포스는 .5단위 사이즈는 하나만 나오는 관계로 본인 발 사이즈가 5로 끝나시면 일업 권장 드립니다.

•패키지는 2022~2026년형(사진 참고) 폴리백 또는 박스 구성이며 매 입고시마다 랜덤으로 발송 제조국 또한 Korea, Vietnam 랜덤입니다

• 사진 터치후 보시면 신발과,스톤 전컬러 보실수 있습니다.

• 오더시 4~5일 소요 

• 컬러:블랙,노마드,에그녹 외 시중에 판매되고 있는 전 컬러 주문 가능 하나 판매 금액은 상이 할수 있습니다

• 스톤 컬러:블랙,터키,레드 

•네고 문의 답장X

• 2개 이상 구매시 택배비 무료

• 우체국(4000원),일반 편택(3500)

• 주문 예시:블랙 41,레드 스톤 

• 당일 재고가 없을시 시간이 더 소요될수 있으니 주문전 문의 주세요. 

• 본인 소유 우포스 제품도 작업 가능 (39000원) 왕복 택배비 본인 부담

⚠️네고 문의 답장 안함,문의 후 잠수 차단",True,https://fruitsfamily.com/product/5vz7f/oofos-%EC%9A%B0%ED%8F%AC%EC%8A%A4-%EB%82%98%EB%B0%94%ED%98%B8-%EB%B8%94%EB%9E%9941-%EB%B8%94%EB%9E%99-%EA%B0%9C%EC%9D%B8-%EA%B2%B0%EC%A0%9C%EC%B0%BD,2026-08-04,https://image.production.fruitsfamily.com/public/product/resized%40width620/UeC2gTVJ3a-776A825C-747A-410E-9BB9-9AA9EBD266E4.jpg|https://image.production.fruitsfamily.com/public/product/resized%40width620/jJNTkzvtRh-FF9342D5-ABFD-4F03-ACED-5CE8B015CDAD.jpg|https://image.production.fruitsfamily.com/public/product/resized%40width620/EJEorVmCrj-D44CE1C4-36CC-412C-B577-F5E0D30E0721.jpg|https://image.production.fruitsfamily.com/public/product/resized%40width620/Zt1LM8f1z-C850A9CA-E1C3-43F9-B469-2DE6D908BA80.jpg|https://image.production.fruitsfamily.com/public/product/resized%40width620/DYM05x8c0X-D91234E4-6EF7-46AB-A4D3-7D68CD5932D7.jpg|https://image.production.fruitsfamily.com/public/product/resized%40width620/lsQzYc__qP-59A53593-CD8B-45F7-8633-D8910A7422CF.jpg|https://image.production.fruitsfamily.com/public/product/resized%40width620/NxQxEo579q-41E80A95-2858-4522-8E2D-C4E2422F7DE9.jpg|https://image.production.fruitsfamily.com/public/product/resized%40width620/RHefZkTOW5-6406DBE4-1B52-48AC-8AA0-E0C2DFD9B432.jpg|https://image.production.fruitsfamily.com/public/product/resized%40width620/Hz-VIOYU5p-9087E283-9CCE-44E9-81C5-091E18ABB5ED.jpg,data/images/oofos/9890043_01.jpg|data/images/oofos/9890043_02.jpg|data/images/oofos/9890043_03.jpg
FRUITSFAMILY,6720613,OOFOS,OOFOS,우포스 ooriginal 블랙 조리,55000,,240,"실착 5회 미만
깨끗하게 닦아 놓은 상태

우포스 ooriginal 블랙 조리 슬라이드(슬리퍼)입니다.

검정색의 깔끔한 디자인으로 어느 옷에나 잘 어울려요.

가볍고 편안한 착용감으로 데일리 슈즈로 활용하기 좋습니다.

🚨 교환/반품/환불 관련 안내 🚨
착용 유무 확인 어려워 교환•환불 불가합니다.
이점 꼭 숙지해주세요 -

❗️안내된 사항 동의하신 분만 거래 가능❗️

문의 없으시면 바로 결제해주시면 됩니다!",True,https://fruitsfamily.com/product/401np/%EC%9A%B0%ED%8F%AC%EC%8A%A4-ooriginal-%EB%B8%94%EB%9E%99-%EC%A1%B0%EB%A6%AC,2026-08-04,https://image.production.fruitsfamily.com/public/product/resized%40width620/QBDLWNuhAs-84EA5A2A-47BC-4043-A3EC-52F74EAB4E43.jpg|https://image.production.fruitsfamily.com/public/product/resized%40width620/rBwydhENvB-55966483-152A-4280-A880-3CC2C371BAA7.jpg|https://image.production.fruitsfamily.com/public/product/resized%40width620/kJOdzRn0A_-30C74186-58A5-4459-8CDF-A86E7EBB1228.jpg|https://image.production.fruitsfamily.com/public/product/resized%40width620/ajta4FcSJ-0AAF715D-EE94-4FF6-9241-D590632B06BE.jpg|https://image.production.fruitsfamily.com/public/product/resized%40width620/vAgd4q13Hd-96F3D10A-C304-49B1-AC38-4891E1437B76.jpg,data/images/oofos/6720613_01.jpg|data/images/oofos/6720613_02.jpg|data/images/oofos/6720613_03.jpg
FRUITSFAMILY,5169950,OOFOS,OOFOS,TheSoloist x OOFOS 플립플랍,120000,,260,"사이즈  M8 W10 / EU41 

정가 198,000

중고제품 특성상 반품 불가합니다",False,https://fruitsfamily.com/product/32t5q/thesoloist-x-oofos-%ED%94%8C%EB%A6%BD%ED%94%8C%EB%9E%8D,2026-08-04,https://image.production.fruitsfamily.com/public/product/resized%40width620/jnxZ_V_mYP-A37F0984-5FA6-4A78-9A5F-02467CFC0728.jpg|https://image.production.fruitsfamily.com/public/product/resized%40width620/ptJnv9JdF-A9D9570C-14F0-495B-9CCB-D29577DD6081.jpg|https://image.production.fruitsfamily.com/public/product/resized%40width620/M2W6ZsXZ1W-ABD8784A-F1AC-4BA7-8595-7A8A7FFFBB6A.jpg|https://image.production.fruitsfamily.com/public/product/resized%40width620/W1Ei-z7NVB-52A77CE8-D87F-4605-8951-DA164B82BBCA.jpg|https://image.production.fruitsfamily.com/public/product/resized%40width620/1UDe_m_g0Y-F63EF221-A278-4C99-AF54-852D892227CF.jpg|https://image.production.fruitsfamily.com/public/product/resized%40width620/P6e2a9CYxY-59607C93-8801-4F97-A902-5C0993054254.jpg,data/images/oofos/5169950_01.jpg|data/images/oofos/5169950_02.jpg|data/images/oofos/5169950_03.jpg
FRUITSFAMILY,9935081,OOFOS,OOFOS,우포스 솔로이스트 290,45000,,290,"사진과 상태 같습니다
제품 단품
ㅑㅑ",True,https://fruitsfamily.com/product/5wxyh/%EC%9A%B0%ED%8F%AC%EC%8A%A4-%EC%86%94%EB%A1%9C%EC%9D%B4%EC%8A%A4%ED%8A%B8-290,2026-08-04,https://image.production.fruitsfamily.com/public/product/resized%40width620/7Fr0BQ1UP-e1cc29130eb7.jpg|https://image.production.fruitsfamily.com/public/product/resized%40width620/KtjVIK3cq9-92d0794a53a8.jpg|https://image.production.fruitsfamily.com/public/product/resized%40width620/DmnGrp3WVL-cc6a72f64911.jpg,data/images/oofos/9935081_01.jpg|data/images/oofos/9935081_02.jpg|data/images/oofos/9935081_03.jpg
FRUITSFAMILY,9637309,OOFOS,OOFOS,우포스 오리지널 크림 플리플랍 ,55000,,255,"•사이즈• EU:40 255(mm)

•컨디션:10/10(데드스탁)

•price:55,000",False,https://fruitsfamily.com/product/5qk71/%EC%9A%B0%ED%8F%AC%EC%8A%A4-%EC%98%A4%EB%A6%AC%EC%A7%80%EB%84%90-%ED%81%AC%EB%A6%BC-%ED%94%8C%EB%A6%AC%ED%94%8C%EB%9E%8D,2026-08-04,https://image.production.fruitsfamily.com/public/product/resized%40width620/khLfHp8X6-ca112b5c15a2.jpg|https://image.production.fruitsfamily.com/public/product/resized%40width620/6oJLKXaiO4-a89201d404ea.jpg|https://image.production.fruitsfamily.com/public/product/resized%40width620/JO59giVBe2-348135c1f985.jpg|https://image.production.fruitsfamily.com/public/product/resized%40width620/iYEQd1pyqp-d0f43f4aa485.jpg|https://image.production.fruitsfamily.com/public/product/resized%40width620/ukNL8AV0LO-9f5b15284180.jpg,data/images/oofos/9637309_01.jpg|data/images/oofos/9637309_02.jpg|data/images/oofos/9637309_03.jpg
FRUITSFAMILY,9987393,OOFOS,OOFOS,새상품)우포스 270 사이즈,55000,,270,우포스 270 사이즈 새상품 팝니다,True,https://fruitsfamily.com/product/5y2bl/%EC%83%88%EC%83%81%ED%92%88-%EC%9A%B0%ED%8F%AC%EC%8A%A4-270-%EC%82%AC%EC%9D%B4%EC%A6%88,2026-08-04,https://image.production.fruitsfamily.com/public/product/resized%40width620/XSEj75kl--e3ff36501211.jpg|https://image.production.fruitsfamily.com/public/product/resized%40width620/C0p2XfbS43-de5c2a974842.jpg,data/images/oofos/9987393_01.jpg|data/images/oofos/9987393_02.jpg
FRUITSFAMILY,9832443,OOFOS,OOFOS,"OOFOS 우포스 나바호 커스텀 블랙42,터키 개인 결제창",92000,,OS,"36 US M3W5 220
37 US M4W6 230
38 US M5W7 240
39 US M6W8 250
40 US M7W9 255 
41 US M8W10 260
42 US M9W11 270
43 US M10W12 280
44 US M11W13 290

•참고로 우포스는 .5단위 사이즈는 하나만 나오는 관계로 본인 발 사이즈가 5로 끝나시면 일업 권장 드립니다.

•패키지는 2022~2026년형(사진 참고) 폴리백 또는 박스 구성이며 매 입고시마다 랜덤으로 발송 제조국 또한 Korea, Vietnam 랜덤입니다

• 사진 터치후 보시면 신발과,스톤 전컬러 보실수 있습니다.

• 오더시 4~5일 소요 

• 컬러:블랙,노마드,에그녹 외 시중에 판매되고 있는 전 컬러 주문 가능 하나 판매 금액은 상이 할수 있습니다

• 스톤 컬러:블랙,터키,레드 

•네고 문의 답장X

• 2개 이상 구매시 택배비 무료

• 우체국(4000원),일반 편택(3500)

• 주문 예시:블랙 41,레드 스톤 

• 당일 재고가 없을시 시간이 더 소요될수 있으니 주문전 문의 주세요. 

• 본인 소유 우포스 제품도 작업 가능 (39000원) 왕복 택배비 본인 부담

⚠️네고 문의 답장 안함,문의 후 잠수 차단",True,https://fruitsfamily.com/product/5uqrf/oofos-%EC%9A%B0%ED%8F%AC%EC%8A%A4-%EB%82%98%EB%B0%94%ED%98%B8-%EC%BB%A4%EC%8A%A4%ED%85%80-%EB%B8%94%EB%9E%9942-%ED%84%B0%ED%82%A4-%EA%B0%9C%EC%9D%B8-%EA%B2%B0%EC%A0%9C%EC%B0%BD,2026-08-04,https://image.production.fruitsfamily.com/public/product/resized%40width620/UeC2gTVJ3a-776A825C-747A-410E-9BB9-9AA9EBD266E4.jpg|https://image.production.fruitsfamily.com/public/product/resized%40width620/jJNTkzvtRh-FF9342D5-ABFD-4F03-ACED-5CE8B015CDAD.jpg|https://image.production.fruitsfamily.com/public/product/resized%40width620/EJEorVmCrj-D44CE1C4-36CC-412C-B577-F5E0D30E0721.jpg|https://image.production.fruitsfamily.com/public/product/resized%40width620/Zt1LM8f1z-C850A9CA-E1C3-43F9-B469-2DE6D908BA80.jpg|https://image.production.fruitsfamily.com/public/product/resized%40width620/DYM05x8c0X-D91234E4-6EF7-46AB-A4D3-7D68CD5932D7.jpg|https://image.production.fruitsfamily.com/public/product/resized%40width620/lsQzYc__qP-59A53593-CD8B-45F7-8633-D8910A7422CF.jpg|https://image.production.fruitsfamily.com/public/product/resized%40width620/NxQxEo579q-41E80A95-2858-4522-8E2D-C4E2422F7DE9.jpg|https://image.production.fruitsfamily.com/public/product/resized%40width620/RHefZkTOW5-6406DBE4-1B52-48AC-8AA0-E0C2DFD9B432.jpg|https://image.production.fruitsfamily.com/public/product/resized%40width620/Hz-VIOYU5p-9087E283-9CCE-44E9-81C5-091E18ABB5ED.jpg,data/images/oofos/9832443_01.jpg|data/images/oofos/9832443_02.jpg|data/images/oofos/9832443_03.jpg
FRUITSFAMILY,9779863,OOFOS,OOFOS,(260)우포스 오리지널 쪼리,29000,,260,"우포스 정품 중고. 상태 6/10

📦택배거래 시 +4000원 (우체국)

🤝🏼직거래 시 경기도 의정부시 신곡동 이편한세상신곡파크비스타 앞

❌교환 환불 절대 불가",True,https://fruitsfamily.com/product/5tm6v/260-%EC%9A%B0%ED%8F%AC%EC%8A%A4-%EC%98%A4%EB%A6%AC%EC%A7%80%EB%84%90-%EC%AA%BC%EB%A6%AC,2026-08-04,https://image.production.fruitsfamily.com/public/product/resized%40width620/kk61Q6BoE-cca26ca35449.jpg|https://image.production.fruitsfamily.com/public/product/resized%40width620/6ET32nrydB-fd746794764e.jpg|https://image.production.fruitsfamily.com/public/product/resized%40width620/NI0nlf203L-c2854462a88a.jpg|https://image.production.fruitsfamily.com/public/product/resized%40width620/QpoYBV9UbL-891a0ae14d8f.jpg|https://image.production.fruitsfamily.com/public/product/resized%40width620/iLvFNqyBWy-7804d8f9abaa.jpg|https://image.production.fruitsfamily.com/public/product/resized%40width620/2NkUrzE0Wd-bd69774dadb8.jpg|https://image.production.fruitsfamily.com/public/product/resized%40width620/yuZ66zir0k-3f9ba3fdcd4e.jpg,data/images/oofos/9779863_01.jpg|data/images/oofos/9779863_02.jpg|data/images/oofos/9779863_03.jpg
FRUITSFAMILY,9860957,OOFOS,OOFOS,우포스 OORIGINAL BLACK - 조리 블랙 280 쪼리,39000,,280,"• Size : 280

• Condition : 8.5/10

✔️ 택배비 4,000원 / 제주·도서산간 7,000원
(방문택배만 합니다. 반값택배 X)

✔️ 교신, 직거래 X

✔️ 무리한 네고, 스펙·사이즈 문의, “안녕하세요”, “팔렸나요” 등의 의미 없는 소모성 질문에는 답변하지 않습니다.
(계속될 경우 차단)
구매 의사가 확실한 경우에만 문의 부탁드립니다.

❗️ 최대한 양심 있게 상태를 미리 고지하고 검수하지만, 미처 확인하지 못한 미세한 오염이나 하자가 있을 수 있으며 조명에 따라 색감 차이가 있을 수 있습니다.
예민하신 분은 구매를 지양해 주세요.

❗️ 중고거래 특성상 교환 및 환불은 절대 불가합니다.
(구매 후에는 즉시 방문택배 예약 처리되므로, 발송 전이라도 취소는 불가능합니다.)

구매 결정은 신중히 부탁드립니다 🙏",True,https://fruitsfamily.com/product/5vcrh/%EC%9A%B0%ED%8F%AC%EC%8A%A4-ooriginal-black-%EC%A1%B0%EB%A6%AC-%EB%B8%94%EB%9E%99-280-%EC%AA%BC%EB%A6%AC,2026-08-04,https://image.production.fruitsfamily.com/public/product/resized%40width620/7KRmQoZXR-34c8cbedb7a0.jpg|https://image.production.fruitsfamily.com/public/product/resized%40width620/dLVNlfbME1-a84784f41f8f.jpg|https://image.production.fruitsfamily.com/public/product/resized%40width620/ifaQDnFmvV-34680d977456.jpg|https://image.production.fruitsfamily.com/public/product/resized%40width620/0LwnrjIig_-f3cb6f5b9be8.jpg|https://image.production.fruitsfamily.com/public/product/resized%40width620/9ny87FEbd1-4a8e58ec910b.jpg|https://image.production.fruitsfamily.com/public/product/resized%40width620/f3Tj7N2IL2-7ab5d46a414d.jpg|https://image.production.fruitsfamily.com/public/product/resized%40width620/asd0yH4zVw-aef256cc765c.jpg,data/images/oofos/9860957_01.jpg|data/images/oofos/9860957_02.jpg|data/images/oofos/9860957_03.jpg
FRUITSFAMILY,9640176,OOFOS,OOFOS,솔로이스트 x 우포스 쪼리,130000,,255,"M7 W9 사이즈입니다. (255)

시착만 해본 새제품

직거래는 서울 2호선 신대방역
그 외 지역 우체국택배",True,https://fruitsfamily.com/product/5qmeo/%EC%86%94%EB%A1%9C%EC%9D%B4%EC%8A%A4%ED%8A%B8-x-%EC%9A%B0%ED%8F%AC%EC%8A%A4-%EC%AA%BC%EB%A6%AC,2026-08-04,https://image.production.fruitsfamily.com/public/product/resized%40width620/F81lvA9q2-eedf45f2aba5.jpg|https://image.production.fruitsfamily.com/public/product/resized%40width620/gJd8-FXfeO-300a5e830461.jpg,data/images/oofos/9640176_01.jpg|data/images/oofos/9640176_02.jpg
FRUITSFAMILY,9654105,OOFOS,OOFOS,(EU42/270) 우포스 x 타카히로미야시타 더 솔로이스트,144000,180000,270,"우포스 x 타카히로미야시타 더 솔로이스트 라스트 나이트 아이 드림드 댓 섬바디 러브드 미 더 사운드 오브 더 솔로이스트 클로그 블랙 

사이즈 : EU 42 (270)

작년에 구매하고 깨끗하게 관리하면서 착용 했습니다!",True,https://fruitsfamily.com/product/5qx5l/eu42-270-%EC%9A%B0%ED%8F%AC%EC%8A%A4-x-%ED%83%80%EC%B9%B4%ED%9E%88%EB%A1%9C%EB%AF%B8%EC%95%BC%EC%8B%9C%ED%83%80-%EB%8D%94-%EC%86%94%EB%A1%9C%EC%9D%B4%EC%8A%A4%ED%8A%B8,2026-08-04,https://image.production.fruitsfamily.com/public/product/resized%40width620/4eDab5Jur-e8e140e19d96.jpg|https://image.production.fruitsfamily.com/public/product/resized%40width620/REk54j1Twu-eff0ac2e1e8f.jpg|https://image.production.fruitsfamily.com/public/product/resized%40width620/dSd7rpO1Vk-de656b0184d8.jpg|https://image.production.fruitsfamily.com/public/product/resized%40width620/7I5Fs08_fe-1de4efca0a76.jpg,data/images/oofos/9654105_01.jpg|data/images/oofos/9654105_02.jpg|data/images/oofos/9654105_03.jpg
FRUITSFAMILY,9807785,OOFOS,OOFOS,우포스 오리지널 플립플랍 270,35000,,270,"작년에 실수로 두 개를 주문해버려서 하나는 새 거 그 자체로 보관 중이라서 판매합니다

새상품입니다!",True,https://fruitsfamily.com/product/5u7qh/%EC%9A%B0%ED%8F%AC%EC%8A%A4-%EC%98%A4%EB%A6%AC%EC%A7%80%EB%84%90-%ED%94%8C%EB%A6%BD%ED%94%8C%EB%9E%8D-270,2026-08-04,https://image.production.fruitsfamily.com/public/product/resized%40width620/hha0imo0X-4d9c00031128.jpg|https://image.production.fruitsfamily.com/public/product/resized%40width620/XjA051dWj-4c34f019ce6b.jpg,data/images/oofos/9807785_01.jpg|data/images/oofos/9807785_02.jpg
FRUITSFAMILY,9684744,OOFOS,OOFOS,우포스 오리지널 블랙,35000,,270,"270이고, 상태는 사진참고 바랍니다!",True,https://fruitsfamily.com/product/5rkso/%EC%9A%B0%ED%8F%AC%EC%8A%A4-%EC%98%A4%EB%A6%AC%EC%A7%80%EB%84%90-%EB%B8%94%EB%9E%99,2026-08-04,https://image.production.fruitsfamily.com/public/product/resized%40width620/U75r9gnsM-6b40e3603cbb.jpg|https://image.production.fruitsfamily.com/public/product/resized%40width620/qH20A2jH3l-2f1377f4c787.jpg|https://image.production.fruitsfamily.com/public/product/resized%40width620/REVID4PlpQ-9f54162c333b.jpg|https://image.production.fruitsfamily.com/public/product/resized%40width620/1Yut9Zo3K-b399d5f601ad.jpg,data/images/oofos/9684744_01.jpg|data/images/oofos/9684744_02.jpg|data/images/oofos/9684744_03.jpg
FRUITSFAMILY,9771451,OOFOS,OOFOS,우포스 솔로이스트 클로그 미친 가격에 판매합니다!,140000,,255,"2회 실내착용!
단품입니다!
크림구매!",True,https://fruitsfamily.com/product/5tfp7/%EC%9A%B0%ED%8F%AC%EC%8A%A4-%EC%86%94%EB%A1%9C%EC%9D%B4%EC%8A%A4%ED%8A%B8-%ED%81%B4%EB%A1%9C%EA%B7%B8-%EB%AF%B8%EC%B9%9C-%EA%B0%80%EA%B2%A9%EC%97%90-%ED%8C%90%EB%A7%A4%ED%95%A9%EB%8B%88%EB%8B%A4,2026-08-04,https://image.production.fruitsfamily.com/public/product/resized%40width620/U7W7-GXuA-f0994f724cd2.jpg|https://image.production.fruitsfamily.com/public/product/resized%40width620/ex_L1JHWPt-48a49302a8a1.jpg|https://image.production.fruitsfamily.com/public/product/resized%40width620/0SKZCmcOm7-aff443969990.jpg|https://image.production.fruitsfamily.com/public/product/resized%40width620/FwnDx0t4RB-6c88938dc1e0.jpg|https://image.production.fruitsfamily.com/public/product/resized%40width620/oV4H1_ddgh-96d4ea86dab9.jpg|https://image.production.fruitsfamily.com/public/product/resized%40width620/CeLUt7zw8f-66721a347e3b.jpg|https://image.production.fruitsfamily.com/public/product/resized%40width620/HJJ_9oHcsx-3ee7dfcfc0b2.jpg|https://image.production.fruitsfamily.com/public/product/resized%40width620/Zy01lllMi1-7ec54911d83f.jpg|https://image.production.fruitsfamily.com/public/product/resized%40width620/YZzvSnZO0G-2dfff079211b.jpg|https://image.production.fruitsfamily.com/public/product/resized%40width620/3uWRTG-vjT-56c616e9868a.jpg,data/images/oofos/9771451_01.jpg|data/images/oofos/9771451_02.jpg|data/images/oofos/9771451_03.jpg
FRUITSFAMILY,9773667,OOFOS,OOFOS,(44) 우포스 솔로이스트 플립플랍,40000,,OS,"우포스 솔로이스트 콜라보 플립플랍입니다
사용감 있으며 사진으로 올렸으니 참고 바랍니다
레터링부분은 까짐 거의 없습니다
사이즈는 EU 44입니다

문의주세요!",True,https://fruitsfamily.com/product/5ther/44-%EC%9A%B0%ED%8F%AC%EC%8A%A4-%EC%86%94%EB%A1%9C%EC%9D%B4%EC%8A%A4%ED%8A%B8-%ED%94%8C%EB%A6%BD%ED%94%8C%EB%9E%8D,2026-08-04,https://image.production.fruitsfamily.com/public/product/resized%40width620/if4XdzYB8-00ffe8ab88c7.jpg|https://image.production.fruitsfamily.com/public/product/resized%40width620/Dnn1Kiq99o-ca2cc0a8b76b.jpg|https://image.production.fruitsfamily.com/public/product/resized%40width620/GCqakGCT_p-0f0a4e2ad7fe.jpg|https://image.production.fruitsfamily.com/public/product/resized%40width620/voJr1FvYkT-c39611579024.jpg,data/images/oofos/9773667_01.jpg|data/images/oofos/9773667_02.jpg|data/images/oofos/9773667_03.jpg
FRUITSFAMILY,9555675,OOFOS,OOFOS,우포스 오리지날 쪼리 블랙,53000,,310,유명한 모델이라 자세한 설명은 생략하겠습니다.새상품입니다.사이즈 오류로 잘못 구입 하였습니다.us m14 사이즈이며 수업료 1만원 가량 제외하고 저렴하게 판매합니다.,True,https://fruitsfamily.com/product/5ot7f/%EC%9A%B0%ED%8F%AC%EC%8A%A4-%EC%98%A4%EB%A6%AC%EC%A7%80%EB%82%A0-%EC%AA%BC%EB%A6%AC-%EB%B8%94%EB%9E%99,2026-08-04,https://image.production.fruitsfamily.com/public/product/resized%40width620/VN2AUqL0f-6be8e32dfb4d.jpg|https://image.production.fruitsfamily.com/public/product/resized%40width620/k38kJW1NWZ-2e3fdc90c6b6.jpg|https://image.production.fruitsfamily.com/public/product/resized%40width620/11h3ff5IhD-6a231485631e.jpg,data/images/oofos/9555675_01.jpg|data/images/oofos/9555675_02.jpg|data/images/oofos/9555675_03.jpg
FRUITSFAMILY,9659009,OOFOS,OOFOS,우포스 클로그 270 블랙,75000,,270,"크림에서 구매하고 배송받자마자 사이즈 잘못 산 거 깨달아서 팝니다..
집에서 사이즈감만 볼려고 한번 신어본 게 답니다..
풀박스 구성입니다
배송비포함가격입니다",True,https://fruitsfamily.com/product/5r0xt/%EC%9A%B0%ED%8F%AC%EC%8A%A4-%ED%81%B4%EB%A1%9C%EA%B7%B8-270-%EB%B8%94%EB%9E%99,2026-08-04,https://image.production.fruitsfamily.com/public/product/resized%40width620/y0IhRla26-f5adcfca6937.jpg|https://image.production.fruitsfamily.com/public/product/resized%40width620/d6MdYE12xb-644ed952c138.jpg|https://image.production.fruitsfamily.com/public/product/resized%40width620/rqdNbiGMMN-2f1bcd3eeb4d.jpg,data/images/oofos/9659009_01.jpg|data/images/oofos/9659009_02.jpg|data/images/oofos/9659009_03.jpg
FRUITSFAMILY,9664877,OOFOS,OOFOS,"OOFOS 우포스 나바호 검42터키,체인 개인 결제창",124000,,OS,"36 US M3W5 220
37 US M4W6 230
38 US M5W7 240
39 US M6W8 250
40 US M7W9 255 
41 US M8W10 260
42 US M9W11 270
43 US M10W12 280
44 US M11W13 290

•참고로 우포스는 .5단위 사이즈는 하나만 나오는 관계로 본인 발 사이즈가 5로 끝나시면 일업 권장 드립니다.

•패키지는 2022~2026년형(사진 참고) 폴리백 또는 박스 구성이며 매 입고시마다 랜덤으로 발송 제조국 또한 Korea, Vietnam 랜덤입니다

• 사진 터치후 보시면 신발과,스톤 전컬러 보실수 있습니다.

• 오더시 4~5일 소요 

• 컬러:블랙,노마드,에그녹 외 시중에 판매되고 있는 전 컬러 주문 가능 하나 판매 금액은 상이 할수 있습니다

• 스톤 컬러:블랙,터키,레드 

•네고 문의 답장X

• 2개 이상 구매시 택배비 무료

• 우체국(4000원),일반 편택(3500)

• 주문 예시:블랙 41,레드 스톤 

• 당일 재고가 없을시 시간이 더 소요될수 있으니 주문전 문의 주세요. 

• 본인 소유 우포스 제품도 작업 가능 (39000원) 왕복 택배비 본인 부담

⚠️네고 문의 답장 안함,문의 후 잠수 차단",True,https://fruitsfamily.com/product/5r5gt/oofos-%EC%9A%B0%ED%8F%AC%EC%8A%A4-%EB%82%98%EB%B0%94%ED%98%B8-%EA%B2%8042%ED%84%B0%ED%82%A4-%EC%B2%B4%EC%9D%B8-%EA%B0%9C%EC%9D%B8-%EA%B2%B0%EC%A0%9C%EC%B0%BD,2026-08-04,https://image.production.fruitsfamily.com/public/product/resized%40width620/UeC2gTVJ3a-776A825C-747A-410E-9BB9-9AA9EBD266E4.jpg|https://image.production.fruitsfamily.com/public/product/resized%40width620/jJNTkzvtRh-FF9342D5-ABFD-4F03-ACED-5CE8B015CDAD.jpg|https://image.production.fruitsfamily.com/public/product/resized%40width620/EJEorVmCrj-D44CE1C4-36CC-412C-B577-F5E0D30E0721.jpg|https://image.production.fruitsfamily.com/public/product/resized%40width620/Zt1LM8f1z-C850A9CA-E1C3-43F9-B469-2DE6D908BA80.jpg|https://image.production.fruitsfamily.com/public/product/resized%40width620/DYM05x8c0X-D91234E4-6EF7-46AB-A4D3-7D68CD5932D7.jpg|https://image.production.fruitsfamily.com/public/product/resized%40width620/lsQzYc__qP-59A53593-CD8B-45F7-8633-D8910A7422CF.jpg|https://image.production.fruitsfamily.com/public/product/resized%40width620/NxQxEo579q-41E80A95-2858-4522-8E2D-C4E2422F7DE9.jpg|https://image.production.fruitsfamily.com/public/product/resized%40width620/RHefZkTOW5-6406DBE4-1B52-48AC-8AA0-E0C2DFD9B432.jpg|https://image.production.fruitsfamily.com/public/product/resized%40width620/Hz-VIOYU5p-9087E283-9CCE-44E9-81C5-091E18ABB5ED.jpg,data/images/oofos/9664877_01.jpg|data/images/oofos/9664877_02.jpg|data/images/oofos/9664877_03.jpg
FRUITSFAMILY,9643609,OOFOS,OOFOS,[us8] 우포스 솔로이스트 판매,75000,80000,260,"사이즈 41 

사용감 많습니다 

더스트백 택 보유 

택배비 5000",True,https://fruitsfamily.com/product/5qp21/us8-%EC%9A%B0%ED%8F%AC%EC%8A%A4-%EC%86%94%EB%A1%9C%EC%9D%B4%EC%8A%A4%ED%8A%B8-%ED%8C%90%EB%A7%A4,2026-08-04,https://image.production.fruitsfamily.com/public/product/resized%40width620/ULToMRECw-0b7b010f4c5b.jpg|https://image.production.fruitsfamily.com/public/product/resized%40width620/edpPHqQjn-b49ed1bc4c1f.jpg|https://image.production.fruitsfamily.com/public/product/resized%40width620/5X3KcH5tER-a3a2ef47a6a8.jpg,data/images/oofos/9643609_01.jpg|data/images/oofos/9643609_02.jpg|data/images/oofos/9643609_03.jpg
FRUITSFAMILY,10377629,Crocs,Crocs,크록스 클래식 클로그 블랙 Crocs Classic Clog Black,33000,,250,"크록스 클래식 클로그 블랙
Crocs Classic Clog Black
모델:10001-001
 사이즈 us6/250, us7/260 ,us8/265 ,us9/270, us10/280 5사이즈 잇어요
새상품 정품이에요
오후 두시전 결제시 당일 배송",False,https://fruitsfamily.com/product/66ffh/%ED%81%AC%EB%A1%9D%EC%8A%A4-%ED%81%B4%EB%9E%98%EC%8B%9D-%ED%81%B4%EB%A1%9C%EA%B7%B8-%EB%B8%94%EB%9E%99-crocs-classic-clog-black,2026-08-04,https://image.production.fruitsfamily.com/public/product/resized%40width620/0Gq5BngAgq-4C1CB331-DBFB-4D91-8E52-3CE541E02D82.jpg|https://image.production.fruitsfamily.com/public/product/resized%40width620/ISZ_ArryyZ-FA465814-2421-42C5-8F1F-6A2C09367AF1.jpg|https://image.production.fruitsfamily.com/public/product/resized%40width620/xdZHr3gdxT-D4EAD312-F0A5-413D-BEB7-3BF7D202AE07.jpg|https://image.production.fruitsfamily.com/public/product/resized%40width620/Xd-ZU-mXs5-825DA15C-8BB5-4D18-A396-3BE22ED49430.jpg,data/images/crocs/10377629_01.jpg|data/images/crocs/10377629_02.jpg|data/images/crocs/10377629_03.jpg
FRUITSFAMILY,9368589,Crocs,Crocs,크록스 산라 베벨드 서클 웨지 플립 블랙 230mm,30000,40000,230,"크록스플립플랍 크록스쪼리

실버 서클 장식 포인트 들어간 웨지 플립.
블랙 컬러에 낮은 웨지 굽이라 데일리룩,
여행룩에 깔끔하게 매치하기 좋습니다.
발바닥 텍스처 풋베드와 가벼운 소재감으로
편하게 신기 좋은 여름 쪼리입니다.
일반 쪼리보다 살짝 높이감 있는 웨지
타입이라 편하면서도 라인 잡기 좋습니다

상품은 사진 그대로 입니다.
꼼꼼히 확인해 보시고 결정해 주세요.
문의 없으시면 바로 안전결제하시면 됩니다.
 
밑창 (솔) 컨디션     5.0 / 5.0
갑피(어퍼) 컨디션   5.0 / 5.0
뒷축, 앞코 컨디션   5.0 / 5.0

[ 무게 및 솔 높이 : 약 293g / 4cm ]

■ 안내사항

✔ 제주/도서산간은 추가 배송비가 발생할 수 있습니다.
✔ 상품 설명/사진을 꼭 확인 후 구매 부탁드립니다.
✔ 사이즈 맞춤 상담은 어렵고, 동일 표기라도 
   브랜드/모델에 따라 차이 있을 수 있습니다.
✔ 과한 보정 없이 실제 상태 기준으로 촬영했습니다.
   사진에 다 담기지 않는 미세 사용감은 있을 수 있습니다.
✔ 보풀/마감실/미약 오염/세월감 등 중고·빈티지 
   특성은 있을 수 있으며, 새상품은 별도 표기합니다.

✔ 사이즈 착오 및 단순변심으로 인한 
   반품/환불은 어렵습니다.

✔ 궁금한 점이나 추가 사진 요청은 문의 주세요. 
   빈티지에 민감하신 분은 신중히 부탁드립니다.",False,https://fruitsfamily.com/product/5ksul/%ED%81%AC%EB%A1%9D%EC%8A%A4-%EC%82%B0%EB%9D%BC-%EB%B2%A0%EB%B2%A8%EB%93%9C-%EC%84%9C%ED%81%B4-%EC%9B%A8%EC%A7%80-%ED%94%8C%EB%A6%BD-%EB%B8%94%EB%9E%99-230mm,2026-08-04,https://image.production.fruitsfamily.com/public/product/resized%40width620/4-_psPl5Y-6fe9a32c5a50.jpg|https://image.production.fruitsfamily.com/public/product/resized%40width620/_-iyczyRcR-1b61ace4d795.jpg|https://image.production.fruitsfamily.com/public/product/resized%40width620/E0r1GL5eep-9f8d7a58c9da.jpg|https://image.production.fruitsfamily.com/public/product/resized%40width620/nKLCORV0_0-59ad6095f749.jpg|https://image.production.fruitsfamily.com/public/product/resized%40width620/w4Tg1Bgrl5-4031629dee79.jpg|https://image.production.fruitsfamily.com/public/product/resized%40width620/i2sBqw-I9D-990ebca8904e.jpg|https://image.production.fruitsfamily.com/public/product/resized%40width620/0Dxmt0X2Vt-b5c0e9adce54.jpg|https://image.production.fruitsfamily.com/public/product/resized%40width620/2hcgl6kOOi-f2030c8c5dbd.jpg|https://image.production.fruitsfamily.com/public/product/resized%40width620/5ZZY9Js5MN-2ae1e564f0a6.jpg,data/images/crocs/9368589_01.jpg|data/images/crocs/9368589_02.jpg|data/images/crocs/9368589_03.jpg
FRUITSFAMILY,10375723,Crocs,Crocs,193)크록스 여성 샌들 230~235,35000,,235,크록스 여성 샌들 판매합니다. 검정색이고 튼튼한 스트랩이 있어 편하게 신으실 수 있습니다. 샌들 앞부분에 독특한 패턴이 새겨져 있어 포인트로 좋습니다. 구매 원하시면 바로 안전결제 해주시면 됩니다!,False,https://fruitsfamily.com/product/66dyj/193-%ED%81%AC%EB%A1%9D%EC%8A%A4-%EC%97%AC%EC%84%B1-%EC%83%8C%EB%93%A4-230-235,2026-08-04,https://image.production.fruitsfamily.com/public/product/resized%40width620/8qjmcTFtw-1009d2615d5a.jpg|https://image.production.fruitsfamily.com/public/product/resized%40width620/77rDjW7o4o-42642f337ff6.jpg|https://image.production.fruitsfamily.com/public/product/resized%40width620/YIBnta_XiY-d440e03767b9.jpg|https://image.production.fruitsfamily.com/public/product/resized%40width620/Md4yC4-gvM-7eba9000158e.jpg|https://image.production.fruitsfamily.com/public/product/resized%40width620/IUtjiUy4WA-2020ebca3799.jpg|https://image.production.fruitsfamily.com/public/product/resized%40width620/0egFmOfoZA-30fa7797635c.jpg|https://image.production.fruitsfamily.com/public/product/resized%40width620/Cs-8tDaspg-013b177d8011.jpg|https://image.production.fruitsfamily.com/public/product/resized%40width620/VjG016gbjv-5cc6cdee0052.jpg|https://image.production.fruitsfamily.com/public/product/resized%40width620/T2GpOsyWGZ-fd1dd6d21a5c.jpg,data/images/crocs/10375723_01.jpg|data/images/crocs/10375723_02.jpg|data/images/crocs/10375723_03.jpg
FRUITSFAMILY,9099507,Crocs,Crocs,크록스 통굽 스탠딩 240,40000,50000,240,"원가: 7만원
사이즈 미스로 팔아요!
굽이 있어서 스탠딩화로 신기도 좋아요",False,https://fruitsfamily.com/product/5f183/%ED%81%AC%EB%A1%9D%EC%8A%A4-%ED%86%B5%EA%B5%BD-%EC%8A%A4%ED%83%A0%EB%94%A9-240,2026-08-04,https://image.production.fruitsfamily.com/public/product/resized%40width620/t8J8rFRkw-62c8fdb046ba.jpg|https://image.production.fruitsfamily.com/public/product/resized%40width620/iliAbEmUMz-f4b949bc40c7.jpg,data/images/crocs/9099507_01.jpg|data/images/crocs/9099507_02.jpg
FRUITSFAMILY,10001439,Crocs,Crocs,240mm 크록스 브루클린 우븐 버클 샌들 블랙,45000,,240,"크록스샌들 크록스통굽샌들

플랫폼 굽감이 있어 자연스러운 키높이
효과가 있는 샌들입니다.
블랙 스트랩과 브라운 우븐 플랫폼 조합이라
캐주얼룩, 원피스, 데님에 포인트 주기 좋습니다.
발등 버클 스트랩으로 핏 조절이 가능해 
일반 슬리퍼보다 안정감 있게 신기 좋습니다.
라이트라이드 폼 풋베드와 크로슬라이트 
라인이라 가볍고 편한 착화감이 장점입니다.

상품은 사진 그대로 입니다.
꼼꼼히 확인해 보시고 결정해 주세요.
문의 없으시면 바로 안전결제하시면 됩니다.
 
밑창 (솔) 컨디션     4.5 / 5.0
갑피(어퍼) 컨디션   4.5 / 5.0
뒷축, 앞코 컨디션   5.0 / 5.0

[ 무게 및 솔 높이 : 약 680g / 5.5cm ]

■ 안내사항

✔ 제주/도서산간은 추가 배송비가 발생할 수 있습니다.
✔ 상품 설명/사진을 꼭 확인 후 구매 부탁드립니다.
✔ 사이즈 맞춤 상담은 어렵고, 동일 표기라도 
   브랜드/모델에 따라 차이 있을 수 있습니다.
✔ 과한 보정 없이 실제 상태 기준으로 촬영했습니다.
   사진에 다 담기지 않는 미세 사용감은 있을 수 있습니다.
✔ 보풀/마감실/미약 오염/세월감 등 중고·빈티지 
   특성은 있을 수 있으며, 새상품은 별도 표기합니다.

✔ 사이즈 착오 및 단순변심으로 인한 
   반품/환불은 어렵습니다.

✔ 궁금한 점이나 추가 사진 요청은 문의 주세요. 
   빈티지에 민감하신 분은 신중히 부탁드립니다.",False,https://fruitsfamily.com/product/5yd5r/240mm-%ED%81%AC%EB%A1%9D%EC%8A%A4-%EB%B8%8C%EB%A3%A8%ED%81%B4%EB%A6%B0-%EC%9A%B0%EB%B8%90-%EB%B2%84%ED%81%B4-%EC%83%8C%EB%93%A4-%EB%B8%94%EB%9E%99,2026-08-04,https://image.production.fruitsfamily.com/public/product/resized%40width620/F9QThiWBI-02019657e395.jpg|https://image.production.fruitsfamily.com/public/product/resized%40width620/z8L-nhGaK4-dc91ec4446e7.jpg|https://image.production.fruitsfamily.com/public/product/resized%40width620/qj4B6hXGmI-67c33834196a.jpg|https://image.production.fruitsfamily.com/public/product/resized%40width620/9xHhASBQyU-4df9d09c4d55.jpg|https://image.production.fruitsfamily.com/public/product/resized%40width620/F3JC45cwkP-6399e6adeac4.jpg|https://image.production.fruitsfamily.com/public/product/resized%40width620/i_u0IMjLh3-a0d647c14398.jpg|https://image.production.fruitsfamily.com/public/product/resized%40width620/8sD9AYGYmv-c9739360e32c.jpg|https://image.production.fruitsfamily.com/public/product/resized%40width620/wN_1J7ivKh-77b167beb864.jpg|https://image.production.fruitsfamily.com/public/product/resized%40width620/Jeah5sCu1o-4a59bc722381.jpg|https://image.production.fruitsfamily.com/public/product/resized%40width620/mVAb6lNLEQ-0221669692aa.jpg,data/images/crocs/10001439_01.jpg|data/images/crocs/10001439_02.jpg|data/images/crocs/10001439_03.jpg
FRUITSFAMILY,9420188,Crocs,Crocs,[새상품/택포가] 270mm 크록스 슬라이드 바야2 화이트,30000,,270,"새상품 / 미시착 / 정품
크록스 내부택, 상품탭 
등 사진 모두 올려놨습니다.

상품은 사진 그대로 입니다.
꼼꼼히 확인해 보시고 결정해 주세요.

▶제주 및 도서산간지 배송비 별도.

▶상품설명 및 이미지에 기재된 정보를 꼭 참고하시길 바랍니다. 

#개인별 사이즈가 각 달라 맞춤 상담 X
동일 사이즈라도 브랜드 or 모델별 차이가 있을 수 있습니다.

▶포토샵이나 조명 사용치 않고 상태 그대로를 촬영합니다.

▶새상품의 경우 제조 과정에서 생긴 본드자국이 있을 수 있습니다. 사용감이나 세월감이 아닙니다.",False,https://fruitsfamily.com/product/5lwnw/%EC%83%88%EC%83%81%ED%92%88-%ED%83%9D%ED%8F%AC%EA%B0%80-270mm-%ED%81%AC%EB%A1%9D%EC%8A%A4-%EC%8A%AC%EB%9D%BC%EC%9D%B4%EB%93%9C-%EB%B0%94%EC%95%BC2-%ED%99%94%EC%9D%B4%ED%8A%B8,2026-08-04,https://image.production.fruitsfamily.com/public/product/resized%40width620/33GvEMR7ny-1780207976073-4vm7a29lm.jpg|https://image.production.fruitsfamily.com/public/product/resized%40width620/-Jo3d_j70c-1780207976074-hzgqb7i9r.jpg|https://image.production.fruitsfamily.com/public/product/resized%40width620/Ov48xQV6ud-1780207976074-vldx8x68f.jpg|https://image.production.fruitsfamily.com/public/product/resized%40width620/vw6FsDpDQF-1780207976074-2zgk8klyz.jpg|https://image.production.fruitsfamily.com/public/product/resized%40width620/Bw_9ZYzpJM-1780207976075-wmc42su7o.jpg|https://image.production.fruitsfamily.com/public/product/resized%40width620/rgcaCPB1T9-1780207976075-l9dxy3t7f.jpg,data/images/crocs/9420188_01.jpg|data/images/crocs/9420188_02.jpg|data/images/crocs/9420188_03.jpg
FRUITSFAMILY,9296550,Crocs,Crocs,크록스 크록밴드 로고 클로그 (네이비 & 레드) 250~255,23000,,255,"CROCS 크록스 크록밴드 로고 클로그 네이비 & 레드 모델입니다.
바디는 딥 네이비 컬러 이고 힐 스트랩과 로고 테두리에 산뜻한 레드 컬러로 포인트를 주었습니다.
(힐 스트랩 레드 컬러는 현재 품절이라 인터넷 상에서도 구하기 어렵습니다)
사이즈는 m7w9 입니다. 
250~255 신는 분들 잘 맞아요.

측면 밴드부터 상단까지 이어지는 대담하고 스포티한 CROCS 빅 레터링 로고가 특징인 모델이고 Croslite™ 폼 구조로 제작되어 무게가 가볍고 쿠션감이 뛰어납니다.
상단 구멍에 지비츠 참을 꽂아 개성 있게 꾸밀 수 있습니다 (오른쪽에 2개 꽂아둔 상태 입니다)

왼쪽 신발 밴드 안쪽면 떨어져서 재접착 한 적 있습니다. (마지막 사진 참고하세요)
신었을 때 크게 표시나지는 않지만 이 부분 고려해서 가격 정했습니다.
전체적으로 무난한 상태이지만 새것 같은 제품 찾는 민감하신 분들은 패쓰해 주세요.
세탁완료. 바로 신으시면 됩니다.

중고라서 물건에 큰 하자 없으면 교환 환불 불가합니다.",False,https://fruitsfamily.com/product/5j99i/%ED%81%AC%EB%A1%9D%EC%8A%A4-%ED%81%AC%EB%A1%9D%EB%B0%B4%EB%93%9C-%EB%A1%9C%EA%B3%A0-%ED%81%B4%EB%A1%9C%EA%B7%B8-%EB%84%A4%EC%9D%B4%EB%B9%84-%EB%A0%88%EB%93%9C-250-255,2026-08-04,https://image.production.fruitsfamily.com/public/product/resized%40width620/b3gkedyNa-b941228caa7b.jpg|https://image.production.fruitsfamily.com/public/product/resized%40width620/7RN8GI9P0_-c73d4fd37e52.jpg|https://image.production.fruitsfamily.com/public/product/resized%40width620/tU0ryWJMYY-b9e8312331c8.jpg|https://image.production.fruitsfamily.com/public/product/resized%40width620/qLbz_nPnIP-c4fc33160582.jpg|https://image.production.fruitsfamily.com/public/product/resized%40width620/Ef8bkKcAAB-430308bd775d.jpg|https://image.production.fruitsfamily.com/public/product/resized%40width620/okYdVWiM1Q-ed9669d52af1.jpg|https://image.production.fruitsfamily.com/public/product/resized%40width620/geuRXjxpRA-afbc27e5a2dc.jpg|https://image.production.fruitsfamily.com/public/product/resized%40width620/9nwkxWTcPk-f01a82b97ff0.jpg|https://image.production.fruitsfamily.com/public/product/resized%40width620/8AEYduMZ1l-94d459c827fb.jpg|https://image.production.fruitsfamily.com/public/product/resized%40width620/sluGzWY6Vk-767f6df1f8a3.jpg,data/images/crocs/9296550_01.jpg|data/images/crocs/9296550_02.jpg|data/images/crocs/9296550_03.jpg
FRUITSFAMILY,9618681,Crocs,Crocs,"크록스 인모션 클로그 포그 280 (M10, W12)",70000,,280,"크록스 인모션 클로그 포그 280 (M10, W12)

올 5월 운전할때 신으려고 94,900원에 구매했는데 조금 커서 내놓습니다 

운전 할 때 신어서실 깨끗하고 
구매 시 있던 택, 비닐, 신발걸이도 모두 같이드립니다 

크록스 라인 중에서도 발바닥이 제일 편한  제품입니다 

직거래는 둔촌 올림픽파크 포레온 2단지,
반값택배, 택배 모두 가능합니다 (배송료 별도)

※가격 네고 교신은 받지 않으니 올린 가격에 꼭 사실분만 챗주세요. 
*중고거래라 환불안되니 신중하게 거래해주세요",False,https://fruitsfamily.com/product/5q5tl/%ED%81%AC%EB%A1%9D%EC%8A%A4-%EC%9D%B8%EB%AA%A8%EC%85%98-%ED%81%B4%EB%A1%9C%EA%B7%B8-%ED%8F%AC%EA%B7%B8-280-m10-w12,2026-08-04,https://image.production.fruitsfamily.com/public/product/resized%40width620/5ntLL8yTc-518f15bac718.jpg|https://image.production.fruitsfamily.com/public/product/resized%40width620/lc96RtPOdN-a60ff77d418d.jpg|https://image.production.fruitsfamily.com/public/product/resized%40width620/chP3uupstE-d86560507f5f.jpg|https://image.production.fruitsfamily.com/public/product/resized%40width620/lEDIm-Jw82-6d2b540a5c73.jpg|https://image.production.fruitsfamily.com/public/product/resized%40width620/ugiOdQKYR6-dea17e1a7015.jpg|https://image.production.fruitsfamily.com/public/product/resized%40width620/OStWkzFtMX-17873d0a19c0.jpg|https://image.production.fruitsfamily.com/public/product/resized%40width620/YtCaKpYz_z-0330e87714a8.jpg|https://image.production.fruitsfamily.com/public/product/resized%40width620/OSobaek3i_-206eb500cd74.jpg|https://image.production.fruitsfamily.com/public/product/resized%40width620/vPHNn9v08x-ab8c9fd81bba.jpg|https://image.production.fruitsfamily.com/public/product/resized%40width620/ZANDlvijNo-dda64641dab0.jpg,data/images/crocs/9618681_01.jpg|data/images/crocs/9618681_02.jpg|data/images/crocs/9618681_03.jpg
FRUITSFAMILY,9869578,Crocs,Crocs,크록스 스톰프 엠벨리시드 클로그 블랙 230,175000,,230,"크록스 스톰프 엠벨리시드 클로그 블랙

230

단위:mm

☑️구매 전 체크 사항☑️

1. 빈티지 특성상 교환/환불은 불가합니다.
2. 빈티지 특성상 발견하지 못한 작은 데미지가 있을 수 있습니다.
3. 사이즈 재는 방식에 따라 1~3cm 차이가 발생할 수 있습니다.",False,https://fruitsfamily.com/product/5vjey/%ED%81%AC%EB%A1%9D%EC%8A%A4-%EC%8A%A4%ED%86%B0%ED%94%84-%EC%97%A0%EB%B2%A8%EB%A6%AC%EC%8B%9C%EB%93%9C-%ED%81%B4%EB%A1%9C%EA%B7%B8-%EB%B8%94%EB%9E%99-230,2026-08-04,https://image.production.fruitsfamily.com/public/product/resized%40width620/EwKg7ClXu-01eefc601784.jpg|https://image.production.fruitsfamily.com/public/product/resized%40width620/N7SORpTxX7-af0d4b340464.jpg|https://image.production.fruitsfamily.com/public/product/resized%40width620/f_Bc6jT4fj-8edf2ebc8cc5.jpg|https://image.production.fruitsfamily.com/public/product/resized%40width620/liA7OQebDq-43f8354ecc66.jpg|https://image.production.fruitsfamily.com/public/product/resized%40width620/G4e9Edc9P0-d45198f63bf6.jpg|https://image.production.fruitsfamily.com/public/product/resized%40width620/guISVVPMvh-d910b00bd7fa.jpg|https://image.production.fruitsfamily.com/public/product/resized%40width620/cEXgfrl5i_-5d4f8074e559.jpg,data/images/crocs/9869578_01.jpg|data/images/crocs/9869578_02.jpg|data/images/crocs/9869578_03.jpg
FRUITSFAMILY,10393489,Crocs,Crocs,크록스 에코 클로그(260~265mm),40000,,265,"크록스 에코 클로그(260~265mm) 택포4만원에 판매합니다
제품상태는 사용감 있으나 전체적으로 양호합니다(사진참조)
직거래 및 안전구매 가능합니다
구매문의는 톡으로 연락주세요~^^
참! 제 상점은 그 자체가 박물관입니다 제 상점 구경 많이 오세요^^",False,https://fruitsfamily.com/product/66ro1/%ED%81%AC%EB%A1%9D%EC%8A%A4-%EC%97%90%EC%BD%94-%ED%81%B4%EB%A1%9C%EA%B7%B8-260-265mm,2026-08-04,https://image.production.fruitsfamily.com/public/product/resized%40width620/koK8d41rl-c265bb92071a.jpg|https://image.production.fruitsfamily.com/public/product/resized%40width620/jLFn_vezyP-785c759dfd1b.jpg|https://image.production.fruitsfamily.com/public/product/resized%40width620/wIdnpwwy4j-496d320b3677.jpg|https://image.production.fruitsfamily.com/public/product/resized%40width620/Nq7wsNH7Gq-13eb0aecb855.jpg|https://image.production.fruitsfamily.com/public/product/resized%40width620/0PCAAsdQ87-45f9fa36b170.jpg|https://image.production.fruitsfamily.com/public/product/resized%40width620/USl121JLJ_-4192b7051407.jpg|https://image.production.fruitsfamily.com/public/product/resized%40width620/qBO07g18B6-36e87d240fa8.jpg|https://image.production.fruitsfamily.com/public/product/resized%40width620/iMMIVTj0DB-c771a07ced0e.jpg|https://image.production.fruitsfamily.com/public/product/resized%40width620/GpsjMgnGKo-109f1a8f050e.jpg,data/images/crocs/10393489_01.jpg|data/images/crocs/10393489_02.jpg|data/images/crocs/10393489_03.jpg
FRUITSFAMILY,9905643,Crocs,Crocs,230mm 크록스 컬러블록 슬링백 샌들 소프트 플로럴 플랫 코랄,30000,,230,"크록스샌들 크록스슬링백

코랄 플로럴 컬러블록 조합이 
은은하게 들어간 슬링백 샌들입니다.
발등을 잡아주는 넓은 플로럴 스트랩과
슬링백 구조로 가볍게 신기좋은 샌들.
코랄 풋베드에 바디 조합이라 
코디에 컬러 포인트 주기 좋습니다.
굽 낮은 플랫 타입이라 부담 없고, 
가벼운 착화감으로 편하게 신기 좋습니다.

상품은 사진 그대로 입니다.
꼼꼼히 확인해 보시고 결정해 주세요.
특별한 문의 없으시면 
바로 안전결제하시면 됩니다.

문의 순서와 관계없이
결제 완료 순서 기준으로 판매/출고됩니다
 
밑창 (솔) 컨디션     4.0 / 5.0
갑피(어퍼) 컨디션   5.0 / 5.0
뒷축, 앞코 컨디션   5.0 / 5.0

[ 무게 및 솔 높이 : 약 230g / 3cm ]

■ 안내사항

✔ 제주/도서산간은 추가 배송비가 발생할 수 있습니다.
✔ 상품 설명/사진을 꼭 확인 후 구매 부탁드립니다.
✔ 사이즈 맞춤 상담은 어렵고, 동일 표기라도 
   브랜드/모델에 따라 차이 있을 수 있습니다.
✔ 과한 보정 없이 실제 상태 기준으로 촬영했습니다.
   사진에 다 담기지 않는 미세 사용감은 있을 수 있습니다.
✔ 보풀/마감실/미약 오염/세월감 등 중고·빈티지 
   특성은 있을 수 있으며, 새상품은 별도 표기합니다.

✔ 사이즈 착오 및 단순변심으로 인한 
   반품/환불은 어렵습니다.

✔ 궁금한 점이나 추가 사진 요청은 문의 주세요. 
   빈티지에 민감하신 분은 신중히 부탁드립니다.",False,https://fruitsfamily.com/product/5wb8r/230mm-%ED%81%AC%EB%A1%9D%EC%8A%A4-%EC%BB%AC%EB%9F%AC%EB%B8%94%EB%A1%9D-%EC%8A%AC%EB%A7%81%EB%B0%B1-%EC%83%8C%EB%93%A4-%EC%86%8C%ED%94%84%ED%8A%B8-%ED%94%8C%EB%A1%9C%EB%9F%B4-%ED%94%8C%EB%9E%AB-%EC%BD%94%EB%9E%84,2026-08-04,https://image.production.fruitsfamily.com/public/product/resized%40width620/2wTohvgFQ-9c36e94e4af6.jpg|https://image.production.fruitsfamily.com/public/product/resized%40width620/ReTQo4UL2M-34d8e2d8fb54.jpg|https://image.production.fruitsfamily.com/public/product/resized%40width620/IG4y00bIzV-dabbd3a914c0.jpg|https://image.production.fruitsfamily.com/public/product/resized%40width620/lHZ7KTfu6A-5d2304b0ccb4.jpg|https://image.production.fruitsfamily.com/public/product/resized%40width620/Ox6SeKMxsD-45073a6bf21c.jpg|https://image.production.fruitsfamily.com/public/product/resized%40width620/9k-Pyvgk4c-236974665114.jpg|https://image.production.fruitsfamily.com/public/product/resized%40width620/OZBKMPJu66-57be675b5d54.jpg|https://image.production.fruitsfamily.com/public/product/resized%40width620/jnilwE4cnT-5a07a59efaf8.jpg|https://image.production.fruitsfamily.com/public/product/resized%40width620/-1SEl6KnT1-05dda87e17e5.jpg|https://image.production.fruitsfamily.com/public/product/resized%40width620/syYFyu2uaL-ed0fc911553a.jpg,data/images/crocs/9905643_01.jpg|data/images/crocs/9905643_02.jpg|data/images/crocs/9905643_03.jpg
FRUITSFAMILY,10410325,Crocs,Crocs,Crocs 크록스 x 살레헤 벰버리 슬라이드 태쉬무,50000,,280,"크록스 x 살레헤 뱀버리 콜라보 제품입니다.

Crocs x Salehe Bembury Pollex Slide Tashmoo 

Size : 280

사용감 어느 정도 있습니다! 사진 확인해주세요!

*구매후 가품을 제외한 교환 및 반품 불가능합니다.

*직거래는 삼전역 및 역삼역 가능합니다.
(택배 거래도 가능합니다.)",False,https://fruitsfamily.com/product/674np/crocs-%ED%81%AC%EB%A1%9D%EC%8A%A4-x-%EC%82%B4%EB%A0%88%ED%97%A4-%EB%B2%B0%EB%B2%84%EB%A6%AC-%EC%8A%AC%EB%9D%BC%EC%9D%B4%EB%93%9C-%ED%83%9C%EC%89%AC%EB%AC%B4,2026-08-04,https://image.production.fruitsfamily.com/public/product/resized%40width620/KI45uzYJz-c4f08a8e28f9.jpg|https://image.production.fruitsfamily.com/public/product/resized%40width620/Tp3jMNSPIA-918e571367a0.jpg|https://image.production.fruitsfamily.com/public/product/resized%40width620/9tylopAnPO-b545abd815de.jpg|https://image.production.fruitsfamily.com/public/product/resized%40width620/k-7o411sMq-eab552966d40.jpg,data/images/crocs/10410325_01.jpg|data/images/crocs/10410325_02.jpg|data/images/crocs/10410325_03.jpg
FRUITSFAMILY,9573087,Crocs,Crocs,크록스 crocs 스티븐 스미스 Ripple [US7],50000,,250,크록스 스티븐 스미스 Ripple US7 사이즈 판매합니다.. 상태는 사진으로 확인 부탁드립니다. 구매 원하시면 바로 안전결제 해주시면 됩니다!,False,https://fruitsfamily.com/product/5p6n3/%ED%81%AC%EB%A1%9D%EC%8A%A4-crocs-%EC%8A%A4%ED%8B%B0%EB%B8%90-%EC%8A%A4%EB%AF%B8%EC%8A%A4-ripple-us7,2026-08-04,https://image.production.fruitsfamily.com/public/product/resized%40width620/on2wksapr-145d1e21e32b.jpg|https://image.production.fruitsfamily.com/public/product/resized%40width620/mtOlyWIZpf-3e048904c8ab.jpg|https://image.production.fruitsfamily.com/public/product/resized%40width620/6O-sTTMW7o-1ea16a78426c.jpg|https://image.production.fruitsfamily.com/public/product/resized%40width620/fMWWUSRVMH-e95c57dc5ab6.jpg|https://image.production.fruitsfamily.com/public/product/resized%40width620/faQkWRVB9z-4d898b720554.jpg,data/images/crocs/9573087_01.jpg|data/images/crocs/9573087_02.jpg|data/images/crocs/9573087_03.jpg
FRUITSFAMILY,9369083,Crocs,Crocs,크록스 크록밴드 플랫폼 슬라이드 피치 250mm,30000,35000,250,"크록스슬리퍼 크록스슬라이드

피치 컬러와 화이트 플랫폼 미드솔
조합이 포인트인 크록스 플립플랍입니다.
두툼한 플랫폼 실루엣이라 일반 쪼리보다
키높이 느낌과 안정감이 있는 디자인입니다.
가볍고 물에 강한 크록스 소재감으로 
데일리, 물놀이, 여행용으로 활용하기 좋습니다.

상품은 사진 그대로 입니다.
꼼꼼히 확인해 보시고 결정해 주세요.
문의 없으시면 바로 안전결제하시면 됩니다.
 
밑창 (솔) 컨디션     4.5 / 5.0
갑피(어퍼) 컨디션   5.0 / 5.0
뒷축, 앞코 컨디션   5.0 / 5.0

[ 무게 및 솔 높이 : 약 539g / 4cm ]

■ 안내사항

✔ 제주/도서산간은 추가 배송비가 발생할 수 있습니다.
✔ 상품 설명/사진을 꼭 확인 후 구매 부탁드립니다.
✔ 사이즈 맞춤 상담은 어렵고, 동일 표기라도 
   브랜드/모델에 따라 차이 있을 수 있습니다.
✔ 과한 보정 없이 실제 상태 기준으로 촬영했습니다.
   사진에 다 담기지 않는 미세 사용감은 있을 수 있습니다.
✔ 보풀/마감실/미약 오염/세월감 등 중고·빈티지 
   특성은 있을 수 있으며, 새상품은 별도 표기합니다.

✔ 사이즈 착오 및 단순변심으로 인한 
   반품/환불은 어렵습니다.

✔ 궁금한 점이나 추가 사진 요청은 문의 주세요. 
   빈티지에 민감하신 분은 신중히 부탁드립니다.",False,https://fruitsfamily.com/product/5kt8b/%ED%81%AC%EB%A1%9D%EC%8A%A4-%ED%81%AC%EB%A1%9D%EB%B0%B4%EB%93%9C-%ED%94%8C%EB%9E%AB%ED%8F%BC-%EC%8A%AC%EB%9D%BC%EC%9D%B4%EB%93%9C-%ED%94%BC%EC%B9%98-250mm,2026-08-04,https://image.production.fruitsfamily.com/public/product/resized%40width620/SOLgosTEj-69df22171bf0.jpg|https://image.production.fruitsfamily.com/public/product/resized%40width620/J9sipgYf6J-8e94333f1546.jpg|https://image.production.fruitsfamily.com/public/product/resized%40width620/BOcjr8o2m6-17dd4986da1d.jpg|https://image.production.fruitsfamily.com/public/product/resized%40width620/-OKRrKNBPb-7afcb7e21dcc.jpg|https://image.production.fruitsfamily.com/public/product/resized%40width620/FOe1imKg3q-2541e8261eba.jpg|https://image.production.fruitsfamily.com/public/product/resized%40width620/c4mZ5Q80wZ-42d30dbe534b.jpg|https://image.production.fruitsfamily.com/public/product/resized%40width620/TX-m5fmAGB-20097c985793.jpg|https://image.production.fruitsfamily.com/public/product/resized%40width620/8UpExJP0nb-4408346a850d.jpg|https://image.production.fruitsfamily.com/public/product/resized%40width620/Xla_yDYzla-f3bdf4494804.jpg,data/images/crocs/9369083_01.jpg|data/images/crocs/9369083_02.jpg|data/images/crocs/9369083_03.jpg
FRUITSFAMILY,6048384,Crocs,Crocs,crocs 부츠,69000,,240,"Size W7
빈티지입니다!",False,https://fruitsfamily.com/product/3lmyo/crocs-%EB%B6%80%EC%B8%A0,2026-08-04,https://image.production.fruitsfamily.com/public/product/resized%40width620/JwxVvbJaxL-9CBD2024-941A-408A-B7D4-1CE2F7DE74A1.jpg|https://image.production.fruitsfamily.com/public/product/resized%40width620/jhy1xQq1o1-E7FFE7EC-2AED-48AA-B210-71EA7B91A2C6.jpg|https://image.production.fruitsfamily.com/public/product/resized%40width620/y2S00Npt8J-685F714C-33EC-4098-87A9-935ADAD917FD.jpg,data/images/crocs/6048384_01.jpg|data/images/crocs/6048384_02.jpg|data/images/crocs/6048384_03.jpg
FRUITSFAMILY,9735343,Crocs,Crocs,크록스 에코 웨이브,60000,,260,"현관에서만 착용
사이즈 안맞아서 판매합니다",False,https://fruitsfamily.com/product/5snu7/%ED%81%AC%EB%A1%9D%EC%8A%A4-%EC%97%90%EC%BD%94-%EC%9B%A8%EC%9D%B4%EB%B8%8C,2026-08-04,https://image.production.fruitsfamily.com/public/product/resized%40width620/zKuZmdor0-3b164f65d951.jpg|https://image.production.fruitsfamily.com/public/product/resized%40width620/P4zwRm9RX-ba7d2f6cbe3d.jpg|https://image.production.fruitsfamily.com/public/product/resized%40width620/W25aUlkW_P-537b5dd4a4a6.jpg|https://image.production.fruitsfamily.com/public/product/resized%40width620/sOsYUVAl4x-abb7f21ec6d4.jpg,data/images/crocs/9735343_01.jpg|data/images/crocs/9735343_02.jpg|data/images/crocs/9735343_03.jpg
FRUITSFAMILY,9654948,Crocs,Crocs,크록스 파트리샤 웨지 블랙 샌들 220mm,30000,,220,"크록스샌들 크록스웨지샌들

가벼운 착화감에 낮은 웨지굽이 더해져
데일리로 신기 좋은 모델입니다.
블랙 계열 컬러라 튀지 않고
무난하게 매치되며, 슬라이드형 구조라
신고 벗기 편합니다.
살짝 높이감 있는 웨지 타입이라 
부담 없이 활용하기 좋습니다.

상품은 사진 그대로 입니다.
꼼꼼히 확인해 보시고 결정해 주세요.
특별한 문의 없으시면
바로 안전결제하시면 됩니다.
 
밑창 (솔) 컨디션     5.0 / 5.0
갑피(어퍼) 컨디션   5.0 / 5.0
뒷축, 앞코 컨디션   5.0 / 5.0

[ 무게 및 솔 높이 : 약 227g / 4cm ]

■ 안내사항

✔ 제주/도서산간은 추가 배송비가 발생할 수 있습니다.
✔ 상품 설명/사진을 꼭 확인 후 구매 부탁드립니다.
✔ 사이즈 맞춤 상담은 어렵고, 동일 표기라도 
   브랜드/모델에 따라 차이 있을 수 있습니다.
✔ 과한 보정 없이 실제 상태 기준으로 촬영했습니다.
   사진에 다 담기지 않는 미세 사용감은 있을 수 있습니다.
✔ 보풀/마감실/미약 오염/세월감 등 중고·빈티지 
   특성은 있을 수 있으며, 새상품은 별도 표기합니다.

✔ 사이즈 착오 및 단순변심으로 인한 
   반품/환불은 어렵습니다.

✔ 궁금한 점이나 추가 사진 요청은 문의 주세요. 
   빈티지에 민감하신 분은 신중히 부탁드립니다.",False,https://fruitsfamily.com/product/5qxt0/%ED%81%AC%EB%A1%9D%EC%8A%A4-%ED%8C%8C%ED%8A%B8%EB%A6%AC%EC%83%A4-%EC%9B%A8%EC%A7%80-%EB%B8%94%EB%9E%99-%EC%83%8C%EB%93%A4-220mm,2026-08-04,https://image.production.fruitsfamily.com/public/product/resized%40width620/OwoJj2zHs-95283c117d9f.jpg|https://image.production.fruitsfamily.com/public/product/resized%40width620/M03EEAsNSX-b96f1ca40f6c.jpg|https://image.production.fruitsfamily.com/public/product/resized%40width620/vgRVbFwnnV-ffce29012a4e.jpg|https://image.production.fruitsfamily.com/public/product/resized%40width620/yeYnpt-Lgy-7d293970b007.jpg|https://image.production.fruitsfamily.com/public/product/resized%40width620/UTLO8CyRQj-b6dc15298096.jpg|https://image.production.fruitsfamily.com/public/product/resized%40width620/p7I2W-y6gx-a0425ef74439.jpg|https://image.production.fruitsfamily.com/public/product/resized%40width620/LGRZcr9J1A-bd014c85a011.jpg|https://image.production.fruitsfamily.com/public/product/resized%40width620/Zsd-p7CDH4-c57cccf82cc5.jpg|https://image.production.fruitsfamily.com/public/product/resized%40width620/W5mrtOI9Rk-c66949b4aa59.jpg,data/images/crocs/9654948_01.jpg|data/images/crocs/9654948_02.jpg|data/images/crocs/9654948_03.jpg
FRUITSFAMILY,9491064,Crocs,Crocs,크록스 클래식 플랫폼 플립 우먼 본 베이지 W8(250),25000,,250,"크록스 클래식 플랫폼 플립 우먼 본 베이지 
크록스 아이보리 색상 쪼리 W8 사이즈 (250mm) 판매해요
귀여운 지비츠 장식들이 달려있어 개성있는 코디를 완성할 수 있어요
편안한 착용감으로 데일리 슈즈로 딱이랍니다
여름철 시원하게 신기 좋은 크록스 쪼리로 센스있는 여름을 준비해보세요.
3회착용했어요.
편의점반값택배로 보내드려요.",False,https://fruitsfamily.com/product/5nfco/%ED%81%AC%EB%A1%9D%EC%8A%A4-%ED%81%B4%EB%9E%98%EC%8B%9D-%ED%94%8C%EB%9E%AB%ED%8F%BC-%ED%94%8C%EB%A6%BD-%EC%9A%B0%EB%A8%BC-%EB%B3%B8-%EB%B2%A0%EC%9D%B4%EC%A7%80-w8-250,2026-08-04,https://image.production.fruitsfamily.com/public/product/resized%40width620/wro_tGm2j-42a46a051cdf.jpg|https://image.production.fruitsfamily.com/public/product/resized%40width620/uk3TeICzoj-ffb1e4a6ab62.jpg|https://image.production.fruitsfamily.com/public/product/resized%40width620/xMkrbMF2Ok-c14cdc6679fe.jpg|https://image.production.fruitsfamily.com/public/product/resized%40width620/HqxYYHTi2k-cc8529337fb0.jpg|https://image.production.fruitsfamily.com/public/product/resized%40width620/YNRU6D9iY8-60765c0f7396.jpg|https://image.production.fruitsfamily.com/public/product/resized%40width620/YREoDRcmLN-421f242c5152.jpg|https://image.production.fruitsfamily.com/public/product/resized%40width620/VEKgQz2W9Z-47b4e5dca8d6.jpg|https://image.production.fruitsfamily.com/public/product/resized%40width620/h2obQ4QLBZ-5585a5f19f71.jpg|https://image.production.fruitsfamily.com/public/product/resized%40width620/bEI4DWKcT-d5f2e502a803.jpg,data/images/crocs/9491064_01.jpg|data/images/crocs/9491064_02.jpg|data/images/crocs/9491064_03.jpg
FRUITSFAMILY,8030238,Crocs,Crocs,크록스 클래식 베이 라인드 클로그 블랙 w6,48000,,OS,"올 겨울에 사서 잠깐 신었어요

교환, 환불 X",False,https://fruitsfamily.com/product/4s466/%ED%81%AC%EB%A1%9D%EC%8A%A4-%ED%81%B4%EB%9E%98%EC%8B%9D-%EB%B2%A0%EC%9D%B4-%EB%9D%BC%EC%9D%B8%EB%93%9C-%ED%81%B4%EB%A1%9C%EA%B7%B8-%EB%B8%94%EB%9E%99-w6,2026-08-04,https://image.production.fruitsfamily.com/public/product/resized%40width620/7C-8IuBRp5-3B952F60-47C1-4818-A907-368DD5711D32.jpg|https://image.production.fruitsfamily.com/public/product/resized%40width620/4rRM-P54F-AC952E89-C22F-47C9-B6AA-49E5967E4F05.jpg|https://image.production.fruitsfamily.com/public/product/resized%40width620/E-2o0dvbge-7C9819E6-14C5-472E-B885-97E7FE579067.jpg|https://image.production.fruitsfamily.com/public/product/resized%40width620/vVYm0G0w5F-4BF97B5D-20E9-40BA-BCFF-AA7905160E08.jpg,data/images/crocs/8030238_01.jpg|data/images/crocs/8030238_02.jpg|data/images/crocs/8030238_03.jpg
FRUITSFAMILY,9554118,Crocs,Crocs,[당일 배송] 크록스 클래식 본 260,25000,40000,260,"Condition: 5회 미만착 

♦️네고, 교신 X

♦️구매문의 이외에 기타문의 안받겠습니다",False,https://fruitsfamily.com/product/5os06/%EB%8B%B9%EC%9D%BC-%EB%B0%B0%EC%86%A1-%ED%81%AC%EB%A1%9D%EC%8A%A4-%ED%81%B4%EB%9E%98%EC%8B%9D-%EB%B3%B8-260,2026-08-04,https://image.production.fruitsfamily.com/public/product/resized%40width620/pF20r-wkX-b16442972bfe.jpg|https://image.production.fruitsfamily.com/public/product/resized%40width620/nKUNUfyAq1-b3f74035cc38.jpg|https://image.production.fruitsfamily.com/public/product/resized%40width620/LsqPTWFfPT-bd7fa1178df1.jpg,data/images/crocs/9554118_01.jpg|data/images/crocs/9554118_02.jpg|data/images/crocs/9554118_03.jpg
FRUITSFAMILY,10238443,Hunter,Hunter,헌터 레인부츠,35000,,240,"문의전에 읽어보세요!!
-상품두개 사면 택배비무료!

사이즈 37
 
모든상품은 100% 직접촬영한 제품입니다
해상도에따라 실제색상과 다르게보일수있습니다
빈티지 특성상 단순변심,사이즈미스 환불 불가합니다",False,https://fruitsfamily.com/product/63g17/%ED%97%8C%ED%84%B0-%EB%A0%88%EC%9D%B8%EB%B6%80%EC%B8%A0,2026-08-04,https://image.production.fruitsfamily.com/public/product/resized%40width620/n-gnueEa1-81af318965cc.jpg|https://image.production.fruitsfamily.com/public/product/resized%40width620/uGZLob-Jpf-25b999cdee2f.jpg|https://image.production.fruitsfamily.com/public/product/resized%40width620/BjJuh9UPsF-d795c053d9bf.jpg|https://image.production.fruitsfamily.com/public/product/resized%40width620/98dnVlacRH-14fb3ab0e083.jpg|https://image.production.fruitsfamily.com/public/product/resized%40width620/c3Vg5wqRyp-8a546e9128d9.jpg|https://image.production.fruitsfamily.com/public/product/resized%40width620/PHIm_lFGV--14d7aba5099d.jpg|https://image.production.fruitsfamily.com/public/product/resized%40width620/v9J1rnTWQZ-020566a67f70.jpg,data/images/hunter/10238443_01.jpg|data/images/hunter/10238443_02.jpg|data/images/hunter/10238443_03.jpg
FRUITSFAMILY,10179611,Hunter,Hunter,헌터(Hunter) 오리지널 플레이 톨 레인부츠 블랙,70000,,230,"헌터(Hunter) 오리지널 플레이 톨 레인부츠 블랙

사이즈 UK 4 / 한국 사이즈 230

상태 좋습니다.",False,https://fruitsfamily.com/product/626mz/%ED%97%8C%ED%84%B0-hunter-%EC%98%A4%EB%A6%AC%EC%A7%80%EB%84%90-%ED%94%8C%EB%A0%88%EC%9D%B4-%ED%86%A8-%EB%A0%88%EC%9D%B8%EB%B6%80%EC%B8%A0-%EB%B8%94%EB%9E%99,2026-08-04,https://image.production.fruitsfamily.com/public/product/resized%40width620/XT-_3jG3F-cb61a562b573.jpg|https://image.production.fruitsfamily.com/public/product/resized%40width620/_8_-mbL1QJ-8e8673e6a09e.jpg|https://image.production.fruitsfamily.com/public/product/resized%40width620/C1DgV6Esmv-a0fe1b0dd494.jpg|https://image.production.fruitsfamily.com/public/product/resized%40width620/YZSPbIKP8L-6bede5cd5045.jpg|https://image.production.fruitsfamily.com/public/product/resized%40width620/83Ts4X6de7-a38277afbdb7.jpg|https://image.production.fruitsfamily.com/public/product/resized%40width620/9GjxDWCqd4-c31c0e85c4da.jpg|https://image.production.fruitsfamily.com/public/product/resized%40width620/WuyzAKyLMz-74f52fea17ae.jpg|https://image.production.fruitsfamily.com/public/product/resized%40width620/X5bEWWje4p-20737b7759b7.jpg,data/images/hunter/10179611_01.jpg|data/images/hunter/10179611_02.jpg|data/images/hunter/10179611_03.jpg
FRUITSFAMILY,10248935,Hunter,Hunter,(W) 헌터 플레이 톨 웰링턴 레인 부츠 블랙 US 7W (UK 5),60000,75000,240,"사놓고 한 번도 안 신어서 팔아요
박스x
본인 사이즈 240 잘맞음",False,https://fruitsfamily.com/product/63o4n/w-%ED%97%8C%ED%84%B0-%ED%94%8C%EB%A0%88%EC%9D%B4-%ED%86%A8-%EC%9B%B0%EB%A7%81%ED%84%B4-%EB%A0%88%EC%9D%B8-%EB%B6%80%EC%B8%A0-%EB%B8%94%EB%9E%99-us-7w-uk-5,2026-08-04,https://image.production.fruitsfamily.com/public/product/resized%40width620/Hz-U3au64-85427f91791d.jpg,data/images/hunter/10248935_01.jpg
FRUITSFAMILY,10370701,Hunter,Hunter,헌터 숏 레인부츠 징크 240,60000,,240,"29센치에서 구매한 그레이색 레인부츠 입니다! 
240이고 정사이즈 추천 드립니다
사놓고 잘 안신어 내놓아 상태 괜찮습니다!
다만 신발 깔창의 로고가 지워져있어 참고부탁드립니다",False,https://fruitsfamily.com/product/66a31/%ED%97%8C%ED%84%B0-%EC%88%8F-%EB%A0%88%EC%9D%B8%EB%B6%80%EC%B8%A0-%EC%A7%95%ED%81%AC-240,2026-08-04,https://image.production.fruitsfamily.com/public/product/resized%40width620/FzwS29JLR-4418946a8d29.jpg,data/images/hunter/10370701_01.jpg
FRUITSFAMILY,9813535,Hunter,Hunter,헌터 오리지널 톨 레인부츠 블랙(새상품) 정가: 20.9만,110000,,240,"헌터 오리지널 톨 레인부츠 블랙 색상이에요

박스 , 택 , 모두 구성품 그대로 있어요

깔끔하고 세련된 디자인으로 어떤 옷에도 잘 어울려요
데일리룩에 포인트를 주고 싶으신 분들께 추천드려요",False,https://fruitsfamily.com/product/5uc67/%ED%97%8C%ED%84%B0-%EC%98%A4%EB%A6%AC%EC%A7%80%EB%84%90-%ED%86%A8-%EB%A0%88%EC%9D%B8%EB%B6%80%EC%B8%A0-%EB%B8%94%EB%9E%99-%EC%83%88%EC%83%81%ED%92%88-%EC%A0%95%EA%B0%80-20-9%EB%A7%8C,2026-08-04,https://image.production.fruitsfamily.com/public/product/resized%40width620/PYsCZEg3I-cb3209de1ebe.jpg|https://image.production.fruitsfamily.com/public/product/resized%40width620/D7rC89OM_i-a9255810e59a.jpg|https://image.production.fruitsfamily.com/public/product/resized%40width620/NzRwtSdys6-82329268661c.jpg,data/images/hunter/9813535_01.jpg|data/images/hunter/9813535_02.jpg|data/images/hunter/9813535_03.jpg
FRUITSFAMILY,10280112,Hunter,Hunter,[UK6/250] 헌터 리파인드 첼시 스티치 레인부츠 스퍼리 그레이,69000,,245,"헌터(HUNTER)의 Women’s Refined Chelsea Stitch Rain Boots입니다.

일반적인 매끈한 첼시 레인부츠와 달리 클래식한 목토 부츠에서 영감을 받은 입체적인 앞코 디테일과 층을 나눈 솔 디자인이 특징입니다. 
무광의 차분한 그레이 컬러라 블랙만큼 코디 범용성이 좋으면서도 블랙보다는 더 부드럽고 세련된 톤온톤 코디 등이 가능합니다.

천연 고무 갑피와 양옆의 엘라스틱 패널, 뒤축 풀탭으로 구성된 방수 사양의 첼시부츠입니다. 고무와 EVA를 조합해 일반 레인부츠보다 전통적인 구두에 가까운 형태로 제작됐으며 다양한 옷에 매치하기 좋습니다.
비 오는 날 신발 코디가 어려운 분들께 고민 없이 세련된 아웃핏을 연출할 수 있는 장마철 신발로 추천 드립니다.

* 브랜드: HUNTER
* 제품명: Women’s Refined Chelsea Stitch Rain Boots
* 제품번호: WFS2100RMA
* 컬러: Spurrey / Grey
* 표기 사이즈: UK 6
* 국내 권장 사이즈: 약 250mm
* 소재: 천연 고무 갑피 / 폴리에스터 안감 / 고무 EVA 아웃솔
* 공식 정가: 299,000원

착용감이 있는 중고 제품입니다. 
전체적인 형태는 잘 유지되어 있고 아웃솔의 물결무늬 트레드도 비교적 선명하게 남아 있습니다.

무광 고무 표면에는 착화 및 보관에 따른 옅은 백화와 생활 스크래치, 마찰 자국이 있습니다. 
부츠 입구 테두리에는 마감이 벗겨지며 밝은 안쪽 단면이 드러난 부분이 있고, 뒤축과 솔 가장자리에도 까짐이 있습니다. 특히 한쪽 뒤꿈치 외측에 밝게 벗겨진 자국이 있으니 관련 확대 사진을 확인해 주세요.

아웃솔에는 착화에 따른 오염과 마찰 흔적이 있으나, 사진상 밑창 패턴의 마모는 심하지 않은 편입니다. 천연 고무 소재 특유의 색감 차이와 백화 현상도 있을 수 있습니다.

공식적으로 슬림핏으로 안내된 모델이므로 발볼이 넓은 분은 표기 사이즈와 평소 착용 사이즈를 충분히 비교해 주세요.

개인 보관 중고 신발의 특성과 현재 컨디션을 상세 사진으로 확인하신 후 구매 부탁드리며, 단순 변심이나 사이즈 미스로 인한 반품은 어렵습니다.",False,https://fruitsfamily.com/product/64c6o/uk6-250-%ED%97%8C%ED%84%B0-%EB%A6%AC%ED%8C%8C%EC%9D%B8%EB%93%9C-%EC%B2%BC%EC%8B%9C-%EC%8A%A4%ED%8B%B0%EC%B9%98-%EB%A0%88%EC%9D%B8%EB%B6%80%EC%B8%A0-%EC%8A%A4%ED%8D%BC%EB%A6%AC-%EA%B7%B8%EB%A0%88%EC%9D%B4,2026-08-04,https://image.production.fruitsfamily.com/public/product/resized%40width620/LFllik8NM-c8c7cd2b69cd.jpg|https://image.production.fruitsfamily.com/public/product/resized%40width620/5AKeBbjaZW-b388e4c3850d.jpg|https://image.production.fruitsfamily.com/public/product/resized%40width620/9mmI_SWgNz-0f4617af7180.jpg|https://image.production.fruitsfamily.com/public/product/resized%40width620/WHsWfzTpMB-2c509f7feb30.jpg|https://image.production.fruitsfamily.com/public/product/resized%40width620/94sK6NstNP-66b06a588296.jpg,data/images/hunter/10280112_01.jpg|data/images/hunter/10280112_02.jpg|data/images/hunter/10280112_03.jpg
FRUITSFAMILY,10221058,Hunter,Hunter,헌터 장화,50000,,240,헌터 오리지널 숏 레인부츠 블랙 색상입니다. 230-240 사이즈 정도 예상됩니다. 생활 기스 외 특별한 하자 없이 깨끗하게 보관했습니다. 구매 원하시면 바로 안전결제 해주시면 됩니다!,False,https://fruitsfamily.com/product/632ma/%ED%97%8C%ED%84%B0-%EC%9E%A5%ED%99%94,2026-08-04,https://image.production.fruitsfamily.com/public/product/resized%40width620/WtCOfZeYM-4d67d69f4a6c.jpg|https://image.production.fruitsfamily.com/public/product/resized%40width620/iMZcyFFToP-969d095a5af0.jpg|https://image.production.fruitsfamily.com/public/product/resized%40width620/1Vv0m_sB7h-57633bc5e0d0.jpg|https://image.production.fruitsfamily.com/public/product/resized%40width620/I-2UrvQLRH-0c196e2a11fe.jpg|https://image.production.fruitsfamily.com/public/product/resized%40width620/ke0PcWwI7U-0cbafe8dde2e.jpg,data/images/hunter/10221058_01.jpg|data/images/hunter/10221058_02.jpg|data/images/hunter/10221058_03.jpg
FRUITSFAMILY,10131143,Hunter,Hunter,헌터(HUNTER) 톨 레이스업 레인부츠 37,75000,,OS,"상품 * 헌터(HUNTER) 톨 레이스업 레인부츠
사이즈 * 37 size
색상 * 카키 블럭(이미지참조)
가격 * 75000 / 택포

전체적으로 네추럴 사용감만 존재하는 무난히 좋은 컨디션의 이쁜 제품입니다🥰

* 중고의류에 대한 이해도 및 지식이 부족하신 분들은 다른 제품 구매해 주세요 

* 실측은 실제 의류 제작시 실측재는 방법으로 봉재선 기준으로 실측을 재어 기제해 드립니다

팔로우 10%할인
2개이상 10%할인
모두충족시 15%할인

3만원이상 무료배송

고객님들 부탁드립니다!
교환 환불은 불가해요 중고에 대한 이해도를 갖고 계신 분들에게만 드리는 혜택입니다!! 

[상태]
B+

*상태 등급 정보
N : 새 상품
S : 실 착용 1-2회 정도/새 상품에 가까운 최상급 상품
A : 실 착용 착용 횟수가 적은/ 적은 착용감이 있는 퀄리티 좋은 상품
B+ : 자연스러운 착용감과 손상이 많지 않은 양호한 상품
B : 전체적으로 착용감이 있고 손상이 있지만 입는데는 지장 없는 상품",False,https://fruitsfamily.com/product/6158n/%ED%97%8C%ED%84%B0-hunter-%ED%86%A8-%EB%A0%88%EC%9D%B4%EC%8A%A4%EC%97%85-%EB%A0%88%EC%9D%B8%EB%B6%80%EC%B8%A0-37,2026-08-04,https://image.production.fruitsfamily.com/public/product/resized%40width620/sltXW1LyX-f6701a173905.jpg|https://image.production.fruitsfamily.com/public/product/resized%40width620/v82sW9Lbm4-d2fc5b72f072.jpg|https://image.production.fruitsfamily.com/public/product/resized%40width620/AUvgZ16G6E-44668fd7842a.jpg|https://image.production.fruitsfamily.com/public/product/resized%40width620/5l050N6nXz-23e4e8cc7b2d.jpg|https://image.production.fruitsfamily.com/public/product/resized%40width620/WSgdnl9U-D-31b979f89679.jpg|https://image.production.fruitsfamily.com/public/product/resized%40width620/-nhVD7i3xR-f5eb4195708a.jpg|https://image.production.fruitsfamily.com/public/product/resized%40width620/DSocBfnFF_-17af0b6699fe.jpg,data/images/hunter/10131143_01.jpg|data/images/hunter/10131143_02.jpg|data/images/hunter/10131143_03.jpg
FRUITSFAMILY,9554620,Hunter,Hunter,헌터 플레이 쇼트 웰링턴 레인부츠 징크 그레이 250,76000,120000,250,"29cm에서 구매
UK6/ US7 사이즈. 
29샌치에서 KR 250으로 구매했습니다
박스도 있어요",False,https://fruitsfamily.com/product/5ose4/%ED%97%8C%ED%84%B0-%ED%94%8C%EB%A0%88%EC%9D%B4-%EC%87%BC%ED%8A%B8-%EC%9B%B0%EB%A7%81%ED%84%B4-%EB%A0%88%EC%9D%B8%EB%B6%80%EC%B8%A0-%EC%A7%95%ED%81%AC-%EA%B7%B8%EB%A0%88%EC%9D%B4-250,2026-08-04,https://image.production.fruitsfamily.com/public/product/resized%40width620/FA80vpHW8-739e9524650e.jpg,data/images/hunter/9554620_01.jpg
FRUITSFAMILY,10163199,Hunter,Hunter,헌터 플레이 네오프렌 첼시 부츠 블랙 us8 260,70000,100000,260,"헌터 플레이 네오프렌 첼시 부츠 블랙

사이즈 us8 uk7 260

일본에서 구매 하고 3회착 짧게 했습니다

박스 포함입니다

상태 정말 좋습니다",False,https://fruitsfamily.com/product/61tz3/%ED%97%8C%ED%84%B0-%ED%94%8C%EB%A0%88%EC%9D%B4-%EB%84%A4%EC%98%A4%ED%94%84%EB%A0%8C-%EC%B2%BC%EC%8B%9C-%EB%B6%80%EC%B8%A0-%EB%B8%94%EB%9E%99-us8-260,2026-08-04,https://image.production.fruitsfamily.com/public/product/resized%40width620/GmlzAhqEl-f5e6b2002753.jpg|https://image.production.fruitsfamily.com/public/product/resized%40width620/H-4ZawDM3W-1563030029d7.jpg|https://image.production.fruitsfamily.com/public/product/resized%40width620/3Ocow1H-bd-9c323b0cca40.jpg|https://image.production.fruitsfamily.com/public/product/resized%40width620/74X3JcZMyh-3162499719fd.jpg|https://image.production.fruitsfamily.com/public/product/resized%40width620/ysmFjdtGQ4-77255b247aa5.jpg|https://image.production.fruitsfamily.com/public/product/resized%40width620/A4JnaY8yKg-7d37f54f1307.jpg|https://image.production.fruitsfamily.com/public/product/resized%40width620/UKfjnsRIr2-0de0a5eee6ad.jpg|https://image.production.fruitsfamily.com/public/product/resized%40width620/BVRVaRBARi-bba5255baea1.jpg|https://image.production.fruitsfamily.com/public/product/resized%40width620/to_mfrtYbI-aa3c80360a30.jpg|https://image.production.fruitsfamily.com/public/product/resized%40width620/N7-r-wPUiM-87dde203e39e.jpg,data/images/hunter/10163199_01.jpg|data/images/hunter/10163199_02.jpg|data/images/hunter/10163199_03.jpg
FRUITSFAMILY,10243486,Hunter,Hunter,Hunter 헌터 레인부츠 숏 네이비 230,73000,75000,230,"헌터 레인부츠 숏 네이비 230 사이즈입니다.
사진 보시는대로 몇번 안신어서 거의 새상품입니다.
장마철이나 눈 올 때 신기 좋아요.

직거래 검단사거리
집으로 보내드리는 일반택배 +4000원
CU 편의점으로 보내드리는 반값택배 +2000원

판매중인 다른 옷들이랑 같이 구매하시면 할인해드립니다!
프로필 누르시고 판매물품 들어가시면 많이 있습니다!",False,https://fruitsfamily.com/product/63jxa/hunter-%ED%97%8C%ED%84%B0-%EB%A0%88%EC%9D%B8%EB%B6%80%EC%B8%A0-%EC%88%8F-%EB%84%A4%EC%9D%B4%EB%B9%84-230,2026-08-04,https://image.production.fruitsfamily.com/public/product/resized%40width620/FTG2Hx875-da941eea31a8.jpg|https://image.production.fruitsfamily.com/public/product/resized%40width620/Z4hqE1oPMa-eec3e507f675.jpg|https://image.production.fruitsfamily.com/public/product/resized%40width620/P1NFYCuLgZ-227200fc3920.jpg|https://image.production.fruitsfamily.com/public/product/resized%40width620/r_UoNI0wdz-eb8944e00d8d.jpg|https://image.production.fruitsfamily.com/public/product/resized%40width620/Fzp9u2H3Qf-850356fef201.jpg|https://image.production.fruitsfamily.com/public/product/resized%40width620/c9sFRiOsOP-dafd58edb016.jpg|https://image.production.fruitsfamily.com/public/product/resized%40width620/7Eg2hrXnGK-bbb758c547bb.jpg|https://image.production.fruitsfamily.com/public/product/resized%40width620/QThCpVBDuX-8dff08b5a1aa.jpg,data/images/hunter/10243486_01.jpg|data/images/hunter/10243486_02.jpg|data/images/hunter/10243486_03.jpg
FRUITSFAMILY,7817760,Hunter,Hunter,헌터 플레이 미드 부츠 280mm (UK9),108000,120000,280,5회 미만 착용,False,https://fruitsfamily.com/product/4nk80/%ED%97%8C%ED%84%B0-%ED%94%8C%EB%A0%88%EC%9D%B4-%EB%AF%B8%EB%93%9C-%EB%B6%80%EC%B8%A0-280mm-uk9,2026-08-04,https://image.production.fruitsfamily.com/public/product/resized%40width620/d5yOQrg56r-B03A56F5-2896-4DB9-8EC1-5E94A5EE9F27.jpg|https://image.production.fruitsfamily.com/public/product/resized%40width620/6nGY9aO49y-4280D137-61D9-4620-A436-87AA623EAC8D.jpg|https://image.production.fruitsfamily.com/public/product/resized%40width620/XAhx1-ApS9-84E15D86-83C0-4A08-9740-A4A354AF549F.jpg|https://image.production.fruitsfamily.com/public/product/resized%40width620/qZlz9Tevcu-ADC6EC26-538F-459A-B4BB-0D1CA74B8A49.jpg|https://image.production.fruitsfamily.com/public/product/resized%40width620/erxWvKCUaU-58B0CB66-C673-4A0C-A04C-58F27A21A19B.jpg,data/images/hunter/7817760_01.jpg|data/images/hunter/7817760_02.jpg|data/images/hunter/7817760_03.jpg
FRUITSFAMILY,4409438,Hunter,Hunter,헌터 여성 숏 레인부츠 225 리파인드 슬림핏 콘트라스트 숏부츠 LB38,200000,,225,"헌터 여성 숏 레인부츠 리파인드 
슬림핏 콘트라스트 숏부츠
품번 WFS2075RMA
네이비 화이트배색
고급스러운 이쁜디자인

사이즈 UK3 US5 EU36
실착 225mm  부속품없음
1회착용 상태좋음",False,https://fruitsfamily.com/product/2mice/%ED%97%8C%ED%84%B0-%EC%97%AC%EC%84%B1-%EC%88%8F-%EB%A0%88%EC%9D%B8%EB%B6%80%EC%B8%A0-225-%EB%A6%AC%ED%8C%8C%EC%9D%B8%EB%93%9C-%EC%8A%AC%EB%A6%BC%ED%95%8F-%EC%BD%98%ED%8A%B8%EB%9D%BC%EC%8A%A4%ED%8A%B8-%EC%88%8F%EB%B6%80%EC%B8%A0-lb38,2026-08-04,https://image.production.fruitsfamily.com/public/product/resized%40width620/qA-vC6M7YZ-1744797680489.jpg|https://image.production.fruitsfamily.com/public/product/resized%40width620/fX_3nlh-Rt-1744797680511.jpg|https://image.production.fruitsfamily.com/public/product/resized%40width620/3Ai03vWQBd-1744797680524.jpg|https://image.production.fruitsfamily.com/public/product/resized%40width620/l4gQELwfAX-1744797680538.jpg|https://image.production.fruitsfamily.com/public/product/resized%40width620/-k5wse22Hq-1744797680552.jpg|https://image.production.fruitsfamily.com/public/product/resized%40width620/HazWKuzrYFz-1744797680567.jpg|https://image.production.fruitsfamily.com/public/product/resized%40width620/70ZZUZZvYP-1744797680581.jpg|https://image.production.fruitsfamily.com/public/product/resized%40width620/qyH9aqWakYV-1744797680595.jpg|https://image.production.fruitsfamily.com/public/product/resized%40width620/aajsIblD23Y-1744797680610.jpg|https://image.production.fruitsfamily.com/public/product/resized%40width620/fEPMLPXhBaR-1744797680626.jpg,data/images/hunter/4409438_01.jpg|data/images/hunter/4409438_02.jpg|data/images/hunter/4409438_03.jpg
FRUITSFAMILY,10141477,Hunter,Hunter,헌터 플레이 톨 웰링턴 레인 부츠 블랙 240,72000,80000,240,"깨끗해요!

쿨거 택포가능",False,https://fruitsfamily.com/product/61d7p/%ED%97%8C%ED%84%B0-%ED%94%8C%EB%A0%88%EC%9D%B4-%ED%86%A8-%EC%9B%B0%EB%A7%81%ED%84%B4-%EB%A0%88%EC%9D%B8-%EB%B6%80%EC%B8%A0-%EB%B8%94%EB%9E%99-240,2026-08-04,https://image.production.fruitsfamily.com/public/product/resized%40width620/0XPFafI2S-2c575d58a49d.jpg,data/images/hunter/10141477_01.jpg
FRUITSFAMILY,10344381,Hunter,Hunter,헌터 오리지널 플럼 네임부츠 38 240,69900,,240,"상태 좋아요. 
관심 있으신 분은 자세히 보시고 구매 부탁드립니다.
제주는 추가 3000원입니다.

2개 구매시 배송비 무료",False,https://fruitsfamily.com/product/65prx/%ED%97%8C%ED%84%B0-%EC%98%A4%EB%A6%AC%EC%A7%80%EB%84%90-%ED%94%8C%EB%9F%BC-%EB%84%A4%EC%9E%84%EB%B6%80%EC%B8%A0-38-240,2026-08-04,https://image.production.fruitsfamily.com/public/product/resized%40width620/jEvRDExmG-b0e8c4f087b5.jpg|https://image.production.fruitsfamily.com/public/product/resized%40width620/a3aWlf3KRG-723983b8f0e7.jpg|https://image.production.fruitsfamily.com/public/product/resized%40width620/-rwv0rdyfJ-be314ce186a4.jpg|https://image.production.fruitsfamily.com/public/product/resized%40width620/S7MdtI3hIo-67cc7a154450.jpg|https://image.production.fruitsfamily.com/public/product/resized%40width620/VFlN8WmMu4-8cb1ee4ae637.jpg|https://image.production.fruitsfamily.com/public/product/resized%40width620/RjHcExWOXO-858ae40eed06.jpg,data/images/hunter/10344381_01.jpg|data/images/hunter/10344381_02.jpg|data/images/hunter/10344381_03.jpg
FRUITSFAMILY,5173142,Hunter,Hunter,헌터 레인부츠 uk3 (225~230),100000,160000,230,"색상 : 블랙

사이즈 : 225~230

길이 35

큰하자없이 상태 좋습니다

언제든 편하게 문의주시면 상세하고 친절하게
답변드리겠습니다.",False,https://fruitsfamily.com/product/32vme/%ED%97%8C%ED%84%B0-%EB%A0%88%EC%9D%B8%EB%B6%80%EC%B8%A0-uk3-225-230,2026-08-04,https://image.production.fruitsfamily.com/public/product/resized%40width620/_H-Yoi7LAF-1752231661775.jpg|https://image.production.fruitsfamily.com/public/product/resized%40width620/yfLXWJK_t9-1752231661837.jpg|https://image.production.fruitsfamily.com/public/product/resized%40width620/h9CjAIIcip-1752231661886.jpg|https://image.production.fruitsfamily.com/public/product/resized%40width620/N1auHpSvB-1752231661933.jpg|https://image.production.fruitsfamily.com/public/product/resized%40width620/T3_3Ixt9Yd-1752231661977.jpg|https://image.production.fruitsfamily.com/public/product/resized%40width620/ySSkCoxj1s-1752231662031.jpg|https://image.production.fruitsfamily.com/public/product/resized%40width620/aytINVFSKY-1752231662084.jpg,data/images/hunter/5173142_01.jpg|data/images/hunter/5173142_02.jpg|data/images/hunter/5173142_03.jpg
FRUITSFAMILY,9362252,Hunter,Hunter,헌터 장화,73000,,245,한번 신었고 상태좋습니다  쿨거래 싸게 올립니다 해,False,https://fruitsfamily.com/product/5knyk/%ED%97%8C%ED%84%B0-%EC%9E%A5%ED%99%94,2026-08-04,https://image.production.fruitsfamily.com/public/product/resized%40width620/ngj18W9fy-40765a2430ca.jpg|https://image.production.fruitsfamily.com/public/product/resized%40width620/7UP3_fvXUd-68fe9b5242ed.jpg|https://image.production.fruitsfamily.com/public/product/resized%40width620/-ZTPfkrVmX-88ed84809c2f.jpg,data/images/hunter/9362252_01.jpg|data/images/hunter/9362252_02.jpg|data/images/hunter/9362252_03.jpg
FRUITSFAMILY,10161886,Hunter,Hunter,새상품)헌터 X 겐조 웰링턴 레인부츠 38,210000,,250,실착0회 상태 매우 좋고 이젠 구하지못하는 모델 사이즈,False,https://fruitsfamily.com/product/61sym/%EC%83%88%EC%83%81%ED%92%88-%ED%97%8C%ED%84%B0-x-%EA%B2%90%EC%A1%B0-%EC%9B%B0%EB%A7%81%ED%84%B4-%EB%A0%88%EC%9D%B8%EB%B6%80%EC%B8%A0-38,2026-08-04,https://image.production.fruitsfamily.com/public/product/resized%40width620/1J_Xtzm4v-a39e5579c277.jpg|https://image.production.fruitsfamily.com/public/product/resized%40width620/79z0uXiYYY-2b0685558ddf.jpg|https://image.production.fruitsfamily.com/public/product/resized%40width620/dT7OQ1PVyH-161b3ba5cc5f.jpg|https://image.production.fruitsfamily.com/public/product/resized%40width620/2AluNXwjP5-1e9d8f813926.jpg|https://image.production.fruitsfamily.com/public/product/resized%40width620/gsZVYsseQ6-ea68a37e610e.jpg,data/images/hunter/10161886_01.jpg|data/images/hunter/10161886_02.jpg|data/images/hunter/10161886_03.jpg
FRUITSFAMILY,10175153,Hunter,Hunter,hunter 톨 사이드 어드저스티블 웰링턴 부츠 판매합니다.,90000,100000,270,"실착 2회 후 보관만 했습니다. 
상하거나 마모된 부분 크게 없습니다.

uk 8/us 9/eu 42
270사이즈

전체 박스 풀구성 제품

교환, 환불 어렵습니다.",False,https://fruitsfamily.com/product/62375/hunter-%ED%86%A8-%EC%82%AC%EC%9D%B4%EB%93%9C-%EC%96%B4%EB%93%9C%EC%A0%80%EC%8A%A4%ED%8B%B0%EB%B8%94-%EC%9B%B0%EB%A7%81%ED%84%B4-%EB%B6%80%EC%B8%A0-%ED%8C%90%EB%A7%A4%ED%95%A9%EB%8B%88%EB%8B%A4,2026-08-04,https://image.production.fruitsfamily.com/public/product/resized%40width620/pKGkHatpH-6a8f8e8a3a69.jpg|https://image.production.fruitsfamily.com/public/product/resized%40width620/QPceh-Y1Uy-08914de5790d.jpg|https://image.production.fruitsfamily.com/public/product/resized%40width620/vx9jFbxQGJ-f5bb46e6364d.jpg|https://image.production.fruitsfamily.com/public/product/resized%40width620/-D7dUtmFcu-119ff1b17a2f.jpg|https://image.production.fruitsfamily.com/public/product/resized%40width620/IxhpM8YGns-119aab6b5d56.jpg|https://image.production.fruitsfamily.com/public/product/resized%40width620/NGgCjWtZOy-b8c04f281ca4.jpg|https://image.production.fruitsfamily.com/public/product/resized%40width620/o2fTabzlx7-777f4f81b097.jpg|https://image.production.fruitsfamily.com/public/product/resized%40width620/H66XMUkM8z-af7776390f47.jpg|https://image.production.fruitsfamily.com/public/product/resized%40width620/UeSGl2wtfM-ed6fc018091c.jpg|https://image.production.fruitsfamily.com/public/product/resized%40width620/z-9xVrSLHj-5bd6ef58875a.jpg,data/images/hunter/10175153_01.jpg|data/images/hunter/10175153_02.jpg|data/images/hunter/10175153_03.jpg
FRUITSFAMILY,10238860,Hunter,Hunter,Hunter Rain Boots,35000,,240,"Hunter Rain Boots

⋆ EU 37 / 240 mm
⋆ price 35,000",False,https://fruitsfamily.com/product/63gcs/hunter-rain-boots,2026-08-04,https://image.production.fruitsfamily.com/public/product/resized%40width620/5vlpI4rox-ae0bce3ef64b.jpg|https://image.production.fruitsfamily.com/public/product/resized%40width620/NAXyJ99Jfn-5a3ed7a8bb28.jpg|https://image.production.fruitsfamily.com/public/product/resized%40width620/pOxgRN1SmC-297817b9bebe.jpg|https://image.production.fruitsfamily.com/public/product/resized%40width620/lrxyBqLaDH-6548288bfb2f.jpg|https://image.production.fruitsfamily.com/public/product/resized%40width620/8ZQ1M0p14x-4bf099962673.jpg|https://image.production.fruitsfamily.com/public/product/resized%40width620/rYbhUrePQX-a5b65694debc.jpg|https://image.production.fruitsfamily.com/public/product/resized%40width620/VDJzZuEeaA-5f0eba5048da.jpg,data/images/hunter/10238860_01.jpg|data/images/hunter/10238860_02.jpg|data/images/hunter/10238860_03.jpg
FRUITSFAMILY,9236958,Puma,Puma,(W) 240 퓨마 스피드캣 발레 와일드 초콜릿 웜 화이트,110000,,240,"후쿠오카 업타운 매장에서 샀습니다
신으려고 박스 버리구 왔는데 택있는 새상품 입니다
240

네고 안받아요!",False,https://fruitsfamily.com/product/5hza6/w-240-%ED%93%A8%EB%A7%88-%EC%8A%A4%ED%94%BC%EB%93%9C%EC%BA%A3-%EB%B0%9C%EB%A0%88-%EC%99%80%EC%9D%BC%EB%93%9C-%EC%B4%88%EC%BD%9C%EB%A6%BF-%EC%9B%9C-%ED%99%94%EC%9D%B4%ED%8A%B8,2026-08-04,https://image.production.fruitsfamily.com/public/product/resized%40width620/JX80eB3lx-e97a531cacf8.jpg|https://image.production.fruitsfamily.com/public/product/resized%40width620/M5zk7gAcdy-5d5fd02c8464.jpg|https://image.production.fruitsfamily.com/public/product/resized%40width620/Yfft3T95bt-a88c618242de.jpg,data/images/puma/9236958_01.jpg|data/images/puma/9236958_02.jpg|data/images/puma/9236958_03.jpg
FRUITSFAMILY,9237707,Puma,Puma,240 퓨마xH-street atmos 핑크,130000,,240,"박스는 버렸지만 후쿠오카에서 산 새상품입니다
스트랩은 레이스,체크,검정 총 3개 입니다
한국에는 없어서 추천드려요!!

네고 안받아요",False,https://fruitsfamily.com/product/5hzuz/240-%ED%93%A8%EB%A7%88xh-street-atmos-%ED%95%91%ED%81%AC,2026-08-04,https://image.production.fruitsfamily.com/public/product/resized%40width620/dwUeNCzZ6U-3b79ce119331.jpg|https://image.production.fruitsfamily.com/public/product/resized%40width620/xSU2zysSG-258bea1d51da.jpg|https://image.production.fruitsfamily.com/public/product/resized%40width620/TK6c_9dvsR-17c31a60693a.jpg|https://image.production.fruitsfamily.com/public/product/resized%40width620/lL_TPpj4XM-f90817aded32.jpg|https://image.production.fruitsfamily.com/public/product/resized%40width620/kVgwCqGc3j-c6c23ea038de.jpg,data/images/puma/9237707_01.jpg|data/images/puma/9237707_02.jpg|data/images/puma/9237707_03.jpg
FRUITSFAMILY,5601896,Puma,Puma,푸마 x 노아 아리조나,119000,139000,275,"Puma Noah Arizona
실착 3회 사실상 새상품
긴자 도버에서 구매
크림가보다 싸게팝니다
풀박스입니다",False,https://fruitsfamily.com/product/3c2g8/%ED%91%B8%EB%A7%88-x-%EB%85%B8%EC%95%84-%EC%95%84%EB%A6%AC%EC%A1%B0%EB%82%98,2026-08-04,https://image.production.fruitsfamily.com/public/product/resized%40width620/1c-RbBmJNQ-D7332213-77D4-4ABB-AF9A-283788B09C36.jpg|https://image.production.fruitsfamily.com/public/product/resized%40width620/G5Nokqe9mb-60CDD373-B0CE-47DB-AA48-33976754CB5F.jpg|https://image.production.fruitsfamily.com/public/product/resized%40width620/h4BWaO_eF3-214A7E45-9A00-40ED-9176-14EFE5D9722F.jpg|https://image.production.fruitsfamily.com/public/product/resized%40width620/6396tx4GW-76EB0D17-9D61-4135-91E0-AF8B0B63C6A3.jpg|https://image.production.fruitsfamily.com/public/product/resized%40width620/a-tkzz9wtH-FA31658C-7E00-4436-8A64-94BD95107656.jpg|https://image.production.fruitsfamily.com/public/product/resized%40width620/dne0GD_Rpx-DBDB7CCE-1743-466E-8114-475F0E435A5A.jpg|https://image.production.fruitsfamily.com/public/product/resized%40width620/YqaOjcCTjQ-353BD44E-00BF-46B1-B55C-82AAE4145B8F.jpg,data/images/puma/5601896_01.jpg|data/images/puma/5601896_02.jpg|data/images/puma/5601896_03.jpg
FRUITSFAMILY,7677739,Puma,Puma,[290] 퓨마 에이셉라키 모스트로,90000,130000,290,"안녕하세요 팬텀 트루프 입니다 저희 샵을 방문해 주셔서 감사합니다.
저희샵은 개인 소장품 및 직접 셀렉한 아이템을 판매 하고 있습니다.
장르 불문 하고 다양한 제품을 소개해 드리고 있으니 많은 관심 부탁 드립니다!!🕷️🕸️

제품명: 퓨마 에이셉라키 모스트로
브랜드:퓨마
사이즈:290
가격:₩90,000
상태: 집에서 시착만한 새상품 입니다.

✔️모든 제품 택배비는 기본 ₩4,000 / 도서산간 ₩5,000 입니다.

✔️모든 제품은 ₩50,000 이상 구매시 택배비 무료 입니다🫡

✔️모든 제품의 수수료는 구매자님 부담 입니다.

✔️오로지 정품만을 판매 하고 있습니다.

✔️가품시 전액 환불 처리로 진행 합니다.

✔️특별한 경우가 아닌경우 당일 or 익일 배송 해드립니다(우체국or편의점 최대한 우체국으로 발송해 드립니다!)

✔️교환 문의는 받고 있지 않습니다.

✔️확인 못한 오염,하자 있을수 있습니다 최대한 꼼꼼하게 검수 후 발송 해 드립니다

✔️개체차이, 단순변심으로 인한 환불은 불가 합니다.",False,https://fruitsfamily.com/product/4kk6j/290-%ED%93%A8%EB%A7%88-%EC%97%90%EC%9D%B4%EC%85%89%EB%9D%BC%ED%82%A4-%EB%AA%A8%EC%8A%A4%ED%8A%B8%EB%A1%9C,2026-08-04,https://image.production.fruitsfamily.com/public/product/resized%40width620/NbHyAOxR8h-D78F9BCD-D763-4453-B7BF-FD69216D9CF5.jpg|https://image.production.fruitsfamily.com/public/product/resized%40width620/OJULWiHIfU-20CD5ED3-E145-4CE0-8771-9CE077DFA88E.jpg|https://image.production.fruitsfamily.com/public/product/resized%40width620/LC7AJ4hY4r-B7189C75-C675-4910-A96E-B20DA74CA503.jpg|https://image.production.fruitsfamily.com/public/product/resized%40width620/xR_CUzBnHq-CDA3916B-9DB3-4E4C-BD15-37CE8E96A45C.jpg|https://image.production.fruitsfamily.com/public/product/resized%40width620/STy3KjHnf-000737F2-6E1B-4322-889F-6D61365DB38F.jpg,data/images/puma/7677739_01.jpg|data/images/puma/7677739_02.jpg|data/images/puma/7677739_03.jpg
FRUITSFAMILY,3492553,Puma,Puma,푸마 슬립스트립 하이 260,30000,,260,"굽 닳은거 전혀 없고 바닥 패턴 다 살아있습니다

예약 네고 사절

신정역 직거래 합니다",False,https://fruitsfamily.com/product/22uvd/%ED%91%B8%EB%A7%88-%EC%8A%AC%EB%A6%BD%EC%8A%A4%ED%8A%B8%EB%A6%BD-%ED%95%98%EC%9D%B4-260,2026-08-04,https://image.production.fruitsfamily.com/public/product/resized%40width620/WnEoA28ptq-1761733041112.jpg|https://image.production.fruitsfamily.com/public/product/resized%40width620/T6LCDUMuNK-1761733015160.jpg|https://image.production.fruitsfamily.com/public/product/resized%40width620/47NpzDTILg-1761733015355.jpg|https://image.production.fruitsfamily.com/public/product/resized%40width620/4njlzYeKDQ-1761733015559.jpg|https://image.production.fruitsfamily.com/public/product/resized%40width620/ZFVw8VgWLQ-1761733015723.jpg|https://image.production.fruitsfamily.com/public/product/resized%40width620/sUOwZsewrD-1761733015894.jpg|https://image.production.fruitsfamily.com/public/product/resized%40width620/rx_wE790gg3-1761733016071.jpg|https://image.production.fruitsfamily.com/public/product/resized%40width620/PJb9bo3nWRt-1761733016252.jpg|https://image.production.fruitsfamily.com/public/product/resized%40width620/PZ3Hm1HnHEM-1761733016466.jpg|https://image.production.fruitsfamily.com/public/product/resized%40width620/MgqX-qr-K1R-1761733016688.jpg,data/images/puma/3492553_01.jpg|data/images/puma/3492553_02.jpg|data/images/puma/3492553_03.jpg
FRUITSFAMILY,5359776,Puma,Puma,푸마 모스트로 OG - 팀 로얄: 실버 / 397330-03 블루,55000,110000,250,"사이즈 250 
실착 3회미만
색상 블루/실버 

상태 좋습니다 :)",False,https://fruitsfamily.com/product/36vmo/%ED%91%B8%EB%A7%88-%EB%AA%A8%EC%8A%A4%ED%8A%B8%EB%A1%9C-og-%ED%8C%80-%EB%A1%9C%EC%96%84-%EC%8B%A4%EB%B2%84-397330-03-%EB%B8%94%EB%A3%A8,2026-08-04,https://image.production.fruitsfamily.com/public/product/resized%40width620/U6o6BXHIRH-E3D44209-8ED4-429E-B903-5773AB44FFDF.jpg|https://image.production.fruitsfamily.com/public/product/resized%40width620/sm0U1gSViB-F14E24C4-7748-4BF3-9D03-4D6F7E1DED12.jpg|https://image.production.fruitsfamily.com/public/product/resized%40width620/6_Vw-P9aYX-0109873F-0C34-4F0E-B5CB-98A457BFB54D.jpg,data/images/puma/5359776_01.jpg|data/images/puma/5359776_02.jpg|data/images/puma/5359776_03.jpg
FRUITSFAMILY,6634302,Puma,Puma,푸마 x P.A.M 스웨이드 빈티지 다크 초콜릿 240,156000,,240,"✅구매는 안전결제 해주시면 됩니다.
✅중고 /새제품 개인 거래 상품의 경우 아주 작은 부분에도 예민하신분들은 패스 부탁드립니다.
Puma x P.A.M Suede VTG Dark Chocolate
387036-01
푸마 x P.A.M 스웨이드 빈티지 다크 초콜릿
✔판매중 
✔실착1회 상태매우좋음
✔사이즈 240
✔안전결제 하시면 됩니다. 
•실측 사이즈는 측정위치와 방법에 따라 1~3cm 오차가 발생할 수 있습니다.
•빈티지 제품 특성상 미세한 오염이나 생활사용감이 있을 수 있습니다.
•교환 및 환불은 불가하오니 신중한 구매 부탁드립니다.",False,https://fruitsfamily.com/product/3y726/%ED%91%B8%EB%A7%88-x-p-a-m-%EC%8A%A4%EC%9B%A8%EC%9D%B4%EB%93%9C-%EB%B9%88%ED%8B%B0%EC%A7%80-%EB%8B%A4%ED%81%AC-%EC%B4%88%EC%BD%9C%EB%A6%BF-240,2026-08-04,https://image.production.fruitsfamily.com/public/product/resized%40width620/IwPvlV7ctZ-1763728657915.jpg|https://image.production.fruitsfamily.com/public/product/resized%40width620/iFprvFJnYt-1763728657936.jpg|https://image.production.fruitsfamily.com/public/product/resized%40width620/RyuuO2Ld4P-1763728657951.jpg|https://image.production.fruitsfamily.com/public/product/resized%40width620/H1TJgY_887-1763728657981.jpg|https://image.production.fruitsfamily.com/public/product/resized%40width620/NeBN8nHgYR-1763728658016.jpg|https://image.production.fruitsfamily.com/public/product/resized%40width620/6fyp8kOf79-1763728658036.jpg|https://image.production.fruitsfamily.com/public/product/resized%40width620/AhfCztsBwQc-1763728658056.jpg|https://image.production.fruitsfamily.com/public/product/resized%40width620/CC6Qjvv0tsv-1763728658078.jpg|https://image.production.fruitsfamily.com/public/product/resized%40width620/A9ktyHUHE-1763728658104.jpg|https://image.production.fruitsfamily.com/public/product/resized%40width620/ZH1e3W-uXQ-1763728658164.jpg,data/images/puma/6634302_01.jpg|data/images/puma/6634302_02.jpg|data/images/puma/6634302_03.jpg
FRUITSFAMILY,9921535,Puma,Puma,퓨마 울트라 얼티메이트 mg,80000,,265,"실착 10회 
밑창 조금 더러운거빼고는 컨디션 다 좋습니다.
신발끈 넣는 부분 옆에 오염 살짝 있는데 
사진 참고해주십시오🫡
실물이 훨씬 이쁩니당.
정가 21만원에 싸게 구해도 18만원정도인데
합리적인 가격에 싸게 가져가세요😄
끈 따로 빼서 신발 박스에 보내드릴게요.",False,https://fruitsfamily.com/product/5wni7/%ED%93%A8%EB%A7%88-%EC%9A%B8%ED%8A%B8%EB%9D%BC-%EC%96%BC%ED%8B%B0%EB%A9%94%EC%9D%B4%ED%8A%B8-mg,2026-08-04,https://image.production.fruitsfamily.com/public/product/resized%40width620/3q4ucKeqV-a7fb9090a487.jpg|https://image.production.fruitsfamily.com/public/product/resized%40width620/uOBc16ZbbC-7fedc60fe244.jpg|https://image.production.fruitsfamily.com/public/product/resized%40width620/bQHg3BJjBq-7ae8d987f935.jpg|https://image.production.fruitsfamily.com/public/product/resized%40width620/xtl5SW11RV-ec6f60c0ce9d.jpg|https://image.production.fruitsfamily.com/public/product/resized%40width620/1G7qAyr6mI-6eb1560fd046.jpg,data/images/puma/9921535_01.jpg|data/images/puma/9921535_02.jpg|data/images/puma/9921535_03.jpg
FRUITSFAMILY,6814304,Puma,Puma,[235] 푸마 x 페라리 퓨처캣 SF 10주년,130000,,235,"Puma Ferrari Future Cat SF 10th Anniversary
size: 235

푸마의 퓨처캣 SF입니다. 푸마와 페라리의 파트너십 10주년을 기념하기 위해 푸마의 스테디셀러인 퓨처캣에 페라리 특유의 컬러와 디테일이 추가된 상징적인 제품으로, 측면의 페라리 엠블럼이 특징입니다. 전체적으로 새상품에 가까운 매우 좋은 상태를 유지 중입니다.

gently used with no flaws
price: 125,000 won",False,https://fruitsfamily.com/product/421y8/235-%ED%91%B8%EB%A7%88-x-%ED%8E%98%EB%9D%BC%EB%A6%AC-%ED%93%A8%EC%B2%98%EC%BA%A3-sf-10%EC%A3%BC%EB%85%84,2026-08-04,https://image.production.fruitsfamily.com/public/product/resized%40width620/xMtXmDCq66-1764835220767-g1wt31fqw.jpg|https://image.production.fruitsfamily.com/public/product/resized%40width620/XSVo6gzMsE-1764835220768-jez526lu4.jpg|https://image.production.fruitsfamily.com/public/product/resized%40width620/Ae_XMY2HJD-1764835220769-77v7m3jn5.jpg|https://image.production.fruitsfamily.com/public/product/resized%40width620/BHsA7kM-Pb-1764835220769-rozlfaqed.jpg|https://image.production.fruitsfamily.com/public/product/resized%40width620/AufHewf8Wm-1764835220770-0keytz69b.jpg,data/images/puma/6814304_01.jpg|data/images/puma/6814304_02.jpg|data/images/puma/6814304_03.jpg
FRUITSFAMILY,7431584,Puma,Puma,[235siz] Puma X LMC 스웨이드 빈티지 블랙,50000,58000,235,"235 사이즈
4~5회 정도 신음 손상된 부분은 없어요 뒤에 로고 실밥도 안 뜯음
동봉된 얇은 신발끈 같이 드려요 신발상자만 달라요

발매가 14만9천원",False,https://fruitsfamily.com/product/4fa8w/235siz-puma-x-lmc-%EC%8A%A4%EC%9B%A8%EC%9D%B4%EB%93%9C-%EB%B9%88%ED%8B%B0%EC%A7%80-%EB%B8%94%EB%9E%99,2026-08-04,https://image.production.fruitsfamily.com/public/product/resized%40width620/fRB1NQ7GeR-1E546A52-D302-4E4D-B767-4CC5904474CB.jpg|https://image.production.fruitsfamily.com/public/product/resized%40width620/i6hHAdwlsp-C7314765-025C-4E96-A625-D810B33FD43E.jpg|https://image.production.fruitsfamily.com/public/product/resized%40width620/xFwChYkDKo-2034966B-DD88-42A9-8DA6-11274D79CBDB.jpg|https://image.production.fruitsfamily.com/public/product/resized%40width620/Dn97EYELQH-9F55038B-9BE5-4EA8-B834-66D77EE627A9.jpg|https://image.production.fruitsfamily.com/public/product/resized%40width620/QFwzRlt4_P-57EFFCBA-8F97-4FAF-A46D-E1FD7929A86C.jpg|https://image.production.fruitsfamily.com/public/product/resized%40width620/P9ebe1jnF-FD9C71A3-BE1E-4C6A-B295-679FA9DC40AF.jpg|https://image.production.fruitsfamily.com/public/product/resized%40width620/1XhIZ-e77K-89258EA8-7192-45B8-B3DF-A07FC18D24B7.jpg|https://image.production.fruitsfamily.com/public/product/resized%40width620/s1Ye7Agzj6-D6316BD9-EC41-42A2-B31B-30435D650646.jpg,data/images/puma/7431584_01.jpg|data/images/puma/7431584_02.jpg|data/images/puma/7431584_03.jpg
FRUITSFAMILY,8286002,Puma,Puma,푸마 X PAM RDR 부츠,130000,220000,300,"푸마 X PAM 콜라보 상품으로 300사이즈고 구하기 어려운 신발입니다

상태최상급 1회착 신상품급입니다",False,https://fruitsfamily.com/product/4xliq/%ED%91%B8%EB%A7%88-x-pam-rdr-%EB%B6%80%EC%B8%A0,2026-08-04,https://image.production.fruitsfamily.com/public/product/resized%40width620/cK3cvztAPh-1D5CBA37-0E58-4301-AD59-35F6EF40EC04.jpg|https://image.production.fruitsfamily.com/public/product/resized%40width620/IG4EQceiHh-6978037F-1827-483C-ABFA-59E5DA6281A1.jpg|https://image.production.fruitsfamily.com/public/product/resized%40width620/3OxoHeWV36-B7448C18-FE34-4874-9307-825CD8072690.jpg|https://image.production.fruitsfamily.com/public/product/resized%40width620/qBNylSuuIf-DA89864B-436B-40C3-924E-158DA73DAC01.jpg|https://image.production.fruitsfamily.com/public/product/resized%40width620/FnJwnvqQRt-A728D57E-A67C-4648-B00E-C4A2E4D15198.jpg,data/images/puma/8286002_01.jpg|data/images/puma/8286002_02.jpg|data/images/puma/8286002_03.jpg
FRUITSFAMILY,4460628,Puma,Puma,푸마 Mostro 모스트로 태클 블랙 레이싱 고프코어 스니커즈 운동화,180000,,230,"PUMA의 베스트 셀러 아카이브 제품인 Mostro는 스포츠와 라이프스타일의 퓨전을 상징하는 제품입니다.

이탈리아어로 ‘몬스터’를 의미하는 푸마 모스트로 모델은 새로운 아름다움의 기준을 구현한 실험적이고 혁신적인 실루엣으로 화제가 된 푸마의 시그니처 스니커즈입니다.

1968년에 출시된 터프 스프린터용 스파이크와 1980년대 편안한 서핑 슈즈에서 영감을 얻어 제작됐습니다. 스니커의 어퍼는 부드러운 레더 소재로 차분하게 감싸졌으며, 아웃솔에는 가시 디테일이 돋보이는 얇은 스파이크 솔이 적용돼 하이브리드하고 스포티한 디자인으로 완성됐습니다.

전형적인 슈 레이스 시스템을 대체하는 시그니쳐 Hook-and-Loop 잠금 시스템과 스파이크 형태로 제작된 아웃솔이 특징이며, 이번에 출시된 모델은 살짝 길어진 스파이크로, 더 공격적인 실루엣을 선사하는 모델입니다. Mostro 프랜차이즈의 아카이브 라인은 깔끔하고 퓨어한 디자인 언어를 적용하여 PUMA의 스타일 헤리티지를 요소를 불러 일으키며, 부드러운 직물 베이스에 가죽 폼스트립이 특징입니다. 라이크라 소재의 안감,카라, 인솔로 굉장히 편안한 착화감을 제공합니다.

현재 크림가 20만원,
230사이즈, 택 달린 새상품으로
풀박스 구성으로 드립니다!",False,https://fruitsfamily.com/product/2nluc/%ED%91%B8%EB%A7%88-mostro-%EB%AA%A8%EC%8A%A4%ED%8A%B8%EB%A1%9C-%ED%83%9C%ED%81%B4-%EB%B8%94%EB%9E%99-%EB%A0%88%EC%9D%B4%EC%8B%B1-%EA%B3%A0%ED%94%84%EC%BD%94%EC%96%B4-%EC%8A%A4%EB%8B%88%EC%BB%A4%EC%A6%88-%EC%9A%B4%EB%8F%99%ED%99%94,2026-08-04,https://image.production.fruitsfamily.com/public/product/resized%40width620/ViDLDKwcm-2-9711D5CE-5B04-42DE-B09C-657CCD39E1B9.jpg|https://image.production.fruitsfamily.com/public/product/resized%40width620/fsRIOQB9M-E684EDA5-6868-4FBE-AEAB-20A58B0C16A0.jpg|https://image.production.fruitsfamily.com/public/product/resized%40width620/w-EUoShCcCg-792961B6-C2AC-43AE-AA3B-5763724A4C81.jpg|https://image.production.fruitsfamily.com/public/product/resized%40width620/n_T5C4aqIn-44A5981E-57F0-40B2-A851-F7305AEB0FB0.jpg|https://image.production.fruitsfamily.com/public/product/resized%40width620/U6P8YETrtF-B16F04F5-FE23-4EEB-96D6-86EC680F4E21.jpg|https://image.production.fruitsfamily.com/public/product/resized%40width620/vnbAhOd5vb-259F6D3C-3EF8-48CC-9E7F-03182A9A2045.jpg|https://image.production.fruitsfamily.com/public/product/resized%40width620/qmJU84mzR4-BCF9A6A9-2B8B-41E5-A873-6982841C9480.jpg|https://image.production.fruitsfamily.com/public/product/resized%40width620/rb9L5GZgIf-EFC9CD3D-52F6-4F7C-8A0A-07FD99493A9F.jpg|https://image.production.fruitsfamily.com/public/product/resized%40width620/WwNBGt7-X_T-C70DE9C0-A343-4697-813B-99D004E1C056.jpg|https://image.production.fruitsfamily.com/public/product/resized%40width620/iNK8lcHydT-0E40405C-E65D-43B0-AE62-BE03904ADBD2.jpg,data/images/puma/4460628_01.jpg|data/images/puma/4460628_02.jpg|data/images/puma/4460628_03.jpg
FRUITSFAMILY,10253867,Puma,Puma,[새상품] 푸마 매그니파이 나이트로 3 블랙 285mm,120000,,285,"새상품 그대로 박스와 구성품 모두 갖춰져 있어요
가볍고 쿠셔닝이 뛰어나서 편안한 착용감을 선사한답니다
장거리 러닝이나 일상생활에서도 멋스럽게 신기 좋아요",False,https://fruitsfamily.com/product/63rxn/%EC%83%88%EC%83%81%ED%92%88-%ED%91%B8%EB%A7%88-%EB%A7%A4%EA%B7%B8%EB%8B%88%ED%8C%8C%EC%9D%B4-%EB%82%98%EC%9D%B4%ED%8A%B8%EB%A1%9C-3-%EB%B8%94%EB%9E%99-285mm,2026-08-04,https://image.production.fruitsfamily.com/public/product/resized%40width620/ynDVkq0Hd-57f208c4a2a1.jpg|https://image.production.fruitsfamily.com/public/product/resized%40width620/PvlBg_XJ-V-2e232c4c267c.jpg|https://image.production.fruitsfamily.com/public/product/resized%40width620/f55ZJDpvcQ-f549e132c752.jpg,data/images/puma/10253867_01.jpg|data/images/puma/10253867_02.jpg|data/images/puma/10253867_03.jpg
FRUITSFAMILY,10260619,Puma,Puma,푸마 엑셀레이트 미드 1.2 하이탑 스니커즈,130000,,245,"245, 상태 양호
바이커 부츠를 모델로 일상화로 출시된 제품
뒷굽 닳음 거의 x",False,https://fruitsfamily.com/product/63x57/%ED%91%B8%EB%A7%88-%EC%97%91%EC%85%80%EB%A0%88%EC%9D%B4%ED%8A%B8-%EB%AF%B8%EB%93%9C-1-2-%ED%95%98%EC%9D%B4%ED%83%91-%EC%8A%A4%EB%8B%88%EC%BB%A4%EC%A6%88,2026-08-04,https://image.production.fruitsfamily.com/public/product/resized%40width620/pmoOCT8eM-f5f209bbff45.jpg|https://image.production.fruitsfamily.com/public/product/resized%40width620/O-LAjG8SVa-b426be85de25.jpg|https://image.production.fruitsfamily.com/public/product/resized%40width620/vb6jNMSwk8-345029ff4ac6.jpg,data/images/puma/10260619_01.jpg|data/images/puma/10260619_02.jpg|data/images/puma/10260619_03.jpg
FRUITSFAMILY,5831723,Puma,Puma,[230] 푸마 셀 세라노 M 베이비 핑크,187200,208000,230,"Puma Cell Cerano M in baby pink
size: 230

푸마의 세라노 M입니다. SpiderCell기술의 미드솔이 적용된 제품으로 우수한 착화감을 제공하면서 동시에 유니크한 포인트로 두드러집니다. 향후 발매될 @_j.l_a.l_ 의 푸마 협업제품과 비슷한 실루엣을 띄고있는 제품입니다. 미사용의 데드스탁 상태입니다.

deadstock(new)
price: 200,000 won",False,https://fruitsfamily.com/product/3gzsb/230-%ED%91%B8%EB%A7%88-%EC%85%80-%EC%84%B8%EB%9D%BC%EB%85%B8-m-%EB%B2%A0%EC%9D%B4%EB%B9%84-%ED%95%91%ED%81%AC,2026-08-04,https://image.production.fruitsfamily.com/public/product/resized%40width620/5MeGOm8pEB-1758096806076-4tjc9xkaf.jpg|https://image.production.fruitsfamily.com/public/product/resized%40width620/NidNY8rzI-1758096806077-gs98ondjq.jpg|https://image.production.fruitsfamily.com/public/product/resized%40width620/Vq5Y7XMURv-1758096806078-kcbg05n4l.jpg|https://image.production.fruitsfamily.com/public/product/resized%40width620/wyJCCLNoX3-1758096806078-v8aigdfly.jpg|https://image.production.fruitsfamily.com/public/product/resized%40width620/GI9s91g3XL-1758096806079-85wpazwae.jpg,data/images/puma/5831723_01.jpg|data/images/puma/5831723_02.jpg|data/images/puma/5831723_03.jpg
FRUITSFAMILY,3071632,Puma,Puma,(240)(W)푸마x마르디 메크르디 스웨이드 플랫폼 브라이트 멜론[대전],100000,,240,"안녕하세요 저의 상품은 두가지 방법으로 구매 가능하십니다

1.대전 직거래(장소:대전 유성구 복용파출소 앞)-8.5만원
                           - 저와 직거래시 장점-
(1)신어보시고 구매 가능해서 착화감 확인이 가능하고
사이즈 미스 없는 구매가 가능합니다
(2)15분~1시간만에 구매가 가능해서 온라인 구매보다 훨씬 빠른 구매가 가능합니다
(3)안전한 직거래 장소(파출소 바로 앞)
(4)자차를 가져오시는분은 잠시 주.정차 하실 널널한 공간
(5)천장이 있는 벤치가 있어 앉아서 신어보실 수 있고 비가 와도 편하게 거래가 가능합니다
(6)신발 주걱 제공
(7)메시지를 확인하면 늦은 새벽에도 거래 가능합니다
(8)구매시 교통비 3000원 상품가격에서 할인
(9)오프라인 매장에서 구매한 상품이라면 영수증을 보여드립니다
(10)상품과 최대한 근접한 오프라인 정품 매장 종이백에 상품을 넣어드립니다

2.택배 거래(이마트24 CJ대한통운 편의점 택배)-10만원
(1)빠른배송
(월화수목금 중 집하 완료시 평균적으로 1일 후 도착 택배사의 사정이 있다면 늦어질수도 있습니다 주말,공휴일 제외)
(2)CCTV가 설치된 편의점에서 상품 사진 최대 120장 실시간 사진 전송해드립니다 택배로 받아 볼 상품을 사진으로 미리 확인해보세요
(3)무료배송으로 배송비 3590원은 판매자인 제가 부담합니다
(4)요청시 정품 오프라인 매장 종이백을 같이 넣어드립니다

-상품 정보-
구매처:무신사(정품)

모델명:(W)푸마 x 마르디 메크르디 스웨이드 플랫폼 브라이트 멜론

사이즈:240(여성용)

정가:129,000원 (-29000원)

교환 환불
대전 직거래:상품 상태 확인 하실 여유로운 시간도 드리고 신어보시고 구매하게 해드리니 거래 후 교환,환불 불가합니다

택배거래:상품 사진 실시간 전송 중 하자 발견시 거래 취소 가능합니다 발송 후에는 교환,환불 불가합니다

#235 #245 #Daejeon #신발 #운동화 #대전 #MardiMercredi #PUMA #shoes",False,https://fruitsfamily.com/product/1tu34/240-w-%ED%91%B8%EB%A7%88x%EB%A7%88%EB%A5%B4%EB%94%94-%EB%A9%94%ED%81%AC%EB%A5%B4%EB%94%94-%EC%8A%A4%EC%9B%A8%EC%9D%B4%EB%93%9C-%ED%94%8C%EB%9E%AB%ED%8F%BC-%EB%B8%8C%EB%9D%BC%EC%9D%B4%ED%8A%B8-%EB%A9%9C%EB%A1%A0-%EB%8C%80%EC%A0%84,2026-08-04,https://image.production.fruitsfamily.com/public/product/resized%40width620/sHUV456LZ4-20241104_174908.jpg|https://image.production.fruitsfamily.com/public/product/resized%40width620/5n30jZZfNf-20241104_174409.jpg|https://image.production.fruitsfamily.com/public/product/resized%40width620/Ct0IgGCydI-20241104_174701.jpg|https://image.production.fruitsfamily.com/public/product/resized%40width620/Xyyug2JPvS-20241104_174731.jpg|https://image.production.fruitsfamily.com/public/product/resized%40width620/9avDQH1Pmu-20241104_174750.jpg|https://image.production.fruitsfamily.com/public/product/resized%40width620/5tJOOD1P8vg-20241104_174803.jpg|https://image.production.fruitsfamily.com/public/product/resized%40width620/-jxY1tzx6U8-20241104_174816.jpg|https://image.production.fruitsfamily.com/public/product/resized%40width620/OJQqgI1QEKZ-20241104_174831.jpg|https://image.production.fruitsfamily.com/public/product/resized%40width620/jmUJZWez-12-20241104_175002.jpg|https://image.production.fruitsfamily.com/public/product/resized%40width620/WCZjrym9mhn-20241104_175135.jpg,data/images/puma/3071632_01.jpg|data/images/puma/3071632_02.jpg|data/images/puma/3071632_03.jpg
FRUITSFAMILY,5817371,Puma,Puma,(레어 🧩) Puma Speedcat sneakers 퓨마 스피드캣,170000,210000,240,"Puma Speedcat Sneakers

W 240",False,https://fruitsfamily.com/product/3gopn/%EB%A0%88%EC%96%B4-puma-speedcat-sneakers-%ED%93%A8%EB%A7%88-%EC%8A%A4%ED%94%BC%EB%93%9C%EC%BA%A3,2026-08-04,https://image.production.fruitsfamily.com/public/product/resized%40width620/YfEq4nvAqg-4D42AF69-8A30-4BB0-A00C-56A71F17429B.jpg|https://image.production.fruitsfamily.com/public/product/resized%40width620/oc2umwLui3-5490DBF8-EC0B-42E3-B78C-065EFC4ADD75.jpg|https://image.production.fruitsfamily.com/public/product/resized%40width620/4DBzpWYG1K-50B3B439-CA5F-4E44-BB36-CE0AFAE899C1.jpg,data/images/puma/5817371_01.jpg|data/images/puma/5817371_02.jpg|data/images/puma/5817371_03.jpg
FRUITSFAMILY,6634560,Puma,Puma,푸마 x 메종 키츠네 스웨이드 크레페 트래버틴 240,191000,,240,"✅구매는 안전결제 해주시면 됩니다.
✅중고 개인 거래 상품의 경우 아주 작은 부분에도 예민하신분들은 패스 부탁드립니다.
Puma x Maison Kitsune Suede Crepe Travertine
381270-01
푸마 x 메종 키츠네 스웨이드 크레페 트래버틴

✔사이즈 240
✔시착상품 
✔안전결제 하시면 됩니다. 
•실측 사이즈는 측정위치와 방법에 따라 1~3cm 오차가 발생할 수 있습니다.
•빈티지 제품 특성상 미세한 오염이나 생활사용감이 있을 수 있습니다.
•교환 및 환불은 불가하오니 신중한 구매 부탁드립니다.",False,https://fruitsfamily.com/product/3y79c/%ED%91%B8%EB%A7%88-x-%EB%A9%94%EC%A2%85-%ED%82%A4%EC%B8%A0%EB%84%A4-%EC%8A%A4%EC%9B%A8%EC%9D%B4%EB%93%9C-%ED%81%AC%EB%A0%88%ED%8E%98-%ED%8A%B8%EB%9E%98%EB%B2%84%ED%8B%B4-240,2026-08-04,https://image.production.fruitsfamily.com/public/product/resized%40width620/IRVRCTtZWy-1763729802702.jpg|https://image.production.fruitsfamily.com/public/product/resized%40width620/Oj1MuCQ6IP-1763729802722.jpg|https://image.production.fruitsfamily.com/public/product/resized%40width620/O1fm--bTpM-1763729802737.jpg|https://image.production.fruitsfamily.com/public/product/resized%40width620/6wFXvqbGJh-1763729802760.jpg|https://image.production.fruitsfamily.com/public/product/resized%40width620/QMZrj5E0ZZ-1763729802831.jpg|https://image.production.fruitsfamily.com/public/product/resized%40width620/-Q45FKc-9W-1763729802862.jpg|https://image.production.fruitsfamily.com/public/product/resized%40width620/pgPXgBT6eCW-1763729802891.jpg|https://image.production.fruitsfamily.com/public/product/resized%40width620/5MpQbGtqFEQ-1763729802912.jpg|https://image.production.fruitsfamily.com/public/product/resized%40width620/YAiX0MUamHh-1763729802957.jpg|https://image.production.fruitsfamily.com/public/product/resized%40width620/dyk4aRmIX3w-1763729803006.jpg,data/images/puma/6634560_01.jpg|data/images/puma/6634560_02.jpg|data/images/puma/6634560_03.jpg
FRUITSFAMILY,5322862,Puma,Puma,푸마 스피드캣 고 우먼스 블랙(차정원착용),74000,90000,225,"사이즈 225 두번착용
새상품 컨디션으로 여분 끈 택 그대로해서 박스에 보관해두었습니다

(ㄱㅈ거래 가능)",False,https://fruitsfamily.com/product/3635a/%ED%91%B8%EB%A7%88-%EC%8A%A4%ED%94%BC%EB%93%9C%EC%BA%A3-%EA%B3%A0-%EC%9A%B0%EB%A8%BC%EC%8A%A4-%EB%B8%94%EB%9E%99-%EC%B0%A8%EC%A0%95%EC%9B%90%EC%B0%A9%EC%9A%A9,2026-08-04,https://image.production.fruitsfamily.com/public/product/resized%40width620/smrwaNlhtw-327199A0-1E91-4156-8112-FE92D5D26160.jpg|https://image.production.fruitsfamily.com/public/product/resized%40width620/s-HMG1BSuA-592BEFCD-A964-408E-97FE-500E81D2CB7D.jpg|https://image.production.fruitsfamily.com/public/product/resized%40width620/djdWfoaRbX-59979E85-0F02-4B5E-8408-BDE4404B5D76.jpg|https://image.production.fruitsfamily.com/public/product/resized%40width620/ep5mZlwNDg-4F65050B-C3FB-4B0B-A57C-2C39AD71D3BE.jpg|https://image.production.fruitsfamily.com/public/product/resized%40width620/2XloguwFX2-7DDC89A4-CF21-4666-9750-FEA2BCD55BCC.jpg|https://image.production.fruitsfamily.com/public/product/resized%40width620/1xfsJwIa98-6BD1FAA1-7B05-4D99-99AA-023421AF4CA2.jpg,data/images/puma/5322862_01.jpg|data/images/puma/5322862_02.jpg|data/images/puma/5322862_03.jpg
FRUITSFAMILY,3519569,Puma,Puma,푸마 스니커즈,55000,,240,"푸마 TRC 블레이즈 스니커즈 240
택 그대로 새상품 

🌳서울 직거래📦택배 가능🌳계좌거래만 가능
❎️거래 후 환불 불가",False,https://fruitsfamily.com/product/23fpt/%ED%91%B8%EB%A7%88-%EC%8A%A4%EB%8B%88%EC%BB%A4%EC%A6%88,2026-08-04,https://image.production.fruitsfamily.com/public/product/resized%40width620/akm_kOxu-Z-1773789267218.jpg|https://image.production.fruitsfamily.com/public/product/resized%40width620/mP0j930E-e-1735777904209.jpg|https://image.production.fruitsfamily.com/public/product/resized%40width620/dFRxc-Z_xi-1735777904236.jpg|https://image.production.fruitsfamily.com/public/product/resized%40width620/uZlUYZn1M-ba765395-a9f7-4219-ba33-e81ed8c808db.jpg|https://image.production.fruitsfamily.com/public/product/resized%40width620/UOkkHLwJJA-eb1dbddc-4851-4d8a-a6fa-c1d80f944632.jpg,data/images/puma/3519569_01.jpg|data/images/puma/3519569_02.jpg|data/images/puma/3519569_03.jpg
FRUITSFAMILY,8806085,ASICS,Asics,아식스젤카야노 28 FN3-S Anthracite Antique gold,179000,200000,275,"크림에서 구매한지 한 달도 안된 신발 판매합니다.

단순 변심 때문에 내놓습니다.

시착 2번밖에 안했어요 
필요하시면 동영상도 찍어보내드립니다.

배송비 포함",False,https://fruitsfamily.com/product/58qth/%EC%95%84%EC%8B%9D%EC%8A%A4%EC%A0%A4%EC%B9%B4%EC%95%BC%EB%85%B8-28-fn3-s-anthracite-antique-gold,2026-08-04,https://image.production.fruitsfamily.com/public/product/resized%40width620/34rjDUnU1-65B33A1E-EA4E-43E4-8E31-CE7FA0C32E6E.jpg|https://image.production.fruitsfamily.com/public/product/resized%40width620/zeIYvWaKGI-749309D7-BD12-43A9-A2CF-D2D89B73C4D1.jpg|https://image.production.fruitsfamily.com/public/product/resized%40width620/KmGW58vCoI-CB104BE2-ABD7-470B-AC78-E460BBD4EA1A.jpg|https://image.production.fruitsfamily.com/public/product/resized%40width620/B6KxKoqnJs-A4F0C02B-F5FF-47BC-8D0E-D4FDC9774873.jpg|https://image.production.fruitsfamily.com/public/product/resized%40width620/RLJieXyNg1-CD8344B2-2064-4DBE-A4CB-C60F71A66F6E.jpg,data/images/asics/8806085_01.jpg|data/images/asics/8806085_02.jpg|data/images/asics/8806085_03.jpg
FRUITSFAMILY,10384514,ASICS,Asics,아식스 슈퍼블라스트2 러닝화 블랙 화이트 270 size 일본 구매상품,200000,,270,"사업자 아니고 개인 물건 판매하는 사람이에요
개인, 중고거래 특성상 반품,환불 안됩니다
중고이기에 미세한 오염 하자는 있을 수 있어요
직거래,착용샷,에눌,네고, 맞을까요? 문의 주지마세요
소모성 연락 진짜 싫어해요. 바로 차단해요~
합리적인 가격에 양질의 제품 약속해요
네고문의,교환문의 안받습니다
구매 희망하시면 제품정보 숙지 후
결제 하시면 됩니다!!

사이즈 270
한참 슈블2 인기있고 웃돈으로 비싸게 거래될때
매물도 없을때 일본 여행당시 구매한 상품
파워 정품이며 가품 취급 안함 워낙 유명하고 좋은 슈즈인데
판매자 본인 맥스쿠셔닝 안정화가 발에 잘맞아
방치만 하게되어 매물
크림 현재 동사이즈 25만원대 거래중
새제품과 견주어도 손색없음",False,https://fruitsfamily.com/product/66kqq/%EC%95%84%EC%8B%9D%EC%8A%A4-%EC%8A%88%ED%8D%BC%EB%B8%94%EB%9D%BC%EC%8A%A4%ED%8A%B82-%EB%9F%AC%EB%8B%9D%ED%99%94-%EB%B8%94%EB%9E%99-%ED%99%94%EC%9D%B4%ED%8A%B8-270-size-%EC%9D%BC%EB%B3%B8-%EA%B5%AC%EB%A7%A4%EC%83%81%ED%92%88,2026-08-04,https://image.production.fruitsfamily.com/public/product/resized%40width620/BhS1sWIQx-938820949e29.jpg|https://image.production.fruitsfamily.com/public/product/resized%40width620/H59-YsZo3--a8599ebfdce0.jpg|https://image.production.fruitsfamily.com/public/product/resized%40width620/QJjaW354rG-1e948cfc1c7e.jpg|https://image.production.fruitsfamily.com/public/product/resized%40width620/ygmTCZDRFW-fc91cf943d6a.jpg|https://image.production.fruitsfamily.com/public/product/resized%40width620/sJB1z0RvSh-091d33f142e2.jpg|https://image.production.fruitsfamily.com/public/product/resized%40width620/aNQmgU-s2y-d3186f5c2829.jpg|https://image.production.fruitsfamily.com/public/product/resized%40width620/z5JVPJFA0h-4fc533c649a5.jpg|https://image.production.fruitsfamily.com/public/product/resized%40width620/lriKXk-9oC-fe1e977d6067.jpg|https://image.production.fruitsfamily.com/public/product/resized%40width620/h3N11lnLQO-cae4b36c8bba.jpg|https://image.production.fruitsfamily.com/public/product/resized%40width620/ub6AT4qZRC-b33436892b15.jpg,data/images/asics/10384514_01.jpg|data/images/asics/10384514_02.jpg|data/images/asics/10384514_03.jpg
FRUITSFAMILY,9138356,ASICS,Asics,[295] 아식스 키고 젤소켓2,270000,390000,295,"지금 구하기 정말 힘든 명작입니다 
상태 정말 좋고 계속 슈브제에넣고 보관만했습니다
상자가 없고 신발만 있어서 
구매하시면 다른 상자에넣어서 보내드립니다..!

이가격에 마지막으로 내리고 안팔리면 다시 가격 올려서 그냥 천천히 팔려고합니다..!",False,https://fruitsfamily.com/product/5fv78/295-%EC%95%84%EC%8B%9D%EC%8A%A4-%ED%82%A4%EA%B3%A0-%EC%A0%A4%EC%86%8C%EC%BC%932,2026-08-04,https://image.production.fruitsfamily.com/public/product/resized%40width620/zj8xyp-fU-e06bbd8cab0c.jpg|https://image.production.fruitsfamily.com/public/product/resized%40width620/RyGa24ecoc-dff27e653846.jpg|https://image.production.fruitsfamily.com/public/product/resized%40width620/ZgEipxgrg-0fa15e92860a.jpg|https://image.production.fruitsfamily.com/public/product/resized%40width620/e8bdjEgPiR-df9b56a91d5b.jpg,data/images/asics/9138356_01.jpg|data/images/asics/9138356_02.jpg|data/images/asics/9138356_03.jpg
FRUITSFAMILY,6282373,ASICS,Asics,아식스 노발리스 젤 테레모아 자바 퓨터 퍼플235,259000,,235,235사이즈 미시착 새상품 입니다. 택+4000,False,https://fruitsfamily.com/product/3qnid/%EC%95%84%EC%8B%9D%EC%8A%A4-%EB%85%B8%EB%B0%9C%EB%A6%AC%EC%8A%A4-%EC%A0%A4-%ED%85%8C%EB%A0%88%EB%AA%A8%EC%95%84-%EC%9E%90%EB%B0%94-%ED%93%A8%ED%84%B0-%ED%8D%BC%ED%94%8C235,2026-08-04,https://image.production.fruitsfamily.com/public/product/resized%40width620/L_7NGCn-mY-1761458739839.jpg|https://image.production.fruitsfamily.com/public/product/resized%40width620/3eLiB2Hoqw-1761458739857.jpg|https://image.production.fruitsfamily.com/public/product/resized%40width620/NNgvUCVb-c-1761458739873.jpg,data/images/asics/6282373_01.jpg|data/images/asics/6282373_02.jpg|data/images/asics/6282373_03.jpg
FRUITSFAMILY,10406686,ASICS,Asics,아식스 노바블라스트 5 러닝화 270,110000,,270,"아식스 노바블라스트 5 러닝화 이에요 

상태는 중고다보니 착화감은 있지만 

상태 양호해요 사진 그대로 참고해주세요~

사이즈 270 이구요 신발 단품이에요

택배 무료 배송이에요

교환 환불은 어려워서 사진 자세히 보시고

신중한 구매 부탁드려요!!",False,https://fruitsfamily.com/product/671um/%EC%95%84%EC%8B%9D%EC%8A%A4-%EB%85%B8%EB%B0%94%EB%B8%94%EB%9D%BC%EC%8A%A4%ED%8A%B8-5-%EB%9F%AC%EB%8B%9D%ED%99%94-270,2026-08-04,https://image.production.fruitsfamily.com/public/product/resized%40width620/Hz-qHhPLmh-1785742870810-3umroa9s1.jpg|https://image.production.fruitsfamily.com/public/product/resized%40width620/xNkJz4c2aq-1785742870839-7enp9bxys.jpg|https://image.production.fruitsfamily.com/public/product/resized%40width620/GNnrTTTyrG-1785742870843-i8o0c2q1w.jpg|https://image.production.fruitsfamily.com/public/product/resized%40width620/UrwH7YO_JV-1785742870848-xg54j02yo.jpg|https://image.production.fruitsfamily.com/public/product/resized%40width620/YuJYQD7X04-1785742870851-r8nwduvaq.jpg|https://image.production.fruitsfamily.com/public/product/resized%40width620/lSCDxpYjUk-1785742870855-twvp6dmzr.jpg|https://image.production.fruitsfamily.com/public/product/resized%40width620/5Z7Cubzab5-1785742870859-jynd191q7.jpg|https://image.production.fruitsfamily.com/public/product/resized%40width620/I7D2aerY3FH-1785742870863-0gcirxsym.jpg|https://image.production.fruitsfamily.com/public/product/resized%40width620/Jyi1hALzXXY-1785742870866-n1cyopm8h.jpg,data/images/asics/10406686_01.jpg|data/images/asics/10406686_02.jpg|data/images/asics/10406686_03.jpg
FRUITSFAMILY,8282024,ASICS,Asics,[270] 아식스 키코 젤키릴3 브론즈 브라운,199000,,270,"아식스 키코 코스타디노브 콜라보 제품입니다
새상품

우발 우측 뒷면에 약간의 찍힘이 있습니다
매장에서 뭘로 문댄건지 주변이 살짝 허옇네요
두번째 사진 참고
물론 신는데는 아무 지장 없습니다

크림보다 저렴하게 판매합니다
택배 +4000원
이체시 택포",False,https://fruitsfamily.com/product/4xig8/270-%EC%95%84%EC%8B%9D%EC%8A%A4-%ED%82%A4%EC%BD%94-%EC%A0%A4%ED%82%A4%EB%A6%B43-%EB%B8%8C%EB%A1%A0%EC%A6%88-%EB%B8%8C%EB%9D%BC%EC%9A%B4,2026-08-04,https://image.production.fruitsfamily.com/public/product/resized%40width620/xGaZrfhLWm-48C287BE-40D6-4EF6-8087-E8A2A6D3D695.jpg|https://image.production.fruitsfamily.com/public/product/resized%40width620/UJ71NcfGpE-D2EB9566-6D5F-450E-A197-41D43CE07508.jpg|https://image.production.fruitsfamily.com/public/product/resized%40width620/6VjNwtREyJ-C2E17D2C-599C-45DA-9442-344B838CB883.jpg|https://image.production.fruitsfamily.com/public/product/resized%40width620/V89zfA47kI-6F32859C-159A-4A74-BC86-AA5320443BAD.jpg,data/images/asics/8282024_01.jpg|data/images/asics/8282024_02.jpg|data/images/asics/8282024_03.jpg
FRUITSFAMILY,9545792,ASICS,Asics,240cm) 아식스 젤 벤쳐 6 캐리어 그레이,50000,70000,240,"✅상품명 아식스 젤 벤쳐 6 캐리어 그레이 
✅사이즈: 240cm
(사이즈 실측은 상품의 특성 및 측정방식에 따라 1~2cm오차가 발생할 수 있습니다)

✅컨디션: A
✅세탁 후 스타일러도 하여 컨디션 유지

‼️주의사항‼️
🎧확인하지 못한 오염이나 데미지가 있을 수 있기에 이런 것에 예민한 분들은 꼼꼼히 확인 후 제품 구매해주세요
🎧택배비는 5000원/제주-산간지역은 7000원
🎧구매하시기 전에 꼼꼼한 확인 후 구매해주세요
🎧교환과 환불은 어렵습니다!
🎧사진📸은 아이폰 13으로 찍기 때문에 밝기에 따라오차가 있을 수 있습니다!
🎧궁금한 사항이 있으시면 언제든 연락 주세요! 아식스 젤 벤쳐 6 등산화/트레킹화 240 사이즈입니다. 캐리어 그레이 색상으로, 험한 산길에서도 편안하게 착용 가능합니다. 끈으로 사이즈 조절이 가능하며, 튼튼한 내구성을 자랑합니다. 구매 원하시면 바로 안전결제 해주시면 됩니다!",False,https://fruitsfamily.com/product/5olkw/240cm-%EC%95%84%EC%8B%9D%EC%8A%A4-%EC%A0%A4-%EB%B2%A4%EC%B3%90-6-%EC%BA%90%EB%A6%AC%EC%96%B4-%EA%B7%B8%EB%A0%88%EC%9D%B4,2026-08-04,https://image.production.fruitsfamily.com/public/product/resized%40width620/SacIiqlB9-a241ac78e188.jpg|https://image.production.fruitsfamily.com/public/product/resized%40width620/rF1UBWr0Fm-6e1bd3b77143.jpg|https://image.production.fruitsfamily.com/public/product/resized%40width620/NBd0VJ_mFd-21e0a7164cb9.jpg|https://image.production.fruitsfamily.com/public/product/resized%40width620/kbJ7n-v71Q-2bd5af336c76.jpg,data/images/asics/9545792_01.jpg|data/images/asics/9545792_02.jpg|data/images/asics/9545792_03.jpg
FRUITSFAMILY,10287049,ASICS,Asics,아식스 젤퀀텀 키네틱 sp 블랙 265,280000,300000,265,"아식스 젤 퀀텀 키네틱 sp 블랙 265사이즈입니다
올해 초 크림에서 구매했으며
사진보시다싶이 사용감 있습니다
젤 퀀텀 고질병인 앞코 잔주름도 좀있고, 
깔창 아식스 이니셜이 거의 다 지워진 상태입니다.
신발에어 쿠션 옆면도 
미세한 스크래치들이 조금씩있어서
상태에 예민하지 않은분들께 구매 권장드립니다",False,https://fruitsfamily.com/product/64hjd/%EC%95%84%EC%8B%9D%EC%8A%A4-%EC%A0%A4%ED%80%80%ED%85%80-%ED%82%A4%EB%84%A4%ED%8B%B1-sp-%EB%B8%94%EB%9E%99-265,2026-08-04,https://image.production.fruitsfamily.com/public/product/resized%40width620/xAb_3vcLe-f4ce86ec2822.jpg|https://image.production.fruitsfamily.com/public/product/resized%40width620/pOGYs4eBpE-191c0619ecbb.jpg|https://image.production.fruitsfamily.com/public/product/resized%40width620/99jptaUKaA-1c73e48023a5.jpg|https://image.production.fruitsfamily.com/public/product/resized%40width620/2-4oxGKISx-93f67602e96a.jpg|https://image.production.fruitsfamily.com/public/product/resized%40width620/hh-8jtDLAb-f694fa5d46c2.jpg|https://image.production.fruitsfamily.com/public/product/resized%40width620/W3mxDtNrA3-30801a7d1e87.jpg|https://image.production.fruitsfamily.com/public/product/resized%40width620/skPwwE-YZ-9f2ece381f1c.jpg,data/images/asics/10287049_01.jpg|data/images/asics/10287049_02.jpg|data/images/asics/10287049_03.jpg
FRUITSFAMILY,9390062,ASICS,Asics,[282.5]아식스 키코 노발리스 젤 테레모아,100000,,280,"더이상 가격 안내립니다
사용감 있어요
에눌,반품,교환,환불 x입니다 신중하게 구매해주세요 
ㄱㅈ거래시 수수료 없어요",False,https://fruitsfamily.com/product/5l9f2/282-5-%EC%95%84%EC%8B%9D%EC%8A%A4-%ED%82%A4%EC%BD%94-%EB%85%B8%EB%B0%9C%EB%A6%AC%EC%8A%A4-%EC%A0%A4-%ED%85%8C%EB%A0%88%EB%AA%A8%EC%95%84,2026-08-04,https://image.production.fruitsfamily.com/public/product/resized%40width620/6b90JRe7Z-8850aff695fc.jpg|https://image.production.fruitsfamily.com/public/product/resized%40width620/IyQUGkpFSx-2f39d9588c91.jpg|https://image.production.fruitsfamily.com/public/product/resized%40width620/N1GDCb-FKb-0330e0193cef.jpg|https://image.production.fruitsfamily.com/public/product/resized%40width620/BLuC85z2Sl-ecd7ed8d494a.jpg|https://image.production.fruitsfamily.com/public/product/resized%40width620/fhU5Oj3h4r-06b18fe0a972.jpg,data/images/asics/9390062_01.jpg|data/images/asics/9390062_02.jpg|data/images/asics/9390062_03.jpg
FRUITSFAMILY,10353385,ASICS,Asics,아식스 키코 프로토블라스트 265,75000,,265,"아식스 키코 프로토블라스트
265mm 신발이많아 정리합니다 사용감 적습니다",False,https://fruitsfamily.com/product/65wq1/%EC%95%84%EC%8B%9D%EC%8A%A4-%ED%82%A4%EC%BD%94-%ED%94%84%EB%A1%9C%ED%86%A0%EB%B8%94%EB%9D%BC%EC%8A%A4%ED%8A%B8-265,2026-08-04,https://image.production.fruitsfamily.com/public/product/resized%40width620/y9rE1C8Fz-078630f7f2ac.jpg|https://image.production.fruitsfamily.com/public/product/resized%40width620/O5rlk73Iq--63ab932c62dc.jpg|https://image.production.fruitsfamily.com/public/product/resized%40width620/jM7bzOATTd-b346aedeed7a.jpg|https://image.production.fruitsfamily.com/public/product/resized%40width620/h9eOUtyLnV-8725a07e7699.jpg,data/images/asics/10353385_01.jpg|data/images/asics/10353385_02.jpg|data/images/asics/10353385_03.jpg
FRUITSFAMILY,9949387,ASICS,Asics,젤-님버스 10.1 - 피드몬트그레이:블랙 270 새상품,120000,,270,"새상품인 아식스 젤-님버스 10.1 피드몬트그레이:블랙 270 사이즈 판매합니다.
신발 박스도 그대로 있으며, 전혀 사용하지 않은 새상품입니다.
깔끔한 디자인으로 어디에나 잘 어울리는 제품입니다.
구매 원하시면 바로 안전결제 해주시면 됩니다!",False,https://fruitsfamily.com/product/5x8zv/%EC%A0%A4-%EB%8B%98%EB%B2%84%EC%8A%A4-10-1-%ED%94%BC%EB%93%9C%EB%AA%AC%ED%8A%B8%EA%B7%B8%EB%A0%88%EC%9D%B4-%EB%B8%94%EB%9E%99-270-%EC%83%88%EC%83%81%ED%92%88,2026-08-04,https://image.production.fruitsfamily.com/public/product/resized%40width620/iA_EVpVvO-9a7fe80d232c.jpg|https://image.production.fruitsfamily.com/public/product/resized%40width620/3jk_EesKzB-90295bfae751.jpg|https://image.production.fruitsfamily.com/public/product/resized%40width620/Qwt1990R2B-afef664585d4.jpg,data/images/asics/9949387_01.jpg|data/images/asics/9949387_02.jpg|data/images/asics/9949387_03.jpg
FRUITSFAMILY,8897446,ASICS,Asics,Gmhb 아식스 젤차팔,250000,500000,280,"3번째 사진을 보시다 싶히 아식스 로고가 이사 과정중에 사라졌습니다😢

사이즈 미스 이슈로 판매합니다",False,https://fruitsfamily.com/product/5apba/gmhb-%EC%95%84%EC%8B%9D%EC%8A%A4-%EC%A0%A4%EC%B0%A8%ED%8C%94,2026-08-04,https://image.production.fruitsfamily.com/public/product/resized%40width620/wiq51lZCT4-25d44c631108.jpg|https://image.production.fruitsfamily.com/public/product/resized%40width620/ESJQpBqDEo-ced26e507432.jpg|https://image.production.fruitsfamily.com/public/product/resized%40width620/q1Ap1NnMao-cf26c9e5ac46.jpg,data/images/asics/8897446_01.jpg|data/images/asics/8897446_02.jpg|data/images/asics/8897446_03.jpg
FRUITSFAMILY,10072284,ASICS,Asics,아식스 젤 카하나 TR V2 실버 블랙 운동화 240,80000,85000,240,"사이즈 240입니다^^
상태 깔끔하고 사용감 많지 않습니다.",False,https://fruitsfamily.com/product/5zvto/%EC%95%84%EC%8B%9D%EC%8A%A4-%EC%A0%A4-%EC%B9%B4%ED%95%98%EB%82%98-tr-v2-%EC%8B%A4%EB%B2%84-%EB%B8%94%EB%9E%99-%EC%9A%B4%EB%8F%99%ED%99%94-240,2026-08-04,https://image.production.fruitsfamily.com/public/product/resized%40width620/Vt4M7Cics-da0c1774015b.jpg|https://image.production.fruitsfamily.com/public/product/resized%40width620/z7Z1CLOvgK-24df7f00b19d.jpg|https://image.production.fruitsfamily.com/public/product/resized%40width620/eu-tghfQUB-3df1ad154d8a.jpg|https://image.production.fruitsfamily.com/public/product/resized%40width620/4kwRJwjJ46-33e72767a671.jpg|https://image.production.fruitsfamily.com/public/product/resized%40width620/ZOuZqalf6J-9290f2eda764.jpg|https://image.production.fruitsfamily.com/public/product/resized%40width620/noyH5hNh_I-eafc4945c257.jpg|https://image.production.fruitsfamily.com/public/product/resized%40width620/Kz-rTUsK3J-68932c67596e.jpg|https://image.production.fruitsfamily.com/public/product/resized%40width620/L8BVoF_R6w-73f3bb86a0b1.jpg,data/images/asics/10072284_01.jpg|data/images/asics/10072284_02.jpg|data/images/asics/10072284_03.jpg
FRUITSFAMILY,9561495,ASICS,Asics,아식스 씨피컴퍼니 젤퀀텀 360 285,170000,,285,"실착 2회 했어요

사이즈 285

박스 구성 . 택배 과정에서 박스 조금 찌그러졌어요.

운송비 5천원",False,https://fruitsfamily.com/product/5oxp3/%EC%95%84%EC%8B%9D%EC%8A%A4-%EC%94%A8%ED%94%BC%EC%BB%B4%ED%8D%BC%EB%8B%88-%EC%A0%A4%ED%80%80%ED%85%80-360-285,2026-08-04,https://image.production.fruitsfamily.com/public/product/resized%40width620/Zz1S_ianc-7981b31f01ee.jpg|https://image.production.fruitsfamily.com/public/product/resized%40width620/YafuPuE778-4f41cd252fc2.jpg|https://image.production.fruitsfamily.com/public/product/resized%40width620/pY6vtUw4pS-424085f600cf.jpg|https://image.production.fruitsfamily.com/public/product/resized%40width620/iqpv_wm4Qt-e716c39b20e6.jpg|https://image.production.fruitsfamily.com/public/product/resized%40width620/mlHpuNPil-d99b0257b510.jpg|https://image.production.fruitsfamily.com/public/product/resized%40width620/B19DVUgjpr-9f4c739938b0.jpg|https://image.production.fruitsfamily.com/public/product/resized%40width620/Y91lRjNtSy-4dcbd371a586.jpg,data/images/asics/9561495_01.jpg|data/images/asics/9561495_02.jpg|data/images/asics/9561495_03.jpg
FRUITSFAMILY,9847699,ASICS,Asics,아식스 젤 님버스 10.1 콘크리트 페더 그레이 260,125000,189000,260,"살짝 작게 나온 감이 있습니다
정가 189,000원
실물 예뻐요
수수료 판매자 부담",False,https://fruitsfamily.com/product/5v2j7/%EC%95%84%EC%8B%9D%EC%8A%A4-%EC%A0%A4-%EB%8B%98%EB%B2%84%EC%8A%A4-10-1-%EC%BD%98%ED%81%AC%EB%A6%AC%ED%8A%B8-%ED%8E%98%EB%8D%94-%EA%B7%B8%EB%A0%88%EC%9D%B4-260,2026-08-04,https://image.production.fruitsfamily.com/public/product/resized%40width620/indV_EkAl-a0f6ab20b819.jpg|https://image.production.fruitsfamily.com/public/product/resized%40width620/6sBQApvifU-7d4cf0f70edc.jpg|https://image.production.fruitsfamily.com/public/product/resized%40width620/ejy91JyAG_-191b82cf5eca.jpg,data/images/asics/9847699_01.jpg|data/images/asics/9847699_02.jpg|data/images/asics/9847699_03.jpg
FRUITSFAMILY,10364932,ASICS,Asics,아식스 세실리에반센 GT-2160 하바네로 245,170000,,245,"몇번 신고다녀서 약간의 사용감있습니다
사진 자세히 찍어놓았으니 보시고 구매결정해주세요",False,https://fruitsfamily.com/product/665ms/%EC%95%84%EC%8B%9D%EC%8A%A4-%EC%84%B8%EC%8B%A4%EB%A6%AC%EC%97%90%EB%B0%98%EC%84%BC-gt-2160-%ED%95%98%EB%B0%94%EB%84%A4%EB%A1%9C-245,2026-08-04,https://image.production.fruitsfamily.com/public/product/resized%40width620/FhQnJjCUf-84c9f7a2a4dd.jpg|https://image.production.fruitsfamily.com/public/product/resized%40width620/719B0xUs50-132695dea90c.jpg|https://image.production.fruitsfamily.com/public/product/resized%40width620/86TnoHhPG_-de4e1ae73cec.jpg|https://image.production.fruitsfamily.com/public/product/resized%40width620/pc6PSwTvuE-065803c01849.jpg|https://image.production.fruitsfamily.com/public/product/resized%40width620/6A4vPZ8zW_-b8c2d026e400.jpg|https://image.production.fruitsfamily.com/public/product/resized%40width620/8PEgZvU5y8-0f90b17b62c2.jpg,data/images/asics/10364932_01.jpg|data/images/asics/10364932_02.jpg|data/images/asics/10364932_03.jpg
FRUITSFAMILY,9546926,ASICS,Asics,아식스 노바블라스트 4 검정 형광,104000,130000,265,"작년 5월에 구매한 노바블라스트 4 입니다 
보시다시피 상태 좋고 다른 러닝화들과 번갈아가며 신어서 
1년 종일 신은건 아닙니다 달에 한번 신을까말까 였습니다! 

size 265mm",False,https://fruitsfamily.com/product/5omge/%EC%95%84%EC%8B%9D%EC%8A%A4-%EB%85%B8%EB%B0%94%EB%B8%94%EB%9D%BC%EC%8A%A4%ED%8A%B8-4-%EA%B2%80%EC%A0%95-%ED%98%95%EA%B4%91,2026-08-04,https://image.production.fruitsfamily.com/public/product/resized%40width620/xLVZFeBwR-393f395d5fdf.jpg|https://image.production.fruitsfamily.com/public/product/resized%40width620/C9cClxMxG-1b15c4f439d5.jpg|https://image.production.fruitsfamily.com/public/product/resized%40width620/5ITi_BlA4V-24e66e9f746f.jpg,data/images/asics/9546926_01.jpg|data/images/asics/9546926_02.jpg|data/images/asics/9546926_03.jpg
FRUITSFAMILY,8861759,ASICS,Asics,280 아식스 x 엔더슨벨 젤 1090 글레이셔 그레이 실버,580000,600000,280,"280 아식스 x 엔더슨벨 젤 1090 글레이셔 그레이 실버
풀구성품
2회 단시간 착용후 보관만 했습니다
매우 깨긋합니다",False,https://fruitsfamily.com/product/59xrz/280-%EC%95%84%EC%8B%9D%EC%8A%A4-x-%EC%97%94%EB%8D%94%EC%8A%A8%EB%B2%A8-%EC%A0%A4-1090-%EA%B8%80%EB%A0%88%EC%9D%B4%EC%85%94-%EA%B7%B8%EB%A0%88%EC%9D%B4-%EC%8B%A4%EB%B2%84,2026-08-04,https://image.production.fruitsfamily.com/public/product/resized%40width620/9ESSVAu7h-e8ba73c9ad20.jpg|https://image.production.fruitsfamily.com/public/product/resized%40width620/4kJiLZFpMJ-84e4d04aabd1.jpg|https://image.production.fruitsfamily.com/public/product/resized%40width620/QcpRT_Q2or-b525601008fb.jpg|https://image.production.fruitsfamily.com/public/product/resized%40width620/vgS9ixdAc8-fa10fb0324d7.jpg|https://image.production.fruitsfamily.com/public/product/resized%40width620/LwsG-d4Sgh-cd899e45f242.jpg,data/images/asics/8861759_01.jpg|data/images/asics/8861759_02.jpg|data/images/asics/8861759_03.jpg
FRUITSFAMILY,9786850,ASICS,Asics,아식스 로테리브레 265 배구화 체대입시 배드민턴 테니스,140000,200000,265,"아식스 로테 리브레 배구화 265 사이즈입니다
실내운동 최적화 1짱 신발입니다
현재 단종되어 구하지 못하는상품입니다
보시다시피 많이 안신어서 바닥, 외부 상태 최상급입니다",False,https://fruitsfamily.com/product/5trky/%EC%95%84%EC%8B%9D%EC%8A%A4-%EB%A1%9C%ED%85%8C%EB%A6%AC%EB%B8%8C%EB%A0%88-265-%EB%B0%B0%EA%B5%AC%ED%99%94-%EC%B2%B4%EB%8C%80%EC%9E%85%EC%8B%9C-%EB%B0%B0%EB%93%9C%EB%AF%BC%ED%84%B4-%ED%85%8C%EB%8B%88%EC%8A%A4,2026-08-04,https://image.production.fruitsfamily.com/public/product/resized%40width620/zCIhBOqlF-80397f678d7f.jpg|https://image.production.fruitsfamily.com/public/product/resized%40width620/qeXy-yO0ef-af6d28095c47.jpg|https://image.production.fruitsfamily.com/public/product/resized%40width620/WmbRETCje9-d9de801d7ec9.jpg|https://image.production.fruitsfamily.com/public/product/resized%40width620/C_qfobgjOT-09c8fbba319b.jpg|https://image.production.fruitsfamily.com/public/product/resized%40width620/U2rvxCQpDm-131db1cd0ce0.jpg,data/images/asics/9786850_01.jpg|data/images/asics/9786850_02.jpg|data/images/asics/9786850_03.jpg
FRUITSFAMILY,9882870,ASICS,Asics,아식스 키코 젤 키릴2 그라파이트 그레이,350000,420000,285,"벨크로 안쪽 부분 약간의 보풀을 제외하고 
전체적으로 깨끗합니다

박스가 없어 다른 박스에 넣어서 판매합니다",False,https://fruitsfamily.com/product/5vto6/%EC%95%84%EC%8B%9D%EC%8A%A4-%ED%82%A4%EC%BD%94-%EC%A0%A4-%ED%82%A4%EB%A6%B42-%EA%B7%B8%EB%9D%BC%ED%8C%8C%EC%9D%B4%ED%8A%B8-%EA%B7%B8%EB%A0%88%EC%9D%B4,2026-08-04,https://image.production.fruitsfamily.com/public/product/resized%40width620/PBmSCpsh8-131e0e4616ff.jpg|https://image.production.fruitsfamily.com/public/product/resized%40width620/sVY8OevzOe-a92c9a915e5a.jpg|https://image.production.fruitsfamily.com/public/product/resized%40width620/O_W7pKpKn_-0717b09e7d2f.jpg|https://image.production.fruitsfamily.com/public/product/resized%40width620/NE2qZJNohR-5f92933538ee.jpg|https://image.production.fruitsfamily.com/public/product/resized%40width620/-F5Ar39bw9-de6b1ba884be.jpg,data/images/asics/9882870_01.jpg|data/images/asics/9882870_02.jpg|data/images/asics/9882870_03.jpg
FRUITSFAMILY,10394865,Dr. Martens,Dr. Martens,닥터마틴 패트리샤 uk4 230 블랙 ,180000,,230,"3번 착용, 230 사이즈

가죽 소재 특성상 주름 및 스크레치 있을 수 있습니다.

택배봉투 포장해서 보낼 거여서 박스 찌그러질 수 있음

상태 사진과 같음

즉입 거래만 합니다. 
후르츠 결제 시 취소 및 차단

구매문의 채팅 
반택 +2500 편택 +5000",False,https://fruitsfamily.com/product/66sq9/%EB%8B%A5%ED%84%B0%EB%A7%88%ED%8B%B4-%ED%8C%A8%ED%8A%B8%EB%A6%AC%EC%83%A4-uk4-230-%EB%B8%94%EB%9E%99,2026-08-04,https://image.production.fruitsfamily.com/public/product/resized%40width620/aLXOxlAMY-9a01465c2be6.jpg|https://image.production.fruitsfamily.com/public/product/resized%40width620/0MWSKhHrHB-6a651e7c0a02.jpg|https://image.production.fruitsfamily.com/public/product/resized%40width620/KGLwsKJrkJ-d7013bef0527.jpg|https://image.production.fruitsfamily.com/public/product/resized%40width620/uo4vkVk6aK-8100f2cf380c.jpg|https://image.production.fruitsfamily.com/public/product/resized%40width620/lgjWGP0Uj5-97cfbcce62a6.jpg|https://image.production.fruitsfamily.com/public/product/resized%40width620/j16Qg_zDlY-db27c46f7359.jpg|https://image.production.fruitsfamily.com/public/product/resized%40width620/F4ytFJsUKr-28571bd049e6.jpg|https://image.production.fruitsfamily.com/public/product/resized%40width620/ZGvexAoUfs-1a7a3ae6fb24.jpg,data/images/dr_martens/10394865_01.jpg|data/images/dr_martens/10394865_02.jpg|data/images/dr_martens/10394865_03.jpg
FRUITSFAMILY,9681379,Dr. Martens,Dr. Martens,닥터마틴 1460 크레이지 호스 uk7,99000,147000,260,"5회착정도 했습니다
상태좋습니다
박스,구성품 없는 단품

이체시 택포로 보내드립니다",False,https://fruitsfamily.com/product/5ri77/%EB%8B%A5%ED%84%B0%EB%A7%88%ED%8B%B4-1460-%ED%81%AC%EB%A0%88%EC%9D%B4%EC%A7%80-%ED%98%B8%EC%8A%A4-uk7,2026-08-04,https://image.production.fruitsfamily.com/public/product/resized%40width620/q8Hm9T3oY-f2d0b42cb518.png|https://image.production.fruitsfamily.com/public/product/resized%40width620/O6NSgLoav2-ca38a7d4f014.jpg|https://image.production.fruitsfamily.com/public/product/resized%40width620/2qclWUcSJn-693be30d500a.jpg|https://image.production.fruitsfamily.com/public/product/resized%40width620/AS0VSx5V_O-14ffb4efe09a.jpg|https://image.production.fruitsfamily.com/public/product/resized%40width620/h9arRdk-jL-a5e4472410bb.jpg|https://image.production.fruitsfamily.com/public/product/resized%40width620/XvFRAna9fF-60158d6999ac.jpg|https://image.production.fruitsfamily.com/public/product/resized%40width620/B5NhtgIrHR-7a07c45bfdcd.jpg|https://image.production.fruitsfamily.com/public/product/resized%40width620/jBa--nBtw0-4cee2cabc9fb.jpg|https://image.production.fruitsfamily.com/public/product/resized%40width620/319ohbhwRu-7d9515a5dc92.jpg|https://image.production.fruitsfamily.com/public/product/resized%40width620/iA4zwZ2c9G-e71efeac3450.jpg,data/images/dr_martens/9681379_01.jpg|data/images/dr_martens/9681379_02.jpg|data/images/dr_martens/9681379_03.jpg
FRUITSFAMILY,9820178,Dr. Martens,Dr. Martens,닥터마틴 나파 부츠(280),150000,170000,280,"크림에서 구매 스타일변경으로 판매

사이즈: 280

상태: 1번착용 거의 새상품(신발 단품)

쿨거시 택포가능합니다 연락주세요.",False,https://fruitsfamily.com/product/5uhaq/%EB%8B%A5%ED%84%B0%EB%A7%88%ED%8B%B4-%EB%82%98%ED%8C%8C-%EB%B6%80%EC%B8%A0-280,2026-08-04,https://image.production.fruitsfamily.com/public/product/resized%40width620/WyDSU-_7S-17f19b0a3cc0.jpg|https://image.production.fruitsfamily.com/public/product/resized%40width620/tRF78tpA-s-dcccff6482f2.jpg|https://image.production.fruitsfamily.com/public/product/resized%40width620/bcNcg26mOw-b27ec02556e2.jpg|https://image.production.fruitsfamily.com/public/product/resized%40width620/G_Hh3r0vF--d36c9076456a.jpg|https://image.production.fruitsfamily.com/public/product/resized%40width620/doHDpGCEhE-6c97f07c5b26.jpg,data/images/dr_martens/9820178_01.jpg|data/images/dr_martens/9820178_02.jpg|data/images/dr_martens/9820178_03.jpg
FRUITSFAMILY,7542765,Dr. Martens,Dr. Martens,새상품) 닥터마틴 1461 누벅 그레이 220,200000,,220,"새상품 
220사이즈긴 하나 크게 나온 거 같아 230분들도 신으실 수 있을듯합니다

바로 결제해주시면 됩니다 찔러보기 차단    
계좌거래시 반택도 가능 환불 x 네고 x",False,https://fruitsfamily.com/product/4ho19/%EC%83%88%EC%83%81%ED%92%88-%EB%8B%A5%ED%84%B0%EB%A7%88%ED%8B%B4-1461-%EB%88%84%EB%B2%85-%EA%B7%B8%EB%A0%88%EC%9D%B4-220,2026-08-04,https://image.production.fruitsfamily.com/public/product/resized%40width620/CVwfwBPB8k-1B889A70-8F8F-4823-9CF1-FD3058B6D9A0.jpg|https://image.production.fruitsfamily.com/public/product/resized%40width620/9FnaZioPr-B3E8BECA-98EF-440E-B47C-9AB410C6701A.jpg|https://image.production.fruitsfamily.com/public/product/resized%40width620/cXHZRnVwtc-0F1A50FB-1C83-46D4-A626-0AE983F43F79.jpg|https://image.production.fruitsfamily.com/public/product/resized%40width620/sGa4nUD5dm-B75A90BC-C969-4BA2-A5D5-4945F74E3B72.jpg,data/images/dr_martens/7542765_01.jpg|data/images/dr_martens/7542765_02.jpg|data/images/dr_martens/7542765_03.jpg
FRUITSFAMILY,9999535,Dr. Martens,Dr. Martens,닥터마틴 조지 뮬,91000,130000,240,"닥터마틴 조지 RVE 브라운 색상 뮬입니다. uk5(240)
편안한 착용감과 빈티지한 매력이 돋보이는 제품이에요
여름,봄,가을에 신기 정말 최고인 아이템입니다
남여 공용이고 240-245 신을 수 있어요 
가죽 소재로 고급스러움을 더했으며, 버클 디테일이 포인트랍니다
데일리룩에 멋스럽게 매치하기 좋은 슈즈예요
반품 환불 x",False,https://fruitsfamily.com/product/5ybov/%EB%8B%A5%ED%84%B0%EB%A7%88%ED%8B%B4-%EC%A1%B0%EC%A7%80-%EB%AE%AC,2026-08-04,https://image.production.fruitsfamily.com/public/product/resized%40width620/IzuFdMuUA-5dc008f0cd64.jpg|https://image.production.fruitsfamily.com/public/product/resized%40width620/7A3N90qyhE-f440cc668fb6.jpg|https://image.production.fruitsfamily.com/public/product/resized%40width620/r_0ojFLTiC-ee816359dfcb.jpg|https://image.production.fruitsfamily.com/public/product/resized%40width620/JUJciTRVFi-dc49945014e6.jpg|https://image.production.fruitsfamily.com/public/product/resized%40width620/3tWPcDYcUU-214ee9bd2e35.jpg|https://image.production.fruitsfamily.com/public/product/resized%40width620/vxGghlz2oZ-269ac6487088.jpg|https://image.production.fruitsfamily.com/public/product/resized%40width620/5jzoCU8DDD-d334af4d9835.jpg|https://image.production.fruitsfamily.com/public/product/resized%40width620/0v8seU-HiK-4295800fd0b8.jpg|https://image.production.fruitsfamily.com/public/product/resized%40width620/4aDssEKlgr-1386f5faca11.jpg|https://image.production.fruitsfamily.com/public/product/resized%40width620/PiJk6OMpD-30cc4bf9c349.jpg,data/images/dr_martens/9999535_01.jpg|data/images/dr_martens/9999535_02.jpg|data/images/dr_martens/9999535_03.jpg
FRUITSFAMILY,10356134,Dr. Martens,Dr. Martens,닥터마틴 1461 스무스 블랙,81000,90000,290,"닥터마틴 1461 스무스 블랙입니다.
키우는 강아지가 끈을 물어뜯어서 손상되었습니다. 
끈은 공식홈에서 판매합니다.
뒷굼치쪽이 좀 까져있고 앞코 쪽에도 살짝의 이염이있습니다.
네고 문의는 편하게 해주세요.",False,https://fruitsfamily.com/product/65yue/%EB%8B%A5%ED%84%B0%EB%A7%88%ED%8B%B4-1461-%EC%8A%A4%EB%AC%B4%EC%8A%A4-%EB%B8%94%EB%9E%99,2026-08-04,https://image.production.fruitsfamily.com/public/product/resized%40width620/owJuhhUXS-0cc7de5cb454.jpg|https://image.production.fruitsfamily.com/public/product/resized%40width620/VqbpQVN3Ge-e356f61de9a1.jpg|https://image.production.fruitsfamily.com/public/product/resized%40width620/byYRsUgf39-f7db80d29e27.jpg|https://image.production.fruitsfamily.com/public/product/resized%40width620/vaxN1HOJkO-5eedb4b54280.jpg|https://image.production.fruitsfamily.com/public/product/resized%40width620/rE-1xgKCML-f5eca9ff9e81.jpg,data/images/dr_martens/10356134_01.jpg|data/images/dr_martens/10356134_02.jpg|data/images/dr_martens/10356134_03.jpg
FRUITSFAMILY,10305901,Dr. Martens,Dr. Martens,닥터마틴 애니스톤 하네스 앵클 부츠 탄 - 290,130000,,290,"구매 후 집에서 한번 신어봤는데 사이즈가 저한테 작아서 방치하다가 밖에는 못 신고 나가고 처분합니다ㅠㅠ
290 박스는 버려서 300사이즈 박스에 넣어서 보내드릴게요",False,https://fruitsfamily.com/product/64w31/%EB%8B%A5%ED%84%B0%EB%A7%88%ED%8B%B4-%EC%95%A0%EB%8B%88%EC%8A%A4%ED%86%A4-%ED%95%98%EB%84%A4%EC%8A%A4-%EC%95%B5%ED%81%B4-%EB%B6%80%EC%B8%A0-%ED%83%84-290,2026-08-04,https://image.production.fruitsfamily.com/public/product/resized%40width620/E38uv7Nbx-bd6894a81ede.jpg|https://image.production.fruitsfamily.com/public/product/resized%40width620/sOtLIkQ-Fr-1c52b156eb20.jpg|https://image.production.fruitsfamily.com/public/product/resized%40width620/tXODfxlih5-04b7c0b46231.jpg,data/images/dr_martens/10305901_01.jpg|data/images/dr_martens/10305901_02.jpg|data/images/dr_martens/10305901_03.jpg
FRUITSFAMILY,10028139,Dr. Martens,Dr. Martens,닥터마틴 1461 280,105000,,280,"닥터마틴 1461 280

사이즈: 280

단시간 실착 1회 

상품 상태는 아주 좋습니다

사진을 확인해주세요

상품은 한개 선착순 한분입니다

결제우선으로 판매합니다

문의 없으시면 바로 안전결제해주시면 됩니다",False,https://fruitsfamily.com/product/5yxrf/%EB%8B%A5%ED%84%B0%EB%A7%88%ED%8B%B4-1461-280,2026-08-04,https://image.production.fruitsfamily.com/public/product/resized%40width620/h4PCbMTCC-d4400bf799f3.jpg|https://image.production.fruitsfamily.com/public/product/resized%40width620/FWDJNqhPwa-300b397484c1.jpg|https://image.production.fruitsfamily.com/public/product/resized%40width620/-12kwqQrlS-4267bd8edf74.jpg|https://image.production.fruitsfamily.com/public/product/resized%40width620/c2KHGRnVrL-f80552926bab.jpg|https://image.production.fruitsfamily.com/public/product/resized%40width620/TBWZfyq3Ou-13076eb9d576.jpg,data/images/dr_martens/10028139_01.jpg|data/images/dr_martens/10028139_02.jpg|data/images/dr_martens/10028139_03.jpg
FRUITSFAMILY,6503573,Dr. Martens,Dr. Martens,"(220size) [원가_220,000원] 아이샴 빈티지 스무스 블랙",117000,219000,220,"- 버클 스트랩을 활용해 2가지 스타일로 연출할 수 있는 슈즈

- 은은한 광택과 뛰어난 내구성이 특징인 스무스 가죽 소재 사용

- 착화의 편리함을 돕는 발등 부분의 밴드

- 옐로 컬러 웰트 스티치로 아이코닉 무드 선사

- 튼튼한 내구성을 자랑하는 굿이어 웰트 공법으로 제작

- 뛰어난 접지력을 제공하는 에어쿠션 아웃솔

- 조절 가능한 스트랩과 로우힐이 하루종일 편안함을 주는 슬리퍼

- 천연 소가죽 100% 사용

<SIZE GUIDE >
사이즈 : 정사이즈
발목 높이 : 로우
발볼 넓이 : 보통
무게감 : 보통",False,https://fruitsfamily.com/product/3ve6t/220size-%EC%9B%90%EA%B0%80-220-000%EC%9B%90-%EC%95%84%EC%9D%B4%EC%83%B4-%EB%B9%88%ED%8B%B0%EC%A7%80-%EC%8A%A4%EB%AC%B4%EC%8A%A4-%EB%B8%94%EB%9E%99,2026-08-04,https://image.production.fruitsfamily.com/public/product/resized%40width620/wtjDrR9hkp-4CD4435C-C720-447B-81C8-57111B4AFE19.jpg|https://image.production.fruitsfamily.com/public/product/resized%40width620/mDX6CUdye7-55524162-085B-47EB-BFE1-3CD0BB89F7FE.jpg|https://image.production.fruitsfamily.com/public/product/resized%40width620/tqLOkcYuIw-76799622-D208-4AF5-8743-5FA30B22430C.jpg|https://image.production.fruitsfamily.com/public/product/resized%40width620/fgSGxGRAPp-07B07FF7-C30F-4353-896D-2E9BA53B36A1.jpg|https://image.production.fruitsfamily.com/public/product/resized%40width620/tuyyVMD5Xt-8F689E36-6EDA-49E5-87CC-434F97A96EA0.jpg|https://image.production.fruitsfamily.com/public/product/resized%40width620/ZX8ILpnWWy-2BECC551-829C-4E51-A37A-36FA492FEE77.jpg|https://image.production.fruitsfamily.com/public/product/resized%40width620/sDEv1q7pL-92BB8A6C-4956-4782-8BAB-B47B2A9E8232.jpg,data/images/dr_martens/6503573_01.jpg|data/images/dr_martens/6503573_02.jpg|data/images/dr_martens/6503573_03.jpg
FRUITSFAMILY,9767996,Dr. Martens,Dr. Martens,닥터마틴 1461 모노 블랙  US6 (240) S급,81000,90000,240,"한번 신고 보관중입니다 아예 새상품 컨디션이라 봐도 무방해요 

직거래 7호선 청담부터 노원 또는 삼성 코엑스에서 가능합니다",False,https://fruitsfamily.com/product/5td18/%EB%8B%A5%ED%84%B0%EB%A7%88%ED%8B%B4-1461-%EB%AA%A8%EB%85%B8-%EB%B8%94%EB%9E%99-us6-240-s%EA%B8%89,2026-08-04,https://image.production.fruitsfamily.com/public/product/resized%40width620/0BvEUBJHh-d04390472fb7.jpg|https://image.production.fruitsfamily.com/public/product/resized%40width620/6DPDZLXm_8-7db2eb647378.jpg|https://image.production.fruitsfamily.com/public/product/resized%40width620/Z7prIWZ6F6-f3706b9d3e63.jpg|https://image.production.fruitsfamily.com/public/product/resized%40width620/nDo9NH4Pqp-8fc8b6c090b5.jpg|https://image.production.fruitsfamily.com/public/product/resized%40width620/0ZtPFAGneI-82e0fb74e535.jpg,data/images/dr_martens/9767996_01.jpg|data/images/dr_martens/9767996_02.jpg|data/images/dr_martens/9767996_03.jpg
FRUITSFAMILY,9900516,Dr. Martens,Dr. Martens,닥터마틴 3989 윙팁 250(uk6),96000,135000,250,"닥터마틴 3989 윙팁 슈즈 250 사이즈 (UK6) 판매합니다. 굽도 적당하고 윙팁 디자인이라 정장, 캐주얼 어디에나 잘 어울립니다. 튼튼한 가죽 소재로 오래 신으실 수 있어요. 구매 원하시면 바로 안전결제 해주시면 됩니다!
교환 환불 x",False,https://fruitsfamily.com/product/5w7ac/%EB%8B%A5%ED%84%B0%EB%A7%88%ED%8B%B4-3989-%EC%9C%99%ED%8C%81-250-uk6,2026-08-04,https://image.production.fruitsfamily.com/public/product/resized%40width620/9nVgCAZ1S-96820fb41e24.jpg|https://image.production.fruitsfamily.com/public/product/resized%40width620/tIwTejVHCX-c343d35186a5.jpg|https://image.production.fruitsfamily.com/public/product/resized%40width620/vhTS7EVcIa-31f5172baf68.jpg|https://image.production.fruitsfamily.com/public/product/resized%40width620/OOjTpfMcVb-be96a2cbd616.jpg|https://image.production.fruitsfamily.com/public/product/resized%40width620/Em5NkxAAcS-668e27b6b945.jpg,data/images/dr_martens/9900516_01.jpg|data/images/dr_martens/9900516_02.jpg|data/images/dr_martens/9900516_03.jpg
FRUITSFAMILY,10144723,Dr. Martens,Dr. Martens,[42] VTG 닥터마틴 1461 3홀 -270-275,138000,,270,"🔆🔆빈티지 특성상 교환, 환불 절대 불가능하오니 신중한 구매 부탁드립니다

🍁측정방법에 따른 오차 [1-2센치] 있을 수 있습니다 해상도, 폰 기종에 따라 실제 색상과 다르게 보일 수 있습니다 

🍁 색상은 화면 밝기에 따라 차이가 있을 수 있습니다!!
색상에 대해 궁금하신 점이 있으시면 구매 전에 꼭 문의 부탁드립니다! 

🍁검수과정을 거쳐 데미지나 이염이 있을시에 사진으로 알려드리지만 간혹 작은 이염을 놓칠수도 있습니다 

📩 가격 협의 가능합니다

❌❌❌이런 부분에 분들은 구매 피해주세요 🙏🏼",False,https://fruitsfamily.com/product/61fpv/42-vtg-%EB%8B%A5%ED%84%B0%EB%A7%88%ED%8B%B4-1461-3%ED%99%80-270-275,2026-08-04,https://image.production.fruitsfamily.com/public/product/resized%40width620/fP5KhmM4W-a4feb4afc11a.jpg|https://image.production.fruitsfamily.com/public/product/resized%40width620/WGTN9U3Eg9-0a986731f557.jpg|https://image.production.fruitsfamily.com/public/product/resized%40width620/58Zv1Nil49-1cb80536354e.jpg|https://image.production.fruitsfamily.com/public/product/resized%40width620/ufOv4cDer_-d19b62a46806.jpg|https://image.production.fruitsfamily.com/public/product/resized%40width620/uTEEQhe9kY-5b8602571326.jpg|https://image.production.fruitsfamily.com/public/product/resized%40width620/Yd4wloqK5P-7098bc45b593.jpg|https://image.production.fruitsfamily.com/public/product/resized%40width620/gG-MuYjC03-54460055db21.jpg|https://image.production.fruitsfamily.com/public/product/resized%40width620/mugxjKc7QB-00afdef4e1d4.jpg|https://image.production.fruitsfamily.com/public/product/resized%40width620/cKtTtdKVCy-8743ce5757b9.jpg,data/images/dr_martens/10144723_01.jpg|data/images/dr_martens/10144723_02.jpg|data/images/dr_martens/10144723_03.jpg
FRUITSFAMILY,9946537,Dr. Martens,Dr. Martens,닥터마틴 크레이지호스 1461 220 사이즈,180000,200000,220,"작년에 오프라인 매장에서 예약해서 구매했습니다!
굽 높은 신발을 좋아하다보니 손이 안 가서 팔아요
크게 나와서 230까지 가능한데 평소 닥마 신어보신 분들은 아실겁니다! 환불 절대 불가

상태 사진에서 확인해주세용
아웃박스 크기가 있어서 아웃박스까지 원하시면 배송비 5000원 입니다! (박스가격 추가)

수원/강남/사당 직거래도 가능합니다
수수료 없이 ㄱㅈ 원하시면 연락주세요",False,https://fruitsfamily.com/product/5x6sp/%EB%8B%A5%ED%84%B0%EB%A7%88%ED%8B%B4-%ED%81%AC%EB%A0%88%EC%9D%B4%EC%A7%80%ED%98%B8%EC%8A%A4-1461-220-%EC%82%AC%EC%9D%B4%EC%A6%88,2026-08-04,https://image.production.fruitsfamily.com/public/product/resized%40width620/getTMaeEN7-2762f4a9d784.jpg|https://image.production.fruitsfamily.com/public/product/resized%40width620/wjqHqY9LRO-f1e84fb527d4.jpg|https://image.production.fruitsfamily.com/public/product/resized%40width620/TB8rj2hvdY-710a20d4336c.jpg|https://image.production.fruitsfamily.com/public/product/resized%40width620/IDn_NtVLZc-2c1d8ef8a018.jpg,data/images/dr_martens/9946537_01.jpg|data/images/dr_martens/9946537_02.jpg|data/images/dr_martens/9946537_03.jpg
FRUITSFAMILY,8475631,Dr. Martens,Dr. Martens,[280]닥터마틴 크루선 LO,110000,,280,"컬러감이 매력적인 제품입니다
사용감 사진 확인해주세요
10번 좀 넘게 신은 듯 합니다
상자는 없습니다",False,https://fruitsfamily.com/product/51nu7/280-%EB%8B%A5%ED%84%B0%EB%A7%88%ED%8B%B4-%ED%81%AC%EB%A3%A8%EC%84%A0-lo,2026-08-04,https://image.production.fruitsfamily.com/public/product/resized%40width620/bqXdfH0ZfR-684AD738-0587-4C38-AB11-8DF402F92DB5.jpg|https://image.production.fruitsfamily.com/public/product/resized%40width620/qmI-ykmzIB-FD8C986C-33D8-40A1-9647-D3C7BFC1AE5D.jpg|https://image.production.fruitsfamily.com/public/product/resized%40width620/QpIwrcHC7N-6A47556B-5088-4D23-92CB-FB317D41874C.jpg|https://image.production.fruitsfamily.com/public/product/resized%40width620/Vb3Fla5pzy-E241DC5C-A868-458D-98E7-91014EFEE174.jpg|https://image.production.fruitsfamily.com/public/product/resized%40width620/1EutvZ4Skz-AA75E9EF-77F3-4529-9DF9-DA5C24C1996B.jpg,data/images/dr_martens/8475631_01.jpg|data/images/dr_martens/8475631_02.jpg|data/images/dr_martens/8475631_03.jpg
FRUITSFAMILY,10217590,Dr. Martens,Dr. Martens,닥터마틴 컴스테크 uk7 (260) 블랙,90000,,260,"닥마 컴스테크 블랙
닥마답게 튼튼하고 두세번 착용해서 거의 새 것 같은 상태 입니다~ 
부츠랑 운동화 두가지 모두 연출 가능한 디자인이라서 활용도 높아요

신발 단품 입니다",False,https://fruitsfamily.com/product/62zxy/%EB%8B%A5%ED%84%B0%EB%A7%88%ED%8B%B4-%EC%BB%B4%EC%8A%A4%ED%85%8C%ED%81%AC-uk7-260-%EB%B8%94%EB%9E%99,2026-08-04,https://image.production.fruitsfamily.com/public/product/resized%40width620/4ialbQ6I--1669c8963859.jpg|https://image.production.fruitsfamily.com/public/product/resized%40width620/JNH4i68tni-793e554598e3.jpg|https://image.production.fruitsfamily.com/public/product/resized%40width620/gqnck-MBMn-ca28f2f5b304.jpg|https://image.production.fruitsfamily.com/public/product/resized%40width620/6NqK5td8Bg-4074740e2f38.jpg|https://image.production.fruitsfamily.com/public/product/resized%40width620/Q0iqE4Z2D1-bc722e3abf74.jpg|https://image.production.fruitsfamily.com/public/product/resized%40width620/jrJmSiyTxg-2ed4039832b6.jpg,data/images/dr_martens/10217590_01.jpg|data/images/dr_martens/10217590_02.jpg|data/images/dr_martens/10217590_03.jpg
FRUITSFAMILY,8096352,Dr. Martens,Dr. Martens,[270] 닥터마틴 엔지니어드가먼츠 1461 블랙 스무스,370000,,270,"브랜드 : 닥터마틴 엔지니어드 가먼츠 
품명 : 1461EG
색상 : 블랙
사이즈 : us9 / uk8 / 270mm

미시착 새상품 입니다.
구입당시 구성품 일체보유

[구입전 안내사항]

- 새상품은 말그대로 미착용품 맞습니다.
- 중고상품은 특성상 사용감이 있을 수 있습니다. 중고품 판매시 가급적 자세한 판매글을 기재하도록 하겠습니다. 
- 판매글이 올라와 있는 상품은 판매완료전까지 판매중이니 바로 구입 결제하시면 됩니다. 
- 상품의 가격은 미판매시 판매자가 알아서 조정하오니 구매자님께서는 가격네고문의는 자재 부탁드립니다.
- 모든 판매물품은 택배비포함 입니다.",False,https://fruitsfamily.com/product/4tj6o/270-%EB%8B%A5%ED%84%B0%EB%A7%88%ED%8B%B4-%EC%97%94%EC%A7%80%EB%8B%88%EC%96%B4%EB%93%9C%EA%B0%80%EB%A8%BC%EC%B8%A0-1461-%EB%B8%94%EB%9E%99-%EC%8A%A4%EB%AC%B4%EC%8A%A4,2026-08-04,https://image.production.fruitsfamily.com/public/product/resized%40width620/ryfTilqK6i-2F59F75E-FD45-4678-9FEF-6CEE05BF8CC4.jpg|https://image.production.fruitsfamily.com/public/product/resized%40width620/t5Y75Lrqve-A5207737-05E2-4C4E-BE80-17EDAE3660C5.jpg|https://image.production.fruitsfamily.com/public/product/resized%40width620/lBxuVsUcK5-5C44BE7A-AB60-4CEC-A2C8-13F4A1656E75.jpg|https://image.production.fruitsfamily.com/public/product/resized%40width620/Rci_63vZXT-F72735C3-950C-47E5-A18C-95304ACF6F01.jpg|https://image.production.fruitsfamily.com/public/product/resized%40width620/xxMKqZGVG-3EE8C666-5952-4955-A96B-B5DA74D64D39.jpg|https://image.production.fruitsfamily.com/public/product/resized%40width620/4MJyXotBor-2939C686-43BA-4350-BDCE-C3ED10585EEB.jpg|https://image.production.fruitsfamily.com/public/product/resized%40width620/fWYxj0SdD--78DB3BFE-1A24-45B7-A8D3-6EE2C5791DF1.jpg|https://image.production.fruitsfamily.com/public/product/resized%40width620/EY-_h4Wpi9k-D144DF3F-A6E0-42F9-9146-8A4975346E70.jpg|https://image.production.fruitsfamily.com/public/product/resized%40width620/DFgPnRxxkqv-445565A8-B21D-4880-A4DE-864100675F2C.jpg|https://image.production.fruitsfamily.com/public/product/resized%40width620/G4W9RvD-U_4-00E3138D-F14F-4331-B50D-E7621611DF81.jpg,data/images/dr_martens/8096352_01.jpg|data/images/dr_martens/8096352_02.jpg|data/images/dr_martens/8096352_03.jpg
FRUITSFAMILY,10271539,Dr. Martens,Dr. Martens,Getta Grip engineer boots,162000,180000,270,"uk8 size
아웃솔 29cm

자연스러운 사용감",False,https://fruitsfamily.com/product/645kj/getta-grip-engineer-boots,2026-08-04,https://image.production.fruitsfamily.com/public/product/resized%40width620/AiwuknG3n-d9c431ab37ba.jpg|https://image.production.fruitsfamily.com/public/product/resized%40width620/AJi_3Y1M8w-dc822bf0ab3b.jpg|https://image.production.fruitsfamily.com/public/product/resized%40width620/h0GQ5HjkZ4-6efd93a3027e.jpg|https://image.production.fruitsfamily.com/public/product/resized%40width620/hfGICvX7wn-dfe65099995b.jpg|https://image.production.fruitsfamily.com/public/product/resized%40width620/BO8UHHtVUF-c138f9160081.jpg|https://image.production.fruitsfamily.com/public/product/resized%40width620/thCB0mKknX-9f2fa9d1cd87.jpg|https://image.production.fruitsfamily.com/public/product/resized%40width620/H23hZW3LSE-7eb5bc21f35e.jpg|https://image.production.fruitsfamily.com/public/product/resized%40width620/sUAGekR1bb-20c212db5f7d.jpg|https://image.production.fruitsfamily.com/public/product/resized%40width620/lqdbkHjXoG-2003cdace9dd.jpg,data/images/dr_martens/10271539_01.jpg|data/images/dr_martens/10271539_02.jpg|data/images/dr_martens/10271539_03.jpg
FRUITSFAMILY,10340389,Dr. Martens,Dr. Martens,닥터마틴 x 스투시 939 부츠 체스트넛 250,244000,250000,250,"일본에서 직구했으며 신발 단품만 보관중입니다.
이염 등 사용감 존재하지만 스웨이드 재질 고려한다면 충분히 상태 좋은편이라 생각하며 그외 하자는 없습니다. 택포에 판매하겠습니다.",False,https://fruitsfamily.com/product/65mp1/%EB%8B%A5%ED%84%B0%EB%A7%88%ED%8B%B4-x-%EC%8A%A4%ED%88%AC%EC%8B%9C-939-%EB%B6%80%EC%B8%A0-%EC%B2%B4%EC%8A%A4%ED%8A%B8%EB%84%9B-250,2026-08-04,https://image.production.fruitsfamily.com/public/product/resized%40width620/z8NHwipKF-c15ab47dc09f.jpg|https://image.production.fruitsfamily.com/public/product/resized%40width620/X5RbjFi0cC-84805ac99b24.jpg|https://image.production.fruitsfamily.com/public/product/resized%40width620/OFmcUtGfsq-5f84c87e382c.jpg|https://image.production.fruitsfamily.com/public/product/resized%40width620/fgOMrKAW9d-89dbcee4a8cc.jpg|https://image.production.fruitsfamily.com/public/product/resized%40width620/oxi1vPEJYn-00d9fcbd93f0.jpg|https://image.production.fruitsfamily.com/public/product/resized%40width620/KHI2nMKOS_-04885a0240a6.jpg|https://image.production.fruitsfamily.com/public/product/resized%40width620/VsU25AAxxD-490ce64de40a.jpg,data/images/dr_martens/10340389_01.jpg|data/images/dr_martens/10340389_02.jpg|data/images/dr_martens/10340389_03.jpg
FRUITSFAMILY,10398422,Dr. Martens,Dr. Martens,닥터마틴1460 파스칼MT 데미지 스틸토,250000,,280,"공홈기준 280사이즈 아에 품절이고
민트급컨디션 유지중입니다
착용시 쉐입이 앞쪽부터 위로쭉 빌드업되면서
일품입니다 팔기싫은제품이나 사이즈미스로 
도저히 못신겠어서 판매합니다 
네고문의는 아에 답장조차를 안할게요
ㅇㅊ거래시 절충은 가능합니다 
구매그냥 확실한분만 ㄱㄱ해주세요",False,https://fruitsfamily.com/product/66vh2/%EB%8B%A5%ED%84%B0%EB%A7%88%ED%8B%B41460-%ED%8C%8C%EC%8A%A4%EC%B9%BCmt-%EB%8D%B0%EB%AF%B8%EC%A7%80-%EC%8A%A4%ED%8B%B8%ED%86%A0,2026-08-04,https://image.production.fruitsfamily.com/public/product/resized%40width620/AeEH0e1SI-8fc7204b0d3b.jpg|https://image.production.fruitsfamily.com/public/product/resized%40width620/qD70fhMHHX-683a9d395c0e.jpg|https://image.production.fruitsfamily.com/public/product/resized%40width620/XrhHdBMbDE-055481a85a52.jpg|https://image.production.fruitsfamily.com/public/product/resized%40width620/JB0G9RYc-b-5af83cf709fc.jpg|https://image.production.fruitsfamily.com/public/product/resized%40width620/mozHLMmkgU-6b930bcf5028.jpg|https://image.production.fruitsfamily.com/public/product/resized%40width620/2qMCSJv-R9-9a38f7d1caab.jpg,data/images/dr_martens/10398422_01.jpg|data/images/dr_martens/10398422_02.jpg|data/images/dr_martens/10398422_03.jpg
FRUITSFAMILY,8620448,Dr. Martens,Dr. Martens,[UK6] 닥터마틴 x MM6 1460 버건디 새상품,330000,560000,250,"[UK6] 닥터마틴 x MM6 1460 버건디 새상품

택채 새상품 입니다.
250~255사이즈 정도라고 생각하시면 됩니다.

개인적으로 블랙색상보다 훨씬 이쁘다 생각하고 
사이즈가 안맞아 판매합니다.

ㄱㅈㅇㅊ 거래시 택포 33 해드립니다.
개인중고거래 특성상 거래후 정가품문제 제외 환불 취소 불가합니다.",False,https://fruitsfamily.com/product/54rkw/uk6-%EB%8B%A5%ED%84%B0%EB%A7%88%ED%8B%B4-x-mm6-1460-%EB%B2%84%EA%B1%B4%EB%94%94-%EC%83%88%EC%83%81%ED%92%88,2026-08-04,https://image.production.fruitsfamily.com/public/product/resized%40width620/t_zrQRzoWO-BD8FFD06-1FE9-4656-9A94-2F6D912B9D72.jpg|https://image.production.fruitsfamily.com/public/product/resized%40width620/UknhRMb5z-D0BAE3A4-68B5-4F1D-A9E9-0CEC08265691.jpg|https://image.production.fruitsfamily.com/public/product/resized%40width620/XiSBKIjKCD-B522C2D3-746C-4C0F-BE0E-C817764923B9.jpg|https://image.production.fruitsfamily.com/public/product/resized%40width620/EBnzS-U6Gz-0792B8A5-B66B-442F-82AF-9084D5026151.jpg,data/images/dr_martens/8620448_01.jpg|data/images/dr_martens/8620448_02.jpg|data/images/dr_martens/8620448_03.jpg
FRUITSFAMILY,4458049,Salomon,SALOMON,(3회착/255) 살로몬 x 노트레 XT-4 그래스 스테인드,190000,,255,"3회착/크림구매/255
배송비 +4500원
쿨거래시 택포

#살로몬 #살로몬XT4 #노트레",False,https://fruitsfamily.com/product/2njup/3%ED%9A%8C%EC%B0%A9-255-%EC%82%B4%EB%A1%9C%EB%AA%AC-x-%EB%85%B8%ED%8A%B8%EB%A0%88-xt-4-%EA%B7%B8%EB%9E%98%EC%8A%A4-%EC%8A%A4%ED%85%8C%EC%9D%B8%EB%93%9C,2026-08-04,https://image.production.fruitsfamily.com/public/product/resized%40width620/f5gQCMWqlg-1747905413633.jpg|https://image.production.fruitsfamily.com/public/product/resized%40width620/Ot0a_sErO8-1747905413686.jpg|https://image.production.fruitsfamily.com/public/product/resized%40width620/DBUExpAfG-1747905413751.jpg|https://image.production.fruitsfamily.com/public/product/resized%40width620/OKdJ-ovTw7-1747905413809.jpg,data/images/salomon/4458049_01.jpg|data/images/salomon/4458049_02.jpg|data/images/salomon/4458049_03.jpg
FRUITSFAMILY,4838854,Salomon,SALOMON,살로몬 x 더 브로큰 암 테크앰피비안 화이트 블랙 사파리 290팝니다,270000,300000,290,"살로몬 x 더 브로큰 암 테크앰피비안 화이트 블랙 사파리 290사이즈 팝니다
상태 좋으며 신발과 박스 있습니다

바로 계좌문의시 택포 아닐시 4000원 입니다",False,https://fruitsfamily.com/product/2vpom/%EC%82%B4%EB%A1%9C%EB%AA%AC-x-%EB%8D%94-%EB%B8%8C%EB%A1%9C%ED%81%B0-%EC%95%94-%ED%85%8C%ED%81%AC%EC%95%B0%ED%94%BC%EB%B9%84%EC%95%88-%ED%99%94%EC%9D%B4%ED%8A%B8-%EB%B8%94%EB%9E%99-%EC%82%AC%ED%8C%8C%EB%A6%AC-290%ED%8C%9D%EB%8B%88%EB%8B%A4,2026-08-04,https://image.production.fruitsfamily.com/public/product/resized%40width620/K_s36HamUN-3414E2BC-EB10-4FE3-B77D-C2BEEE38A9D0.jpg|https://image.production.fruitsfamily.com/public/product/resized%40width620/zoJfOmBJcc-FCCAA100-6BCF-4CB3-BCD1-82DFF52BA4E3.jpg|https://image.production.fruitsfamily.com/public/product/resized%40width620/DYbiJ-Srjn-7EA8869F-E75E-4D39-A27E-C7E83FF82CA8.jpg|https://image.production.fruitsfamily.com/public/product/resized%40width620/eWb6ecnlKp-73D2172B-EB1C-4B02-BE26-4AD9B3AA80A8.jpg|https://image.production.fruitsfamily.com/public/product/resized%40width620/PC6-zyHRI9-78A0FB5B-30D6-4A03-BE1B-73E525DE7448.jpg,data/images/salomon/4838854_01.jpg|data/images/salomon/4838854_02.jpg|data/images/salomon/4838854_03.jpg
FRUITSFAMILY,10375200,Salomon,SALOMON,[285] 살로몬x정리 XA 프로 3D 블랙 아스팔트,400000,,285,"구매 당시에 5회 가량 착용하고 보관 중인 제품입니다.

약간의 사용감을 제외한 깔끔한 컨디션으로 유지하고 있습니다.

스타일의 변화로 착용하지 않아서 판매합니다.",False,https://fruitsfamily.com/product/66dk0/285-%EC%82%B4%EB%A1%9C%EB%AA%ACx%EC%A0%95%EB%A6%AC-xa-%ED%94%84%EB%A1%9C-3d-%EB%B8%94%EB%9E%99-%EC%95%84%EC%8A%A4%ED%8C%94%ED%8A%B8,2026-08-04,https://image.production.fruitsfamily.com/public/product/resized%40width620/0dnhqB4zZ-f304bdd2b620.jpg|https://image.production.fruitsfamily.com/public/product/resized%40width620/PqojCiraH6-4c059fadb265.jpg|https://image.production.fruitsfamily.com/public/product/resized%40width620/yoV8_DqPPe-65bcf4584c1a.jpg|https://image.production.fruitsfamily.com/public/product/resized%40width620/Z0bI7IcoiG-3f7f81c7a1e6.jpg|https://image.production.fruitsfamily.com/public/product/resized%40width620/s9VxNCCIOL-f3019b7edf1e.jpg|https://image.production.fruitsfamily.com/public/product/resized%40width620/gVw6Vk6c8h-ec257dbebd77.jpg|https://image.production.fruitsfamily.com/public/product/resized%40width620/W406W1HKFR-6e5153b1988c.jpg|https://image.production.fruitsfamily.com/public/product/resized%40width620/XQSPzXGjlg-37659e0cf0e7.jpg|https://image.production.fruitsfamily.com/public/product/resized%40width620/dPSSQSmQpM-96228db99370.jpg,data/images/salomon/10375200_01.jpg|data/images/salomon/10375200_02.jpg|data/images/salomon/10375200_03.jpg
FRUITSFAMILY,7406847,Salomon,SALOMON,살로몬 x-울트라 파이오니어 에어로 하이킹 슈즈,129000,139000,305,"후르츠패밀리에서 중고 제품 구매했고 단순변심으로
판매합니다 상태 사진 올려두었으니 참고하세요 
305사이즈이고 신발 단품입니다
구매 후 반품 불가합니다.",False,https://fruitsfamily.com/product/4er5r/%EC%82%B4%EB%A1%9C%EB%AA%AC-x-%EC%9A%B8%ED%8A%B8%EB%9D%BC-%ED%8C%8C%EC%9D%B4%EC%98%A4%EB%8B%88%EC%96%B4-%EC%97%90%EC%96%B4%EB%A1%9C-%ED%95%98%EC%9D%B4%ED%82%B9-%EC%8A%88%EC%A6%88,2026-08-04,https://image.production.fruitsfamily.com/public/product/resized%40width620/Gu8ZIITrFI-2E682841-DDFE-45E7-B4BE-9B39CDEC1D47.jpg|https://image.production.fruitsfamily.com/public/product/resized%40width620/YfC_umZX-7-3AC8241C-AD18-44E4-AF75-289E07F6F245.jpg|https://image.production.fruitsfamily.com/public/product/resized%40width620/vrnYHf5YuP-1198B39D-7A19-47B5-99AE-99E024D14629.jpg|https://image.production.fruitsfamily.com/public/product/resized%40width620/c9FKqjLwiA-32FEAE75-4270-4D68-9CFC-CF27DC9070B5.jpg|https://image.production.fruitsfamily.com/public/product/resized%40width620/_VqxGtpUQJ-905B36BF-181E-413E-84D0-E6D8FC2434B9.jpg|https://image.production.fruitsfamily.com/public/product/resized%40width620/6of6WkFIh5-06D34259-BA1E-4ED2-8694-0BAC6D66530D.jpg,data/images/salomon/7406847_01.jpg|data/images/salomon/7406847_02.jpg|data/images/salomon/7406847_03.jpg
FRUITSFAMILY,10315838,Salomon,SALOMON,살로몬 xt-6 팬텀바닐라아이스 290,120000,150000,290,"신발단품으로, 한번 세탁 후 착용하시면 실착용으로 아주 좋습니다. 현재 크림가 799,000",False,https://fruitsfamily.com/product/653r2/%EC%82%B4%EB%A1%9C%EB%AA%AC-xt-6-%ED%8C%AC%ED%85%80%EB%B0%94%EB%8B%90%EB%9D%BC%EC%95%84%EC%9D%B4%EC%8A%A4-290,2026-08-04,https://image.production.fruitsfamily.com/public/product/resized%40width620/jd_QTmHQs-9d76029cab13.jpg|https://image.production.fruitsfamily.com/public/product/resized%40width620/mkgoXG8Lkx-c6538014501f.jpg|https://image.production.fruitsfamily.com/public/product/resized%40width620/MFjDaMfe7K-2dbbf3884212.jpg|https://image.production.fruitsfamily.com/public/product/resized%40width620/8kL73JDO5M-e03715e66f07.jpg|https://image.production.fruitsfamily.com/public/product/resized%40width620/TbG_p8_EV9-6ff40280e375.jpg|https://image.production.fruitsfamily.com/public/product/resized%40width620/V9c8LkaJxC-bbc5455a4615.jpg,data/images/salomon/10315838_01.jpg|data/images/salomon/10315838_02.jpg|data/images/salomon/10315838_03.jpg
FRUITSFAMILY,9765328,Salomon,SALOMON,[280] 살로몬 RX 모크 3.0 바닐라 숏브레드 L47298100,80100,89000,280,"RX 모크 3.0 바닐라 숏브레드 L47298100

280

신품입니다",False,https://fruitsfamily.com/product/5taz4/280-%EC%82%B4%EB%A1%9C%EB%AA%AC-rx-%EB%AA%A8%ED%81%AC-3-0-%EB%B0%94%EB%8B%90%EB%9D%BC-%EC%88%8F%EB%B8%8C%EB%A0%88%EB%93%9C-l47298100,2026-08-04,https://image.production.fruitsfamily.com/public/product/resized%40width620/nS6fX3gm3-02a611350633.jpg|https://image.production.fruitsfamily.com/public/product/resized%40width620/4kuJKtdLp_-0fadb9737bdd.jpg|https://image.production.fruitsfamily.com/public/product/resized%40width620/tA-Slodl74-842e9b0530ff.jpg|https://image.production.fruitsfamily.com/public/product/resized%40width620/u4cxA4hBIq-df80fe9e8f7e.jpg,data/images/salomon/9765328_01.jpg|data/images/salomon/9765328_02.jpg|data/images/salomon/9765328_03.jpg
FRUITSFAMILY,9991279,Salomon,SALOMON,살로몬 메리제인 290,140000,,290,"무신사구매후 9번정도 착용 뒷쪽 접어서 신어서그런가 접힌자국도 있고 전체적인 사용감 존재합니다. 박스도 있습니다

뒷쪽 접힌자국 빼면 상태 좋은거같네요

네고 택포 환불 교신xxxx",False,https://fruitsfamily.com/product/5y5bj/%EC%82%B4%EB%A1%9C%EB%AA%AC-%EB%A9%94%EB%A6%AC%EC%A0%9C%EC%9D%B8-290,2026-08-04,https://image.production.fruitsfamily.com/public/product/resized%40width620/CDLJ7UEhDD-85d517560551.jpg|https://image.production.fruitsfamily.com/public/product/resized%40width620/3airOVJ1x-ca04dbf89e97.jpg|https://image.production.fruitsfamily.com/public/product/resized%40width620/uv9lAUZCko-78ee93721a1a.jpg|https://image.production.fruitsfamily.com/public/product/resized%40width620/yLb5lNmvXD-ff1a1f33ab9c.jpg|https://image.production.fruitsfamily.com/public/product/resized%40width620/hvhEq6QNeM-dac50c1a6180.jpg,data/images/salomon/9991279_01.jpg|data/images/salomon/9991279_02.jpg|data/images/salomon/9991279_03.jpg
FRUITSFAMILY,10148388,Salomon,SALOMON,살로몬 정글 울트라 로우 어드밴스 265,61000,90000,265,"구매후 3-4회 착용

하자없습니다.

상태좋아요",False,https://fruitsfamily.com/product/61ijo/%EC%82%B4%EB%A1%9C%EB%AA%AC-%EC%A0%95%EA%B8%80-%EC%9A%B8%ED%8A%B8%EB%9D%BC-%EB%A1%9C%EC%9A%B0-%EC%96%B4%EB%93%9C%EB%B0%B4%EC%8A%A4-265,2026-08-04,https://image.production.fruitsfamily.com/public/product/resized%40width620/HpD4IECHU-e87dc2b59aa3.jpg|https://image.production.fruitsfamily.com/public/product/resized%40width620/tdXDhCVnx-8817e197cc76.jpg|https://image.production.fruitsfamily.com/public/product/resized%40width620/JtGcI9Rn1v-bb220f6ffbbc.jpg|https://image.production.fruitsfamily.com/public/product/resized%40width620/3hZqZqnKp7-90b5290c5c9d.jpg,data/images/salomon/10148388_01.jpg|data/images/salomon/10148388_02.jpg|data/images/salomon/10148388_03.jpg
FRUITSFAMILY,8775227,Salomon,SALOMON,살로몬 ACS 프로 벨루가 빈티지 카키,130000,,290,"살로몬 ACS 프로 벨루가 빈티지 카키
아주 좋은 상태
사이즈 290",False,https://fruitsfamily.com/product/5830b/%EC%82%B4%EB%A1%9C%EB%AA%AC-acs-%ED%94%84%EB%A1%9C-%EB%B2%A8%EB%A3%A8%EA%B0%80-%EB%B9%88%ED%8B%B0%EC%A7%80-%EC%B9%B4%ED%82%A4,2026-08-04,https://image.production.fruitsfamily.com/public/product/resized%40width620/AetVvVnYnX-86E3519B-822B-4820-B9D0-F753DA1BE6A2.jpg|https://image.production.fruitsfamily.com/public/product/resized%40width620/CcJbZ_ef2r-1FDE0446-79D9-4A0E-950D-C26B1F78FBD8.jpg|https://image.production.fruitsfamily.com/public/product/resized%40width620/Kge1sbhVGh-B4C1BB63-6B6E-43E1-BE7B-3535A3279A4C.jpg|https://image.production.fruitsfamily.com/public/product/resized%40width620/IsNFZPFEub-0E8E223C-3B02-4F7D-A486-87F704B7642E.jpg|https://image.production.fruitsfamily.com/public/product/resized%40width620/5J3t9f3yiv-CA676A0E-B985-487D-AC4E-354709AE65C3.jpg,data/images/salomon/8775227_01.jpg|data/images/salomon/8775227_02.jpg|data/images/salomon/8775227_03.jpg
FRUITSFAMILY,5927612,Salomon,SALOMON,살로몬 x MM6 메종 마르지엘라 XT-4 뮬 블랙 265,720000,,265,"살로몬 x MM6 메종 마르지엘라 XT-4 뮬 블랙

265

풀박스 

10회착용 하자없음",False,https://fruitsfamily.com/product/3j1rw/%EC%82%B4%EB%A1%9C%EB%AA%AC-x-mm6-%EB%A9%94%EC%A2%85-%EB%A7%88%EB%A5%B4%EC%A7%80%EC%97%98%EB%9D%BC-xt-4-%EB%AE%AC-%EB%B8%94%EB%9E%99-265,2026-08-04,https://image.production.fruitsfamily.com/public/product/resized%40width620/TGBkQYcPUz-77B47043-98A7-4F07-9E58-D12B4485A574.jpg|https://image.production.fruitsfamily.com/public/product/resized%40width620/Hz2aBI9WXW-D9FA97EB-12E7-4596-9C11-33F00B85B61F.jpg|https://image.production.fruitsfamily.com/public/product/resized%40width620/7_p0AQ6PjU-8311C382-C51F-4E54-BED8-3C26DAD65CF4.jpg|https://image.production.fruitsfamily.com/public/product/resized%40width620/3gmCizBaaM-4493D7AB-F42D-48B1-A9D0-65D82489B1DE.jpg|https://image.production.fruitsfamily.com/public/product/resized%40width620/Zp6nDFkBHc-D05B771F-C884-441D-A56A-ED9E1622926B.jpg|https://image.production.fruitsfamily.com/public/product/resized%40width620/x9fsP3N0DY-0F9BA6BB-D572-4FDA-83CB-9D6BFBA746E1.jpg|https://image.production.fruitsfamily.com/public/product/resized%40width620/3bwifYq84-B44A3870-A7BB-460A-9BDE-6DAD8C942010.jpg,data/images/salomon/5927612_01.jpg|data/images/salomon/5927612_02.jpg|data/images/salomon/5927612_03.jpg
FRUITSFAMILY,10260185,Salomon,SALOMON,살로몬 XA 프로 3D 알로이 실버 275사이즈,79000,,275,"뒷꿈치는 안까졌지만 사용감은 꽤 있습니다.
박스 없고 단품

* 흥정, 교신, 떠보기, 사이즈 추천 절대 안받습니다. 
   바로 차단",False,https://fruitsfamily.com/product/63wt5/%EC%82%B4%EB%A1%9C%EB%AA%AC-xa-%ED%94%84%EB%A1%9C-3d-%EC%95%8C%EB%A1%9C%EC%9D%B4-%EC%8B%A4%EB%B2%84-275%EC%82%AC%EC%9D%B4%EC%A6%88,2026-08-04,https://image.production.fruitsfamily.com/public/product/resized%40width620/_CAqwIZUa-4c2ff85d2228.jpg|https://image.production.fruitsfamily.com/public/product/resized%40width620/JDznBOEAXX-edea23016673.jpg|https://image.production.fruitsfamily.com/public/product/resized%40width620/WEBGdLE8WA-f366f382195b.jpg|https://image.production.fruitsfamily.com/public/product/resized%40width620/Nf6qTyHGq5-65d1976291f4.jpg|https://image.production.fruitsfamily.com/public/product/resized%40width620/jmyyzU1lj8-36c714c85b04.jpg|https://image.production.fruitsfamily.com/public/product/resized%40width620/-P-uuJ81hJ-8c15429a8fd2.jpg|https://image.production.fruitsfamily.com/public/product/resized%40width620/n6D9aoSz2P-95d8c5876da1.jpg|https://image.production.fruitsfamily.com/public/product/resized%40width620/5itIlcbkIP-da181275aca4.jpg,data/images/salomon/10260185_01.jpg|data/images/salomon/10260185_02.jpg|data/images/salomon/10260185_03.jpg
FRUITSFAMILY,9812745,Salomon,SALOMON,살로몬 XA 프로 3D 앰피브 카키 240,135000,150000,240,"도쿄 살로몬 매장에서 구매했었어요 국내에는 없는듯합니다
일본사이즈로 23.5로 적혀있는데
저는 평소 240신고 잘 맞아요

작년여름에 구매해서 몇번 안신었어요 
신발이 많아서 정리합니다

세탁해뒀고 상태는 사진과 같아요 좋습니다
아 세탁하면서 깔창 로고가 까졌어요..

gs25 반값택배 무료
우체국택배 +2500원 (말씀해주시면 게시물 가격 수정합니다)",False,https://fruitsfamily.com/product/5ubk9/%EC%82%B4%EB%A1%9C%EB%AA%AC-xa-%ED%94%84%EB%A1%9C-3d-%EC%95%B0%ED%94%BC%EB%B8%8C-%EC%B9%B4%ED%82%A4-240,2026-08-04,https://image.production.fruitsfamily.com/public/product/resized%40width620/AH8QVz910D-b0a1bb94a7e1.jpg|https://image.production.fruitsfamily.com/public/product/resized%40width620/Ahc_N7b6t-fefeb594aff8.jpg|https://image.production.fruitsfamily.com/public/product/resized%40width620/qz0Mam-8au-001ba27beb1d.jpg|https://image.production.fruitsfamily.com/public/product/resized%40width620/86QWupgL-a-623948c4d8f0.jpg|https://image.production.fruitsfamily.com/public/product/resized%40width620/eB9rNQX9p-cb0394c7e49d.jpg|https://image.production.fruitsfamily.com/public/product/resized%40width620/T-u0RdMD8Y-4605e451e204.jpg|https://image.production.fruitsfamily.com/public/product/resized%40width620/gFDt9BBOYA-26138dd95c51.jpg|https://image.production.fruitsfamily.com/public/product/resized%40width620/eXyka8bCx-267dd536d05d.jpg,data/images/salomon/9812745_01.jpg|data/images/salomon/9812745_02.jpg|data/images/salomon/9812745_03.jpg
FRUITSFAMILY,10302389,Salomon,SALOMON,살로몬 XT-6 ADV 블랙,135000,150000,255,"살로몬 XT-6 ADV 블랙 색상입니다. 신발 옆면에 살로몬 로고와 함께 파란색, 빨간색, 노란색 포인트가 있습니다. 신발 내부 밑창에 살로몬 로고와 OrthoLite 문구가 보입니다. 별도 문의 없으시면 바로 안전결제 부탁드려요!",False,https://fruitsfamily.com/product/64tdh/%EC%82%B4%EB%A1%9C%EB%AA%AC-xt-6-adv-%EB%B8%94%EB%9E%99,2026-08-04,https://image.production.fruitsfamily.com/public/product/resized%40width620/z5WpONNB7-57fb0688aae6.jpg|https://image.production.fruitsfamily.com/public/product/resized%40width620/r8zEo0Fbg3-a86c2627b1f1.jpg|https://image.production.fruitsfamily.com/public/product/resized%40width620/4yxA6ijHQe-11d5d12333b2.jpg|https://image.production.fruitsfamily.com/public/product/resized%40width620/yHJ1QLQbDS-7faad43f85b4.jpg|https://image.production.fruitsfamily.com/public/product/resized%40width620/G72EZFInMZ-3de249e1d0a7.jpg|https://image.production.fruitsfamily.com/public/product/resized%40width620/GbXz-CV_34-14e825c631fd.jpg,data/images/salomon/10302389_01.jpg|data/images/salomon/10302389_02.jpg|data/images/salomon/10302389_03.jpg
FRUITSFAMILY,10405709,Salomon,SALOMON,살로몬 xt-slate 바닐라 275사이즈,166000,,275,"2회착 했습니다
당연히 밑창, 뒷굼치 등 상태 아주 좋습니다

실측은 참고용으로 실제와 차이가 있을 수 있습니다
채팅 후 무응답, 네고문의, 교환문의 차단입니다
직거래는 사가정역, 용마산역에서 오전 11시~12시 반 사이, 저녁 8시 반 이후에 가능합니다",False,https://fruitsfamily.com/product/6713h/%EC%82%B4%EB%A1%9C%EB%AA%AC-xt-slate-%EB%B0%94%EB%8B%90%EB%9D%BC-275%EC%82%AC%EC%9D%B4%EC%A6%88,2026-08-04,https://image.production.fruitsfamily.com/public/product/resized%40width620/-EdZHaRzq-4de1ec35d51e.jpg|https://image.production.fruitsfamily.com/public/product/resized%40width620/CzcKrGJ_QH-7742adea42f9.jpg|https://image.production.fruitsfamily.com/public/product/resized%40width620/86v_qwyuo0-b99187b02828.jpg|https://image.production.fruitsfamily.com/public/product/resized%40width620/X-EC0p8c0T-82463d69b544.jpg|https://image.production.fruitsfamily.com/public/product/resized%40width620/Rvds_lj6Te-d8bb5d0f5c3e.jpg|https://image.production.fruitsfamily.com/public/product/resized%40width620/rxTFRqTeI--7001947efc4a.jpg|https://image.production.fruitsfamily.com/public/product/resized%40width620/xlpYDwkg1G-cdcb5949dbb4.jpg|https://image.production.fruitsfamily.com/public/product/resized%40width620/xJrN7Ya7j1-5220016e4742.jpg|https://image.production.fruitsfamily.com/public/product/resized%40width620/C_sJ3LOPQN-177dd645ff7a.jpg|https://image.production.fruitsfamily.com/public/product/resized%40width620/5G2Wjm4NGt-df3300b7d953.jpg,data/images/salomon/10405709_01.jpg|data/images/salomon/10405709_02.jpg|data/images/salomon/10405709_03.jpg
FRUITSFAMILY,9332496,Salomon,SALOMON,살로몬 XT-패스웨이2 루나 락 울트라 마린 265사이즈,150000,,265,"1회착이고 거의 새거입니다. 여름에 신기 좋아요! 저한테 사이즈가 커서 못신겠어서 팔아요! 265사이즈 크림에서 259,000원에 거래되고 있습니다. 사진 원하시면 편하게 연락주세요!",False,https://fruitsfamily.com/product/5k100/%EC%82%B4%EB%A1%9C%EB%AA%AC-xt-%ED%8C%A8%EC%8A%A4%EC%9B%A8%EC%9D%B42-%EB%A3%A8%EB%82%98-%EB%9D%BD-%EC%9A%B8%ED%8A%B8%EB%9D%BC-%EB%A7%88%EB%A6%B0-265%EC%82%AC%EC%9D%B4%EC%A6%88,2026-08-04,https://image.production.fruitsfamily.com/public/product/resized%40width620/euUaSDNXc-aa60d3ddadef.jpg|https://image.production.fruitsfamily.com/public/product/resized%40width620/-3l8m7www3-e19e0f98aec4.jpg|https://image.production.fruitsfamily.com/public/product/resized%40width620/7bnLkJb94k-def4573e2449.jpg,data/images/salomon/9332496_01.jpg|data/images/salomon/9332496_02.jpg|data/images/salomon/9332496_03.jpg
FRUITSFAMILY,9926662,Salomon,SALOMON,살로몬 xt-6 코펜 블루 무드 인디고 260,180000,,260,살로몬 xt-6 코펜 블루 무드 인디고 260 사이즈 입니다. 10회 안쪽으로 착용한 상태좋은 중고 제품이며 살로몬 xt-6 중 가장 구하기 어려운 베스트 셀러 모델입니다. 본품 박스를 분실하여 대체 박스로 보내드리니 확인하시고 찾으시던 분 연락주세요!,False,https://fruitsfamily.com/product/5wrgm/%EC%82%B4%EB%A1%9C%EB%AA%AC-xt-6-%EC%BD%94%ED%8E%9C-%EB%B8%94%EB%A3%A8-%EB%AC%B4%EB%93%9C-%EC%9D%B8%EB%94%94%EA%B3%A0-260,2026-08-04,https://image.production.fruitsfamily.com/public/product/resized%40width620/F6W1T7C9a-22e3cbef1477.jpg|https://image.production.fruitsfamily.com/public/product/resized%40width620/NdovyM2JP9-7282f7680153.jpg|https://image.production.fruitsfamily.com/public/product/resized%40width620/dXmC5n5HG_-10de009abb43.jpg|https://image.production.fruitsfamily.com/public/product/resized%40width620/ygHCGETasg-7c478bda1487.jpg|https://image.production.fruitsfamily.com/public/product/resized%40width620/gdqfbOx2hZ-3e2042a3765d.jpg|https://image.production.fruitsfamily.com/public/product/resized%40width620/_zEGuGWfq3-3c12e794c92b.jpg|https://image.production.fruitsfamily.com/public/product/resized%40width620/LMC5TYN7h_-a4d9039f212f.jpg|https://image.production.fruitsfamily.com/public/product/resized%40width620/sgY67EWCOq-ad69cd97b52a.jpg,data/images/salomon/9926662_01.jpg|data/images/salomon/9926662_02.jpg|data/images/salomon/9926662_03.jpg
FRUITSFAMILY,10358707,Salomon,SALOMON,살로몬 XT-6 화이트 290,75000,99000,290,"살로몬 S-LAB XT-6 트레일 러닝화입니다
화이트 색상에 깔끔한 디자인이 돋보여요
사이즈는 290이며, 신발단품입니다
밑창도 사용감 거의 없고 상태좋습니다 상세사진확인부탁드려요",False,https://fruitsfamily.com/product/660tv/%EC%82%B4%EB%A1%9C%EB%AA%AC-xt-6-%ED%99%94%EC%9D%B4%ED%8A%B8-290,2026-08-04,https://image.production.fruitsfamily.com/public/product/resized%40width620/XkhvY3-u5-abcc8e1ccf40.jpg|https://image.production.fruitsfamily.com/public/product/resized%40width620/cpQutWGROz-3552afad626f.jpg|https://image.production.fruitsfamily.com/public/product/resized%40width620/vDCv_2q6dI-9c7bf6f77175.jpg|https://image.production.fruitsfamily.com/public/product/resized%40width620/nnTZhqWxZM-78cf459c21ed.jpg|https://image.production.fruitsfamily.com/public/product/resized%40width620/TB6gWlBVK2-7b74e59d4c5f.jpg|https://image.production.fruitsfamily.com/public/product/resized%40width620/hs8vQGN_yD-00bef60388d0.jpg|https://image.production.fruitsfamily.com/public/product/resized%40width620/t3_V0pNIob-f61236283b9d.jpg,data/images/salomon/10358707_01.jpg|data/images/salomon/10358707_02.jpg|data/images/salomon/10358707_03.jpg
FRUITSFAMILY,8707967,Salomon,SALOMON,SALOMON 울트라 360 MID GTX ,180000,200000,285,"브랜드: SALOMON (살로몬)
• 제품명: X 울트라 360 MID GTX (X ULTRA 360 MID GTX)
• 가격: ₩260,000
사이즈 :285

딱 한 번 산행 때 착용해 본 게 전부라 상태는 거의 새것과 다름없습니다.",False,https://fruitsfamily.com/product/56n3z/salomon-%EC%9A%B8%ED%8A%B8%EB%9D%BC-360-mid-gtx,2026-08-04,https://image.production.fruitsfamily.com/public/product/resized%40width620/AqL4afGzom-CD625DE4-5429-4FE7-9A6C-88CE25B1954D.jpg|https://image.production.fruitsfamily.com/public/product/resized%40width620/vbcgxjDGRD-BB49CA64-445B-4D93-BE9B-1B720F506307.jpg|https://image.production.fruitsfamily.com/public/product/resized%40width620/ayRVHcfLmN-744CEBBB-F849-4612-B5C7-0F0023333138.jpg,data/images/salomon/8707967_01.jpg|data/images/salomon/8707967_02.jpg|data/images/salomon/8707967_03.jpg
FRUITSFAMILY,9869404,Salomon,SALOMON,(270) 살로몬 샌디리앙 RX 메리제인 바닐라 아이스,136000,170000,270,"🔥 여름 맞이 추천제품!! 🔥

여성분들이 이쁘게 신으실 신발입니다. 
평소 260~265 신으시는 분(발볼,발등이 있으신 분) 에게 추천드리는 제품입니다. 
내부 꽃모양 프린팅과 텍스트로 전체적인 실루엣이 기분좋게 하며 착화감은 살로몬이란 이름처럼 편합니다.

사이즈 미스로 보관하다 이후에도 못 신을 것 같아 판매합니다.
신발택 떼지도 않았으며 새상품과 다름 없습니다 
(슈박스는 없습니다)
크림 기준 현재 매물 없는 사이즈를 값싸게 판매합니다. 추가 정보 궁금하시면 편하게 연락주세요",False,https://fruitsfamily.com/product/5vja4/270-%EC%82%B4%EB%A1%9C%EB%AA%AC-%EC%83%8C%EB%94%94%EB%A6%AC%EC%95%99-rx-%EB%A9%94%EB%A6%AC%EC%A0%9C%EC%9D%B8-%EB%B0%94%EB%8B%90%EB%9D%BC-%EC%95%84%EC%9D%B4%EC%8A%A4,2026-08-04,https://image.production.fruitsfamily.com/public/product/resized%40width620/RS_CDUJCs-7154a8b5e1fd.jpg|https://image.production.fruitsfamily.com/public/product/resized%40width620/xT7xOEJ6Ry-297348783c88.jpg|https://image.production.fruitsfamily.com/public/product/resized%40width620/OWj7ZX_jk-51e3a5e1d81c.jpg|https://image.production.fruitsfamily.com/public/product/resized%40width620/VCIRRbYoJq-17d63a032b7a.jpg|https://image.production.fruitsfamily.com/public/product/resized%40width620/VerhWlJl7-a2329ad2f06b.jpg|https://image.production.fruitsfamily.com/public/product/resized%40width620/VFiNRxT7vA-25cc83e587a3.jpg|https://image.production.fruitsfamily.com/public/product/resized%40width620/gMSgaNTITp-48394748acce.jpg|https://image.production.fruitsfamily.com/public/product/resized%40width620/FH1hyGI-_O-8fadb53685fc.jpg,data/images/salomon/9869404_01.jpg|data/images/salomon/9869404_02.jpg|data/images/salomon/9869404_03.jpg
FRUITSFAMILY,9781569,Salomon,SALOMON,[230] 살로몬 XT-위스퍼 보이드 아이시 핑크 블랙 ,210000,,230,"살로몬 XT-위스퍼 보이드 아이시 핑크 블랙 230 사이즈

1회 착용한 상품입니다

크림에서 현재 기준 297000원에 판매중입니다 
1회 시착한 상품이고
살로몬 공홈에서 구매했습니다 구매내역 인증 가능합니다
구매하실분 연락 주세요 
감사합니다",False,https://fruitsfamily.com/product/5tni9/230-%EC%82%B4%EB%A1%9C%EB%AA%AC-xt-%EC%9C%84%EC%8A%A4%ED%8D%BC-%EB%B3%B4%EC%9D%B4%EB%93%9C-%EC%95%84%EC%9D%B4%EC%8B%9C-%ED%95%91%ED%81%AC-%EB%B8%94%EB%9E%99,2026-08-04,https://image.production.fruitsfamily.com/public/product/resized%40width620/9PgxS5y6H-ac4ebd3f4e8a.jpg|https://image.production.fruitsfamily.com/public/product/resized%40width620/32_iauVXNB-1d43ecdf6c4c.jpg|https://image.production.fruitsfamily.com/public/product/resized%40width620/zn0wvZ-7-C-a0c5f88ff368.jpg|https://image.production.fruitsfamily.com/public/product/resized%40width620/6Zqsy5lkvf-a39d34437814.jpg,data/images/salomon/9781569_01.jpg|data/images/salomon/9781569_02.jpg|data/images/salomon/9781569_03.jpg
FRUITSFAMILY,10411728,Nike,Nike,나이키 베이퍼 16엘리트 ag,80000,,270,"베이퍼 16엘리트 ag이고 착용감이 조금 있어 싸게팝니다 구성품은 신발가방,신발끈,축구화이고
쿨거래시 내고 가능 택배가능",False,https://fruitsfamily.com/product/675qo/%EB%82%98%EC%9D%B4%ED%82%A4-%EB%B2%A0%EC%9D%B4%ED%8D%BC-16%EC%97%98%EB%A6%AC%ED%8A%B8-ag,2026-08-04,https://image.production.fruitsfamily.com/public/product/resized%40width620/FrcjlRvht-161a207c6bdb.jpg|https://image.production.fruitsfamily.com/public/product/resized%40width620/QEf0HGuuYu-24530eb91ec6.jpg|https://image.production.fruitsfamily.com/public/product/resized%40width620/uuXogmnxxC-713487ad0d70.jpg,data/images/nike/10411728_01.jpg|data/images/nike/10411728_02.jpg|data/images/nike/10411728_03.jpg
FRUITSFAMILY,10165506,Nike,Nike,나이키 샥스 R4 w 235 블랙,98000,99000,235,"구매 시기 : 2026년 3월

저랑 안어울려서 올려요! 평소 230신는데 잘 맞았습니다.
착용 횟수가 많지 않아 전체적으로 상태 좋은 편입니다. 
큰 오염이나 하자 없습니다.

올블랙 컬러라 어떤 스타일에도 매치하기 좋고 데일리 운동화로 추천드립니다.

사진으로 상태 확인 부탁드리며, 궁금한 점 있으시면 편하게 문의 주세요!",False,https://fruitsfamily.com/product/61vr6/%EB%82%98%EC%9D%B4%ED%82%A4-%EC%83%A5%EC%8A%A4-r4-w-235-%EB%B8%94%EB%9E%99,2026-08-04,https://image.production.fruitsfamily.com/public/product/resized%40width620/AkyxIJ7Gjb-1389653bd6a3.jpg|https://image.production.fruitsfamily.com/public/product/resized%40width620/6lC3_r3U-g-4dd5ced28761.jpg|https://image.production.fruitsfamily.com/public/product/resized%40width620/iuafLXcE6j-851c27eec85d.jpg|https://image.production.fruitsfamily.com/public/product/resized%40width620/skdPItKKeS-1c259e516449.jpg|https://image.production.fruitsfamily.com/public/product/resized%40width620/qaxX0hmPnw-32314b3fbe12.jpg|https://image.production.fruitsfamily.com/public/product/resized%40width620/Z47wkKcjP--2399df3c3851.jpg|https://image.production.fruitsfamily.com/public/product/resized%40width620/eIS9fV2B9p-34ae794ddd31.jpg|https://image.production.fruitsfamily.com/public/product/resized%40width620/RXZ_D-DuGL-046d9ae2ee5e.jpg|https://image.production.fruitsfamily.com/public/product/resized%40width620/_ESZM49Fak-f9493289757d.jpg|https://image.production.fruitsfamily.com/public/product/resized%40width620/nLMaHNHkTd-582805d92f81.jpg,data/images/nike/10165506_01.jpg|data/images/nike/10165506_02.jpg|data/images/nike/10165506_03.jpg
FRUITSFAMILY,10350225,Nike,Nike,에어포스 블랙 265,69000,,265,나이키 에어포스 예전에 샀는데 거의 안신었어요 정리.하다가 발견해서 싸게 올려놓을게요 상태 깔끔해요,False,https://fruitsfamily.com/product/65ua9/%EC%97%90%EC%96%B4%ED%8F%AC%EC%8A%A4-%EB%B8%94%EB%9E%99-265,2026-08-04,https://image.production.fruitsfamily.com/public/product/resized%40width620/Ho0xHsFTa-d85d3b64a78b.jpg|https://image.production.fruitsfamily.com/public/product/resized%40width620/0FPayMPaxV-b24cda448316.jpg|https://image.production.fruitsfamily.com/public/product/resized%40width620/DjJ8sLPH5c-f649994b4b26.jpg|https://image.production.fruitsfamily.com/public/product/resized%40width620/NZ1zk0SO53-59fa76af696c.jpg,data/images/nike/10350225_01.jpg|data/images/nike/10350225_02.jpg|data/images/nike/10350225_03.jpg
FRUITSFAMILY,9238890,Nike,Nike,나이키 에어 맥스 95 빅 버블 화이트 에메랄드 그린,200000,,285,"나이키 에어 맥스 95 빅 버블 화이트 에메랄드 그린 슬레이트 블루 흰파남

Nike Air Max 95 Big Bubble White Emerald Green Slate Blue 

285 사이즈
나이키 코리아 미시착 새상품
스타일 IH7855-100
카시나 가방 + 카시나 온도계 나침반 키링 사은품 포함

20 만원  (직•계•이 택포 ₩ 190,000)

직거래 (천호역 강동구청역 몽촌토성역 잠실나루역 잠실역) 협의 또는 택배 거래 가능합니다. 교환 환불은 어렵습니다.",False,https://fruitsfamily.com/product/5i0ru/%EB%82%98%EC%9D%B4%ED%82%A4-%EC%97%90%EC%96%B4-%EB%A7%A5%EC%8A%A4-95-%EB%B9%85-%EB%B2%84%EB%B8%94-%ED%99%94%EC%9D%B4%ED%8A%B8-%EC%97%90%EB%A9%94%EB%9E%84%EB%93%9C-%EA%B7%B8%EB%A6%B0,2026-08-04,https://image.production.fruitsfamily.com/public/product/resized%40width620/YU_gpTVZc-bbbbcbc7c957.jpg|https://image.production.fruitsfamily.com/public/product/resized%40width620/ivI3y4XCVa-99d3c8672ccb.jpg|https://image.production.fruitsfamily.com/public/product/resized%40width620/oOz8sH4cJn-d41084c0976d.jpg|https://image.production.fruitsfamily.com/public/product/resized%40width620/zjhH3mX0_R-e4e3f7696bf7.jpg|https://image.production.fruitsfamily.com/public/product/resized%40width620/Znyeffe9N_-bb3b9f67b956.jpg|https://image.production.fruitsfamily.com/public/product/resized%40width620/z5uiEgGEtF-2b60eefeceff.jpg|https://image.production.fruitsfamily.com/public/product/resized%40width620/3yZq-HS41c-a1351865564c.jpg,data/images/nike/9238890_01.jpg|data/images/nike/9238890_02.jpg|data/images/nike/9238890_03.jpg
FRUITSFAMILY,10228238,Nike,Nike,"나이키 톰삭스  제너럴 퍼포스 슈즈 브라운 265, US 8.5",175000,,265,"나이키와 톰삭스와의 콜라보 제품입니다.

크림에서 구매했으며 보증서 동봉합니다.

사이즈는 265이며
5번 정도 착용했습니다. 

오염 및 사용감없는 민트급 컨디션입니다.

보관만 하게 되어 판매합니다.",False,https://fruitsfamily.com/product/6385q/%EB%82%98%EC%9D%B4%ED%82%A4-%ED%86%B0%EC%82%AD%EC%8A%A4-%EC%A0%9C%EB%84%88%EB%9F%B4-%ED%8D%BC%ED%8F%AC%EC%8A%A4-%EC%8A%88%EC%A6%88-%EB%B8%8C%EB%9D%BC%EC%9A%B4-265-us-8-5,2026-08-04,https://image.production.fruitsfamily.com/public/product/resized%40width620/frU8kkvL9-561107bb3a6d.jpg|https://image.production.fruitsfamily.com/public/product/resized%40width620/ggDUCMNxfR-195296933f3f.jpg|https://image.production.fruitsfamily.com/public/product/resized%40width620/10601Rq52m-93374be27fb0.jpg|https://image.production.fruitsfamily.com/public/product/resized%40width620/Hz4M9SBKVj-60a40a2da948.jpg|https://image.production.fruitsfamily.com/public/product/resized%40width620/6UoanDIoyi-fe4a0be5aa6a.jpg|https://image.production.fruitsfamily.com/public/product/resized%40width620/bmeQupNytn-d27c39d2ca17.jpg|https://image.production.fruitsfamily.com/public/product/resized%40width620/XmaXRY0mGt-8e08ebb3f232.jpg|https://image.production.fruitsfamily.com/public/product/resized%40width620/5NCDsPQnT6-18952ce6c89c.jpg|https://image.production.fruitsfamily.com/public/product/resized%40width620/nT2MEixp5B-1caaa404843f.jpg|https://image.production.fruitsfamily.com/public/product/resized%40width620/2yEkn6tB0--e8c2a2ecbd92.jpg,data/images/nike/10228238_01.jpg|data/images/nike/10228238_02.jpg|data/images/nike/10228238_03.jpg
FRUITSFAMILY,10265264,Nike,Nike,280 나이키 지티컷1 딜런하퍼 타이탄 Gtcut1,470000,478000,280,"나이키 지티컷 1 딜런하퍼 타이탄 모델입니다. 280 사이즈이고, 색상은 민트색입니다. 독특한 디자인으로 인기가 많은 농구화입니다. 구매 원하시면 바로 안전결제 해주시면 됩니다!",False,https://fruitsfamily.com/product/640q8/280-%EB%82%98%EC%9D%B4%ED%82%A4-%EC%A7%80%ED%8B%B0%EC%BB%B71-%EB%94%9C%EB%9F%B0%ED%95%98%ED%8D%BC-%ED%83%80%EC%9D%B4%ED%83%84-gtcut1,2026-08-04,https://image.production.fruitsfamily.com/public/product/resized%40width620/FHe7y8P6S-83c077318d38.jpg|https://image.production.fruitsfamily.com/public/product/resized%40width620/rgd_qc9nET-dc77c7cf9bf1.jpg|https://image.production.fruitsfamily.com/public/product/resized%40width620/D19jrEvnUe-35302e794d3d.jpg,data/images/nike/10265264_01.jpg|data/images/nike/10265264_02.jpg|data/images/nike/10265264_03.jpg
FRUITSFAMILY,2088550,Nike,Nike,나이키 에어 리프트 (2002),105000,150000,230,"명칭 - Nike Air Rift (2002)

크기 - 230mm

상태 - 플라스틱 택 손상 7/10

일반적으로 에어 리프트 II로 통용되는, 나이키의 대표적인 타비 신발의 두 번째 버전입니다. 기존의 리프트보다 더욱 일체화된 디자인을 보여주고 있습니다.

어퍼 내부의 연질 플라스틱 골격과 덩어리 감 있는 미드솔 등 당시의 알파 프로젝트, 그중에서도 프레스토 라인에 큰 영향을 받은 듯한 요소들을 가지고 있습니다.",False,https://fruitsfamily.com/product/18rja/%EB%82%98%EC%9D%B4%ED%82%A4-%EC%97%90%EC%96%B4-%EB%A6%AC%ED%94%84%ED%8A%B8-2002,2026-08-04,https://image.production.fruitsfamily.com/public/product/resized%40width620/hko3yF428bz-687A84FC-FFB4-47A4-B182-E75C3EE14973.jpg|https://image.production.fruitsfamily.com/public/product/resized%40width620/4TAj35zG7Z-4C93B7B3-6743-43A0-A1B5-8E734DED41ED.jpg|https://image.production.fruitsfamily.com/public/product/resized%40width620/TgbvtaFpCT-9BA8BC3C-2A2B-4955-9362-99BF54CD3BBC.jpg|https://image.production.fruitsfamily.com/public/product/resized%40width620/4IOMeUkzI5-4A2E4123-68DA-4D6B-8353-0E9A87546C39.jpg|https://image.production.fruitsfamily.com/public/product/resized%40width620/rPmkfMAyhy-6E8C94E7-509D-4DFE-91AB-20CD054D12D1.jpg|https://image.production.fruitsfamily.com/public/product/resized%40width620/SYUM2F61kP-3781C525-2DEC-44F1-98D1-9107F702C977.jpg|https://image.production.fruitsfamily.com/public/product/resized%40width620/suTCOTE6ke-30A5E0C7-0C4A-4587-BF23-CFA85122BE00.jpg|https://image.production.fruitsfamily.com/public/product/resized%40width620/Ollqt29oxW-0F0FBC92-BE11-4B61-B00A-8F624A1B9610.jpg|https://image.production.fruitsfamily.com/public/product/resized%40width620/KPbWFjEILeP-E53ED0C0-8394-4FB6-A5F8-2F457DD402C6.jpg,data/images/nike/2088550_01.jpg|data/images/nike/2088550_02.jpg|data/images/nike/2088550_03.jpg
FRUITSFAMILY,4527433,Adidas,Adidas,아디다스 삼바 브라운,180000,200000,260,"실착 거의없음 상태 아주 좋아요 

끈 란쪽 흰색 한쪽 아이보리색상입니다 취향에 맞게 바꾸시면 돼요

데일리로 어디에나 정말 이쁩니다 :)",False,https://fruitsfamily.com/product/2p1e1/%EC%95%84%EB%94%94%EB%8B%A4%EC%8A%A4-%EC%82%BC%EB%B0%94-%EB%B8%8C%EB%9D%BC%EC%9A%B4,2026-08-04,https://image.production.fruitsfamily.com/public/product/resized%40width620/PFJ09kErDO-ADBE6764-F57F-4134-847D-10FC79677920.jpg|https://image.production.fruitsfamily.com/public/product/resized%40width620/3AYkjG8fE-104d499a8fd0.jpg|https://image.production.fruitsfamily.com/public/product/resized%40width620/Viif6fbMuf-1517a7bda2c1.jpg|https://image.production.fruitsfamily.com/public/product/resized%40width620/4TSd355vgM-9f388e1e63a5.jpg|https://image.production.fruitsfamily.com/public/product/resized%40width620/cfUP5X2hi6-7e319cb9829c.jpg|https://image.production.fruitsfamily.com/public/product/resized%40width620/x5anP7hXU6-3f781c8eee09.jpg,data/images/adidas/4527433_01.jpg|data/images/adidas/4527433_02.jpg|data/images/adidas/4527433_03.jpg
FRUITSFAMILY,10269925,Adidas,Adidas,아디다스 트리플 블랙 가젤 260 새상품,100000,,260,"아디다스 트리플 블랙 가젤 260 새상품

시착만 해봤습니다 박스 없이 신발 제품만 판매합니다

• 택배 거래시 별도 비용 발생합니다 / ㄱㅈ거래시 택포

• 찔러보기, 네고 문의는 정중히 사양합니다 매너없는 채팅 문의는 답변드리지 않고 차단합니다 상호간 예의 지켜서 기분 좋은 거래해요 🤠

• 개인간 중고 거래 특성상 환불 및 교환 문의는 사양합니다",False,https://fruitsfamily.com/product/644bp/%EC%95%84%EB%94%94%EB%8B%A4%EC%8A%A4-%ED%8A%B8%EB%A6%AC%ED%94%8C-%EB%B8%94%EB%9E%99-%EA%B0%80%EC%A0%A4-260-%EC%83%88%EC%83%81%ED%92%88,2026-08-04,https://image.production.fruitsfamily.com/public/product/resized%40width620/4VwVWqsnv-054aff7a5bc0.jpg|https://image.production.fruitsfamily.com/public/product/resized%40width620/o3nc71D0f2-872dc932c775.jpg,data/images/adidas/10269925_01.jpg|data/images/adidas/10269925_02.jpg
FRUITSFAMILY,10297013,Adidas,Adidas,아디다스 스탠스미스 코어블랙 270 미개봉,116800,146000,270,"크림에서 21만원에 구매했습니다
미개봉 상태이고 
신발 정리겸 싸게 올려봅니다",False,https://fruitsfamily.com/product/64p85/%EC%95%84%EB%94%94%EB%8B%A4%EC%8A%A4-%EC%8A%A4%ED%83%A0%EC%8A%A4%EB%AF%B8%EC%8A%A4-%EC%BD%94%EC%96%B4%EB%B8%94%EB%9E%99-270-%EB%AF%B8%EA%B0%9C%EB%B4%89,2026-08-04,https://image.production.fruitsfamily.com/public/product/resized%40width620/1HuBnrUTz-5bb47643968f.jpg|https://image.production.fruitsfamily.com/public/product/resized%40width620/aU9NYnnVvB-89c741ca5f6e.jpg|https://image.production.fruitsfamily.com/public/product/resized%40width620/7WsAEe6obg-0cad1967b7b0.jpg|https://image.production.fruitsfamily.com/public/product/resized%40width620/cH_wgeRlA_-9e3ca117ce2a.jpg,data/images/adidas/10297013_01.jpg|data/images/adidas/10297013_02.jpg|data/images/adidas/10297013_03.jpg
FRUITSFAMILY,9431359,Adidas,Adidas,아디다스 슈퍼스타 82 화이트 블랙 260,78000,80000,260,"아디다스 슈퍼스타 82 화이트 블랙 260 (크림 구매 제품)
*크림 현재가 260사이즈 159,000원 판매중

2회 정도 착용하였고, 박스도 있습니다.

깔끔한 흰색 바탕에 검은색 삼선이 포인트로 들어가 어디에나 잘 어울려요.
편안한 착화감으로 데일리 슈즈로 추천드려요.
어떤 옷에도 매치하기 좋은 매력적인 스니커즈랍니다.",False,https://fruitsfamily.com/product/5m5a7/%EC%95%84%EB%94%94%EB%8B%A4%EC%8A%A4-%EC%8A%88%ED%8D%BC%EC%8A%A4%ED%83%80-82-%ED%99%94%EC%9D%B4%ED%8A%B8-%EB%B8%94%EB%9E%99-260,2026-08-04,https://image.production.fruitsfamily.com/public/product/resized%40width620/q5tCAAp4p-c7356341bea6.jpg|https://image.production.fruitsfamily.com/public/product/resized%40width620/Yg5D4VqCrY-f2d01ff3c615.jpg|https://image.production.fruitsfamily.com/public/product/resized%40width620/hN1r7MSaio-7d4896d07784.jpg|https://image.production.fruitsfamily.com/public/product/resized%40width620/mh9l1ODnIv-283acb94f738.jpg|https://image.production.fruitsfamily.com/public/product/resized%40width620/qTHxFRNlXF-d10853533c7e.jpg|https://image.production.fruitsfamily.com/public/product/resized%40width620/Z9Q8jQdxG-89272ea1e54f.jpg,data/images/adidas/9431359_01.jpg|data/images/adidas/9431359_02.jpg|data/images/adidas/9431359_03.jpg
FRUITSFAMILY,10246992,Adidas,Adidas,아디다스 슈퍼스타 송포더뮤트 블랙 270,150000,,270,아디다스 슈퍼스타 송포더뮤트 블랙 270사이즈 판매합니다. 올블랙 색상에 스웨이드 재질이 고급스러움을 더합니다. 실착 횟수 단시간 1회로 상태 좋습니다.,False,https://fruitsfamily.com/product/63mmo/%EC%95%84%EB%94%94%EB%8B%A4%EC%8A%A4-%EC%8A%88%ED%8D%BC%EC%8A%A4%ED%83%80-%EC%86%A1%ED%8F%AC%EB%8D%94%EB%AE%A4%ED%8A%B8-%EB%B8%94%EB%9E%99-270,2026-08-04,https://image.production.fruitsfamily.com/public/product/resized%40width620/cjV0CtDGk-f0a843c419fd.jpg|https://image.production.fruitsfamily.com/public/product/resized%40width620/Hdp4Do2WsV-d2038ae98d57.jpg|https://image.production.fruitsfamily.com/public/product/resized%40width620/flZBpnyUYq-95da699167ea.jpg,data/images/adidas/10246992_01.jpg|data/images/adidas/10246992_02.jpg|data/images/adidas/10246992_03.jpg
FRUITSFAMILY,9573615,Adidas,Adidas,(285) 아디다스 이지 슬라이드 솔트 yeezy yzy,120000,200000,285,"*8/7(금) 이후 가격 인상

Adidas

Yeezy Slide

Salt 

US 10 = 285cm

정품

세탁 완료

택과 박스 모두 보유 중 풀박스 구성

하늘색에 민트를 조금 섞은 듯한 오묘한 색감

본인 정사이즈 270, 발볼과 발등 평범함, 매장에서 275 사이즈 신어보고 발볼이나 발등이 타이트해서 285 선택 

사무실이나 독서실 등 실내에서 주로 착용했고 착용한 시간이 많지 않으나 밑창에 마모가 조금 있습니다. 신었을 때 아웃솔의 돌기는 살아 있을 정도로만 마모가 진행되어서 실착 시 외형에는 문제가 없습니다. 

칸예 웨스트와 아디다스 파트너쉽이 끝나 더이상 재생산이 없는 제품입니다.

*여러 플랫폼(당근, 번개)에 동시 등록된 상품입니다. 선착순으로 판매하니 빠른 결정 부탁드려요.",False,https://fruitsfamily.com/product/5p71r/285-%EC%95%84%EB%94%94%EB%8B%A4%EC%8A%A4-%EC%9D%B4%EC%A7%80-%EC%8A%AC%EB%9D%BC%EC%9D%B4%EB%93%9C-%EC%86%94%ED%8A%B8-yeezy-yzy,2026-08-04,https://image.production.fruitsfamily.com/public/product/resized%40width620/OYNlD9T5x-e5feb5371108.jpg|https://image.production.fruitsfamily.com/public/product/resized%40width620/nmNif52cgH-8b249681a463.jpg|https://image.production.fruitsfamily.com/public/product/resized%40width620/lYIjVfkpsz-70afdea8998a.jpg|https://image.production.fruitsfamily.com/public/product/resized%40width620/XYyA9Md-py-74294ffa2cad.jpg|https://image.production.fruitsfamily.com/public/product/resized%40width620/7RrRwtFmGe-7c4c09391232.jpg|https://image.production.fruitsfamily.com/public/product/resized%40width620/AJcpO5KQxA-630ab78fae36.jpg|https://image.production.fruitsfamily.com/public/product/resized%40width620/bzrx814vpP-9270e1c787ae.jpg,data/images/adidas/9573615_01.jpg|data/images/adidas/9573615_02.jpg|data/images/adidas/9573615_03.jpg
FRUITSFAMILY,10067268,Adidas,Adidas,아디다스 태권도 메이 오프 화이트 서플라이어,90000,,275,"275. JS0297

2025년 2월 아디다스 태권도 발매 당일, 런던에 위치한 아디다스 플래그십 스토어에서 구매한 제품입니다. 아디다스 태권도 메이 오프 화이트 서플라이어는 착화감 좋습니다. 특히 얼룩말 패턴 부분은 만졌을 때 털처럼 부드러운 질감이 느껴져 디자인뿐만 아니라 촉감까지 만족스럽습니다.

리셀 플랫폼에서도 구하기 어려운 사이즈이며 실착은 한 번밖에 하지 않아 전체적인 상태는 매우 좋습니다. 다만 7번 사진에서 확인되는 것처럼 밑창 고무 부분에 약간의 손상이 있습니다. 추가로 확인하고 싶은 부분 있으시면 편하게 연락 주세요.

많은 관심 부탁드립니다.🇰🇷🥋",False,https://fruitsfamily.com/product/5zryc/%EC%95%84%EB%94%94%EB%8B%A4%EC%8A%A4-%ED%83%9C%EA%B6%8C%EB%8F%84-%EB%A9%94%EC%9D%B4-%EC%98%A4%ED%94%84-%ED%99%94%EC%9D%B4%ED%8A%B8-%EC%84%9C%ED%94%8C%EB%9D%BC%EC%9D%B4%EC%96%B4,2026-08-04,https://image.production.fruitsfamily.com/public/product/resized%40width620/oCQXPqGHI-e5507602d1fb.jpg|https://image.production.fruitsfamily.com/public/product/resized%40width620/CiQ7SKWQw4-06ad12827265.jpg|https://image.production.fruitsfamily.com/public/product/resized%40width620/_s5PWSFz6o-e04e99cbb82b.jpg|https://image.production.fruitsfamily.com/public/product/resized%40width620/hMuUA6OA5V-2a117893bc63.jpg|https://image.production.fruitsfamily.com/public/product/resized%40width620/dM0mBw0KrV-5b52df5ae57e.jpg|https://image.production.fruitsfamily.com/public/product/resized%40width620/rZ1cRUEdqT-f9b9a86da317.jpg|https://image.production.fruitsfamily.com/public/product/resized%40width620/w3gkZviqKI-b88ff05bfe23.jpg|https://image.production.fruitsfamily.com/public/product/resized%40width620/KebTYTuWNA-5960bf8773b3.jpg|https://image.production.fruitsfamily.com/public/product/resized%40width620/Azvd4iYvXz-57710a486b82.jpg|https://image.production.fruitsfamily.com/public/product/resized%40width620/v6xFsDtMVc-46b6ca7da6f0.jpg,data/images/adidas/10067268_01.jpg|data/images/adidas/10067268_02.jpg|data/images/adidas/10067268_03.jpg
FRUITSFAMILY,9214100,Adidas,Adidas,아디다스 재팬 크림 화이트블루(w225),90000,150000,225,"아디다스 재팬 크림 화이트블루(w225) 판매합니다
1회 착용 제품입니다
 
신발 단품인데 다른 박스에 담아드립니다

평소 정사이즈 230인데 잘 맞습니다 참고하세요",False,https://fruitsfamily.com/product/5hhn8/%EC%95%84%EB%94%94%EB%8B%A4%EC%8A%A4-%EC%9E%AC%ED%8C%AC-%ED%81%AC%EB%A6%BC-%ED%99%94%EC%9D%B4%ED%8A%B8%EB%B8%94%EB%A3%A8-w225,2026-08-04,https://image.production.fruitsfamily.com/public/product/resized%40width620/IFZIO-Txn-3590ed09b3f5.jpg|https://image.production.fruitsfamily.com/public/product/resized%40width620/0B-b0AcKjB-24f28e56e8cd.jpg|https://image.production.fruitsfamily.com/public/product/resized%40width620/AzeZo7TI0-cb163cd5e58e.jpg|https://image.production.fruitsfamily.com/public/product/resized%40width620/ddENwzl9B3-1cfd8572668f.jpg|https://image.production.fruitsfamily.com/public/product/resized%40width620/78Mx8DxSgM-056ccd702011.jpg|https://image.production.fruitsfamily.com/public/product/resized%40width620/0nUY-eCax8-50f712c4ac36.jpg|https://image.production.fruitsfamily.com/public/product/resized%40width620/xQQx08vAuu-133f77e3dd28.jpg,data/images/adidas/9214100_01.jpg|data/images/adidas/9214100_02.jpg|data/images/adidas/9214100_03.jpg
FRUITSFAMILY,9670929,Adidas,Adidas,아디다스 토바코 버건디,71000,126000,240,"가벼운 사용감 있으며, 비교적 깨끗한 편입니다. 신발 끈에 본드 자국은 구매했을 때부터 있었으며 (사진 참고) 같이 증정된 여분 끈도 함께 드립니다. 

현재 크림 시세로는 199,000원입니다.

* 계좌 구매 시 배송비 무료입니다.",False,https://fruitsfamily.com/product/5ra4x/%EC%95%84%EB%94%94%EB%8B%A4%EC%8A%A4-%ED%86%A0%EB%B0%94%EC%BD%94-%EB%B2%84%EA%B1%B4%EB%94%94,2026-08-04,https://image.production.fruitsfamily.com/public/product/resized%40width620/xBLJXmg51N-f33e5ddf9663.jpg|https://image.production.fruitsfamily.com/public/product/resized%40width620/-A35IYehZs-c121bdf121e0.jpg|https://image.production.fruitsfamily.com/public/product/resized%40width620/cwEugUspZU-1724d054b3b9.jpg|https://image.production.fruitsfamily.com/public/product/resized%40width620/eEsxyWGJIl-d9ab6d7ada4f.jpg|https://image.production.fruitsfamily.com/public/product/resized%40width620/dnahdq6dEj-b6afe2d16af0.jpg|https://image.production.fruitsfamily.com/public/product/resized%40width620/dWzVM9KdP9-a2bd257dda59.jpg|https://image.production.fruitsfamily.com/public/product/resized%40width620/fYyyZRXb8A-643f7d1f26c6.jpg,data/images/adidas/9670929_01.jpg|data/images/adidas/9670929_02.jpg|data/images/adidas/9670929_03.jpg
FRUITSFAMILY,9721876,Adidas,Adidas,[280] 아디다스 x 스포티 앤 리치 삼바 버건디,98000,148000,280,"아디다스 x 스포티 앤 리치 삼바 OG 클라우드 화이트 컬리지에이트 버건디 280사이즈 판매합니다

실착 2번하였고 상태 깨끗하고 좋습니다

관심있으시면 연락주세여

배송비는 제가 부담합니다",False,https://fruitsfamily.com/product/5sdg4/280-%EC%95%84%EB%94%94%EB%8B%A4%EC%8A%A4-x-%EC%8A%A4%ED%8F%AC%ED%8B%B0-%EC%95%A4-%EB%A6%AC%EC%B9%98-%EC%82%BC%EB%B0%94-%EB%B2%84%EA%B1%B4%EB%94%94,2026-08-04,https://image.production.fruitsfamily.com/public/product/resized%40width620/OHkTa4Ut0-909b2c6a9606.jpg|https://image.production.fruitsfamily.com/public/product/resized%40width620/jgnBqnUeDh-ff5486a4a9a4.jpg|https://image.production.fruitsfamily.com/public/product/resized%40width620/3jMUs-u1pV-f9fbb0a5e24c.jpg|https://image.production.fruitsfamily.com/public/product/resized%40width620/8ZlGWbrzlo-e4727d9ef9fd.jpg,data/images/adidas/9721876_01.jpg|data/images/adidas/9721876_02.jpg|data/images/adidas/9721876_03.jpg
FRUITSFAMILY,7386050,Adidas,Adidas,"삼바OG
흰검
230",120000,125000,230,"정가 149000원
삼바OG
흰검
230
택 달린 새상품
(깔창 프린트 떼어짐 있습니다(사진첨부))",False,https://fruitsfamily.com/product/4eb42/%EC%82%BC%EB%B0%94og-%ED%9D%B0%EA%B2%80-230,2026-08-04,https://image.production.fruitsfamily.com/public/product/resized%40width620/F47tf51nEG-1768523281453.jpg|https://image.production.fruitsfamily.com/public/product/resized%40width620/zHXL7F0fMB-1768523281465.jpg|https://image.production.fruitsfamily.com/public/product/resized%40width620/3vNpJKBjbY-1768523281475.jpg|https://image.production.fruitsfamily.com/public/product/resized%40width620/x3611Z-iQI-1770211539424.jpg,data/images/adidas/7386050_01.jpg|data/images/adidas/7386050_02.jpg|data/images/adidas/7386050_03.jpg
FRUITSFAMILY,9779187,Adidas,Adidas,아디다스 x 에디슨 첸 클랏 삼바 에스파드리유 270 핑크,125000,,270,"아디다스 x 에디슨 첸 클랏 삼바 에스파드리유 
270사이즈 /핑크  

1회 5분 단시간 착용 / 택은 제거하고 보관
(새상품급 제품)",False,https://fruitsfamily.com/product/5tlo3/%EC%95%84%EB%94%94%EB%8B%A4%EC%8A%A4-x-%EC%97%90%EB%94%94%EC%8A%A8-%EC%B2%B8-%ED%81%B4%EB%9E%8F-%EC%82%BC%EB%B0%94-%EC%97%90%EC%8A%A4%ED%8C%8C%EB%93%9C%EB%A6%AC%EC%9C%A0-270-%ED%95%91%ED%81%AC,2026-08-04,https://image.production.fruitsfamily.com/public/product/resized%40width620/M3cfa2hJ2-dd9d67bd4e58.jpg|https://image.production.fruitsfamily.com/public/product/resized%40width620/UDL_BkYwvY-fbd11c95e641.jpg|https://image.production.fruitsfamily.com/public/product/resized%40width620/ZwUtzSvU6e-667b9cc7b87a.jpg|https://image.production.fruitsfamily.com/public/product/resized%40width620/6r6LVQdw5s-d772c3635810.jpg|https://image.production.fruitsfamily.com/public/product/resized%40width620/cPT6s0v6Kq-b44d1124be31.jpg|https://image.production.fruitsfamily.com/public/product/resized%40width620/h7y-E3gK45-162ad028da68.jpg,data/images/adidas/9779187_01.jpg|data/images/adidas/9779187_02.jpg|data/images/adidas/9779187_03.jpg
FRUITSFAMILY,9494707,Adidas,Adidas,아디다스 퍼렐 NMD 휴먼 탠저린,200000,,265,"아디다스 x 퍼렐 윌리엄스 Hu NMD 휴먼 탠저린 컬러입니다.

사진 보시면 아시겠지만 실착 횟수가 별로 없어 상태 매우 좋습니다.

울트라폼 특성으로 5%정도 황변이 있긴한데 신으시면 안보입니다.

260이긴한데 크게 나와 265나 칼발이시면 270도 가능한정도입니다.

#퍼렐 #휴먼레이스 #울트라부스트",False,https://fruitsfamily.com/product/5ni5v/%EC%95%84%EB%94%94%EB%8B%A4%EC%8A%A4-%ED%8D%BC%EB%A0%90-nmd-%ED%9C%B4%EB%A8%BC-%ED%83%A0%EC%A0%80%EB%A6%B0,2026-08-04,https://image.production.fruitsfamily.com/public/product/resized%40width620/CqlqY0WTP-66c47b11018c.jpg|https://image.production.fruitsfamily.com/public/product/resized%40width620/_5q36ayvJU-062a5f32cf82.jpg|https://image.production.fruitsfamily.com/public/product/resized%40width620/gmOq5CDpj1-25362167ceb1.jpg|https://image.production.fruitsfamily.com/public/product/resized%40width620/CXHoMzFU-0-4ef33df29553.jpg|https://image.production.fruitsfamily.com/public/product/resized%40width620/S3oUDDBviU-b0a269187a8e.jpg|https://image.production.fruitsfamily.com/public/product/resized%40width620/UlIZrMynSg-4d77599eae80.jpg,data/images/adidas/9494707_01.jpg|data/images/adidas/9494707_02.jpg|data/images/adidas/9494707_03.jpg
FRUITSFAMILY,9712948,Adidas,Adidas,(새제품)아디다스x휴먼메이드 아디매틱 255,240000,330000,255,"255사이즈입니다.

크림에서 구매했으며 미시착 새제품입니다.

필요한 사진 요청 바랍니다.",False,https://fruitsfamily.com/product/5s6k4/%EC%83%88%EC%A0%9C%ED%92%88-%EC%95%84%EB%94%94%EB%8B%A4%EC%8A%A4x%ED%9C%B4%EB%A8%BC%EB%A9%94%EC%9D%B4%EB%93%9C-%EC%95%84%EB%94%94%EB%A7%A4%ED%8B%B1-255,2026-08-04,https://image.production.fruitsfamily.com/public/product/resized%40width620/Z7zzTMxK--a1f855f780e5.jpg|https://image.production.fruitsfamily.com/public/product/resized%40width620/Ls-XY50V1O-efba1ed3fd4a.jpg|https://image.production.fruitsfamily.com/public/product/resized%40width620/xcMO9wWMIR-29a086599275.jpg,data/images/adidas/9712948_01.jpg|data/images/adidas/9712948_02.jpg|data/images/adidas/9712948_03.jpg
FRUITSFAMILY,9498753,Adidas,Adidas,Adidas Tobacco Gruen Collegiate(235),88000,105000,235,"Adidas 토바코 그루엔 컬리지에이트 버건디

*26.06.05 기준 크림 판매가 298,000원(235)*

-size: 235 (정사이즈, 발폭 보통)
-크림에서 구매했던 제품이고 황금사이즈입니다.
-이체 시 무료배송
-카드 결제 시 자동 수수료 나갑니다.
-교환 반품 불가

편하게 문의주세요!",False,https://fruitsfamily.com/product/5nla9/adidas-tobacco-gruen-collegiate-235,2026-08-04,https://image.production.fruitsfamily.com/public/product/resized%40width620/xSjF_Ji1m-6dd80cd40416.jpg|https://image.production.fruitsfamily.com/public/product/resized%40width620/sLK64ifNtM-5511e709aa11.jpg|https://image.production.fruitsfamily.com/public/product/resized%40width620/uKYQ5BvvRk-53a8e42d73f7.jpg,data/images/adidas/9498753_01.jpg|data/images/adidas/9498753_02.jpg|data/images/adidas/9498753_03.jpg
FRUITSFAMILY,5020344,Adidas,Adidas,[새상품] 아디다스 메가라이드 메탈릭 실버,143500,,230,"아디다스 메가라이드 메탈릭 실버

• 박스 O 택달린 새상품
• Size : 230 
• 국내 미발매 제품 
• 약 4cm 키높이 아웃솔

🩶
국내 미출시 모델로 국내 입고 예정 없는 제품이며 실물이 훨씬 예쁘고 키높이와 착화감 모두 잡은 흔하지 않은 모델입니다 !! 
국내에 없는 희귀한데 예쁜모델이라 유행 타지 않고 쭉- 신기 좋아요
가지고 계신 아디다스 의류와 매치하면 바로 핀터무드 완성 … 🕶️🫢 진짜 강추합니다 230 딱 하나 가지고있어요

상점 내 모든 물건 공식판매처에서 직접 구매한 100%정품입니다
교신/네고 문의 죄송합니다
• 일반택배 +3,500₩",False,https://fruitsfamily.com/product/2zlq0/%EC%83%88%EC%83%81%ED%92%88-%EC%95%84%EB%94%94%EB%8B%A4%EC%8A%A4-%EB%A9%94%EA%B0%80%EB%9D%BC%EC%9D%B4%EB%93%9C-%EB%A9%94%ED%83%88%EB%A6%AD-%EC%8B%A4%EB%B2%84,2026-08-04,https://image.production.fruitsfamily.com/public/product/resized%40width620/jdsZx-n8KN-B674B05D-5BC0-4EDA-B690-245B96483B04.jpg|https://image.production.fruitsfamily.com/public/product/resized%40width620/WxKuLgrS31-A4DF5EE3-1D3D-4B6F-BA01-F65382AD8EE1.jpg|https://image.production.fruitsfamily.com/public/product/resized%40width620/dHIRLy8rSB-309633AD-EC9F-49F9-AF7C-A6C0312BCF28.jpg|https://image.production.fruitsfamily.com/public/product/resized%40width620/4DWv4tEjiv-C37A8E5B-6294-43E3-A575-EA87EB19F76E.jpg|https://image.production.fruitsfamily.com/public/product/resized%40width620/gGoGrB6xN3-38885731-38CC-46AF-A145-C4384170B1FA.jpg|https://image.production.fruitsfamily.com/public/product/resized%40width620/KTasPea5G-06BBEA45-3CB9-418F-BC5F-384C7EF16B29.jpg|https://image.production.fruitsfamily.com/public/product/resized%40width620/sln2Nw5J9u-46B13E26-DC5C-4738-AEE2-2822B0590A44.jpg,data/images/adidas/5020344_01.jpg|data/images/adidas/5020344_02.jpg|data/images/adidas/5020344_03.jpg
FRUITSFAMILY,9080870,Adidas,Adidas,아디다스 캠퍼스(campus)  80s,80000,,270,"아디다스 캠퍼스 스웨이드 80s (fv0488) 모델입니다. 80년대 캠퍼스 복각 모델이고 뒷부분
아디다스 로고가 생략된 모델이고 로고가 있는 모델과 스웨이드 재질, 분위기 차이가 많습니다. (사진 마지막 두장이 최근에 나온 모델)
사용감은 어느정도 있는데 전체적으로 깨끗하니
상태는 사진으로 확인해 주세요! 
볼이 좁아서 발볼이 좁으신  분들이나 평소 260-265정도 신으시는 분들도 맞을거 같습니다
박스없고 신발 단품입니다~",False,https://fruitsfamily.com/product/5emue/%EC%95%84%EB%94%94%EB%8B%A4%EC%8A%A4-%EC%BA%A0%ED%8D%BC%EC%8A%A4-campus-80s,2026-08-04,https://image.production.fruitsfamily.com/public/product/resized%40width620/q7HvdQgD5-318eceef7e62.jpg|https://image.production.fruitsfamily.com/public/product/resized%40width620/KYhCCo6UXN-a88de0a1565b.jpg|https://image.production.fruitsfamily.com/public/product/resized%40width620/56M5yXYs1D-3bd7f0a8c8a1.jpg|https://image.production.fruitsfamily.com/public/product/resized%40width620/UtCvjliBIl-a5cb6ce841a9.jpg|https://image.production.fruitsfamily.com/public/product/resized%40width620/qz5T3wxQwD-36119db3082f.jpg|https://image.production.fruitsfamily.com/public/product/resized%40width620/LFlPJmDV5f-22ae1b9c5cfa.jpg|https://image.production.fruitsfamily.com/public/product/resized%40width620/prfkRUB3gI-ded2a95b2995.jpg|https://image.production.fruitsfamily.com/public/product/resized%40width620/_uyKKsHPH-4de17150fb75.jpg|https://image.production.fruitsfamily.com/public/product/resized%40width620/Wsg6uCpprG-0407aeca0978.jpg,data/images/adidas/9080870_01.jpg|data/images/adidas/9080870_02.jpg|data/images/adidas/9080870_03.jpg
FRUITSFAMILY,1164870,Adidas,Adidas,(280) 2007 Adidas Muhammad Ali,150000,,280,"2007 Adidas Ali Classic Muhammad Ali Super star 

Size : 280

현재 스탁엑스에선 새상품기준 1700만원에 올라와 있네요 가격 뻥튀기를 한 상태인 것 같긴한데, 이 사이즈는 매물은 찾아보기 힘듭니다

Price : 380,000

#우까이우까이구매가능",False,https://fruitsfamily.com/product/oyti/280-2007-adidas-muhammad-ali,2026-08-04,https://image.production.fruitsfamily.com/public/product/resized%40width620/AcD7kU-yku-EC58D8FE-EA2F-402E-B061-D3E9F79ED872.jpg|https://image.production.fruitsfamily.com/public/product/resized%40width620/vvUtF-4ePr-B120F1F7-29F4-4106-8987-5CF48C9B0B71.jpg|https://image.production.fruitsfamily.com/public/product/resized%40width620/uxbAdf3Qjr-633F760B-F2DF-4A85-9A61-7F5665874E8B.jpg|https://image.production.fruitsfamily.com/public/product/resized%40width620/QuddD4NA2Y-1C6CCA82-7E0A-49C4-B691-515DF90D11E5.jpg|https://image.production.fruitsfamily.com/public/product/resized%40width620/YqHTITsHXG-A272C912-C3D7-42DA-9451-4AC8FB21806B.jpg|https://image.production.fruitsfamily.com/public/product/resized%40width620/pzpZNRlpw2-9E323A7B-CB31-45FC-8519-1BAE44C1CE24.jpg|https://image.production.fruitsfamily.com/public/product/resized%40width620/dVvg3clmMt-D9A2B598-AC21-4391-B88C-2F24327C79CB.jpg|https://image.production.fruitsfamily.com/public/product/resized%40width620/xdqbtmwokvt-BAAB67C9-8C3D-4E19-85B7-3011C75BC294.jpg|https://image.production.fruitsfamily.com/public/product/resized%40width620/Rk6l6uTY2-9C5D9E97-F688-49EE-BFE4-007A09BE5BC9.jpg,data/images/adidas/1164870_01.jpg|data/images/adidas/1164870_02.jpg|data/images/adidas/1164870_03.jpg
FRUITSFAMILY,10091001,Adidas,Adidas,[245mm] 아디다스 프레데터 엘리트 폴드오버 AG,190000,,245,"품번 JS1059
인조구장 2회 착용
첨부 사진으로 컨디션 설명 대체하니 꼭 확인 바람

축구화+가방 세트
환불 불가(컨디션 및 사이즈로 인한 변심 사절)",False,https://fruitsfamily.com/product/60a9l/245mm-%EC%95%84%EB%94%94%EB%8B%A4%EC%8A%A4-%ED%94%84%EB%A0%88%EB%8D%B0%ED%84%B0-%EC%97%98%EB%A6%AC%ED%8A%B8-%ED%8F%B4%EB%93%9C%EC%98%A4%EB%B2%84-ag,2026-08-04,https://image.production.fruitsfamily.com/public/product/resized%40width620/uw4iFHiGT-dd3fc129bdc6.jpg|https://image.production.fruitsfamily.com/public/product/resized%40width620/WqJssxJGHG-017f4901abd0.jpg|https://image.production.fruitsfamily.com/public/product/resized%40width620/tXQhFGb1QF-6773de350a31.jpg|https://image.production.fruitsfamily.com/public/product/resized%40width620/QIhPNHIuqH-2b8b37d83c24.jpg,data/images/adidas/10091001_01.jpg|data/images/adidas/10091001_02.jpg|data/images/adidas/10091001_03.jpg
FRUITSFAMILY,9823454,Adidas,Adidas,아디다스 슈퍼스타 올검,80000,,275,"아디다스 슈퍼스타
품번: EG4957
색상: 검정
사이즈: 275
*본인이 평소 신는 사이즈와 비교해주세요.
상태: 9/10 
구성품: 신발 단품,서비스로 슈박스

신발이 많아서 실착용은 서너 번 정도 짧게 신었기 때문에 상태는 좋습니다. 아웃솔이나 힐컵등 사진으로 확인 바랍니다. 서비스로 슈박스드립니다. 구매의사 있으시면 안전결제 하시면 됩니다.

*구매전 유의사항
상품 사이즈,색상,하자유무 확인하시고 확실한 구매의사가 있을때 연락주시고 구매해주세요.
그리고 상태에 너무 민감한 분들은 새제품을 구입
권해드립니다.

*가품일 경우를 제외한 단순변심,사이즈미스,게시물에 고지한 하자나 오염에 관해서는 귀책사유 이기 때문에 환불은 불가합니다. 

*비흡연자입니다.
*애완동물도 안키워요.

*제품 받으시고 구매확정 꼭 눌러주세요.

*구입의사 있으신 분들만 연락 바랍니다. 다짜고짜 얼마에 산다고 하거나 에눌 하면서 택포까지 요구하는 분들은 그냥 차단하겠습니다.

*혼자 쿨거래병에 걸린 사람은 그냥 거릅니다.",False,https://fruitsfamily.com/product/5ujtq/%EC%95%84%EB%94%94%EB%8B%A4%EC%8A%A4-%EC%8A%88%ED%8D%BC%EC%8A%A4%ED%83%80-%EC%98%AC%EA%B2%80,2026-08-04,https://image.production.fruitsfamily.com/public/product/resized%40width620/BedyrgYZ6-3788e5804127.jpg|https://image.production.fruitsfamily.com/public/product/resized%40width620/ws3ExLOCza-8946c52310f2.jpg|https://image.production.fruitsfamily.com/public/product/resized%40width620/Wv4IniwF_S-d698af62784a.jpg|https://image.production.fruitsfamily.com/public/product/resized%40width620/TbFsXmDU1P-a6c5bbe97311.jpg|https://image.production.fruitsfamily.com/public/product/resized%40width620/gMfq_BgI_j-9f4e4b7ff39e.jpg|https://image.production.fruitsfamily.com/public/product/resized%40width620/SyvHdCKRZT-06e8bcbe110e.jpg|https://image.production.fruitsfamily.com/public/product/resized%40width620/mULFUCtHVa-7f48bb497bfd.jpg,data/images/adidas/9823454_01.jpg|data/images/adidas/9823454_02.jpg|data/images/adidas/9823454_03.jpg
FRUITSFAMILY,10380545,Adidas,Adidas,아디다스 BW 독일군 280사이즈 팝니다 (B44648),99000,,280,"아디다스 BW 독일군 280사이즈 팝니다 (B44648)

택달린 미시착 새제품입니다 

박스 없이 신발 단품이고, 구매하고 집에서 보관만 하다가 이사 중에 나와서 정리 차원에서 판매합니다

스웨이드 파트 없이 전부 소가죽으로 된 모델이고, 아디다스코리아 정품입니다",False,https://fruitsfamily.com/product/66hoh/%EC%95%84%EB%94%94%EB%8B%A4%EC%8A%A4-bw-%EB%8F%85%EC%9D%BC%EA%B5%B0-280%EC%82%AC%EC%9D%B4%EC%A6%88-%ED%8C%9D%EB%8B%88%EB%8B%A4-b44648,2026-08-04,https://image.production.fruitsfamily.com/public/product/resized%40width620/X6RyjiTAa-a8e2195fa897.jpg|https://image.production.fruitsfamily.com/public/product/resized%40width620/Hzc750P6Yb-86cc358c5f75.jpg|https://image.production.fruitsfamily.com/public/product/resized%40width620/iWH_QH3ZN_-e14b46e187d8.jpg|https://image.production.fruitsfamily.com/public/product/resized%40width620/f73RIRarUg-cd130c62fd15.jpg|https://image.production.fruitsfamily.com/public/product/resized%40width620/nn12Kasw_4-7318915f56f6.jpg|https://image.production.fruitsfamily.com/public/product/resized%40width620/NfOWL-5WwW-ef92af49b7a4.jpg|https://image.production.fruitsfamily.com/public/product/resized%40width620/dJd81oT5bD-e681ff6c8fae.jpg,data/images/adidas/10380545_01.jpg|data/images/adidas/10380545_02.jpg|data/images/adidas/10380545_03.jpg
FRUITSFAMILY,10188149,Adidas,Adidas,아디다스 가젤 트리플 블랙 270,115000,120000,270,"아디다스 가젤 트리플 블랙 270 사이즈입니다.
3회착이며 하자없고 박스랑 택 보유중입니다.
구매 원하시면 바로 안전결제 해주시면 됩니다!",False,https://fruitsfamily.com/product/62d85/%EC%95%84%EB%94%94%EB%8B%A4%EC%8A%A4-%EA%B0%80%EC%A0%A4-%ED%8A%B8%EB%A6%AC%ED%94%8C-%EB%B8%94%EB%9E%99-270,2026-08-04,https://image.production.fruitsfamily.com/public/product/resized%40width620/IViByV-kv-195aa314f18c.jpg|https://image.production.fruitsfamily.com/public/product/resized%40width620/PvkFKojOHP-5e88ca16b897.jpg|https://image.production.fruitsfamily.com/public/product/resized%40width620/TeNS3xtSfF-f5dd8e190869.jpg|https://image.production.fruitsfamily.com/public/product/resized%40width620/tczLyhHDoL-582e5d2c3e3b.jpg|https://image.production.fruitsfamily.com/public/product/resized%40width620/9HgwaUUnfU-d26f255de304.jpg|https://image.production.fruitsfamily.com/public/product/resized%40width620/WtjfUwAVz6-4c5547adebea.jpg|https://image.production.fruitsfamily.com/public/product/resized%40width620/6ZMulYc3-_-9db166ae976e.jpg,data/images/adidas/10188149_01.jpg|data/images/adidas/10188149_02.jpg|data/images/adidas/10188149_03.jpg
FRUITSFAMILY,10327314,Adidas,Adidas,(250)아디다스 슈퍼스타 프리미엄 블랙화이트,185000,205500,250,"황금사이즈 250

상태는 사진과 동일합니다
박스는 버렸구 택이랑 검정끈은 보유중이에요!

택배비포함 및 네고 안받아요~
택배는 4000원
반값택배(CU)는 2000원 별도
직거래는 구미도량뜨란채5단지 가능합니다!",False,https://fruitsfamily.com/product/65clu/250-%EC%95%84%EB%94%94%EB%8B%A4%EC%8A%A4-%EC%8A%88%ED%8D%BC%EC%8A%A4%ED%83%80-%ED%94%84%EB%A6%AC%EB%AF%B8%EC%97%84-%EB%B8%94%EB%9E%99%ED%99%94%EC%9D%B4%ED%8A%B8,2026-08-04,https://image.production.fruitsfamily.com/public/product/resized%40width620/mKLUyKdoN-62dbe53b921a.jpg|https://image.production.fruitsfamily.com/public/product/resized%40width620/TEAVN0W881-d7a8246f1db4.jpg|https://image.production.fruitsfamily.com/public/product/resized%40width620/UtF9NybsOj-92d4211ef6c1.jpg|https://image.production.fruitsfamily.com/public/product/resized%40width620/3oQoHI2I4O-f957b05cc4b4.jpg|https://image.production.fruitsfamily.com/public/product/resized%40width620/W_hSbfSukQ-875b812e0dba.jpg|https://image.production.fruitsfamily.com/public/product/resized%40width620/HRjjncYUX--447378455027.jpg|https://image.production.fruitsfamily.com/public/product/resized%40width620/Uter1A_0vE-50e6627b0836.jpg|https://image.production.fruitsfamily.com/public/product/resized%40width620/n04CjIbLQX-aca40a9bfc12.jpg,data/images/adidas/10327314_01.jpg|data/images/adidas/10327314_02.jpg|data/images/adidas/10327314_03.jpg
FRUITSFAMILY,10306714,Adidas,Adidas,아디다스 스탠스미스 데콘 [290],135000,,290,"아디다스 스탠스미스 데콘 [290]
3회 미만 착용",False,https://fruitsfamily.com/product/64wpm/%EC%95%84%EB%94%94%EB%8B%A4%EC%8A%A4-%EC%8A%A4%ED%83%A0%EC%8A%A4%EB%AF%B8%EC%8A%A4-%EB%8D%B0%EC%BD%98-290,2026-08-04,https://image.production.fruitsfamily.com/public/product/resized%40width620/Zba2AD9X4-fe1fca3a7072.jpg|https://image.production.fruitsfamily.com/public/product/resized%40width620/oFYMVJgXO_-8e13e39abbd6.jpg|https://image.production.fruitsfamily.com/public/product/resized%40width620/nZGFuBbUhi-bce1516862d3.jpg,data/images/adidas/10306714_01.jpg|data/images/adidas/10306714_02.jpg|data/images/adidas/10306714_03.jpg
FRUITSFAMILY,4525137,Adidas,Adidas,[235] 아디다스 송포더뮤트 슈퍼스타82 화이트(✨새상품),160000,,235,"상태
- 새상품

사이즈
- 235

모델
- JQ0958

아디다스 래플 직접 당첨된 정품입니다.

📦 쿨거래시 무료 배송 
🚛 당일 바로 편의점 택배 접수",False,https://fruitsfamily.com/product/2ozm9/235-%EC%95%84%EB%94%94%EB%8B%A4%EC%8A%A4-%EC%86%A1%ED%8F%AC%EB%8D%94%EB%AE%A4%ED%8A%B8-%EC%8A%88%ED%8D%BC%EC%8A%A4%ED%83%8082-%ED%99%94%EC%9D%B4%ED%8A%B8-%EC%83%88%EC%83%81%ED%92%88,2026-08-04,https://image.production.fruitsfamily.com/public/product/resized%40width620/paWvTSYKBP-346D25F9-56A7-42F3-AE5A-3F1216F80DBE.jpg|https://image.production.fruitsfamily.com/public/product/resized%40width620/kv-xs_c_E-8FF28739-59D1-4665-9143-FEC761A7368D.jpg|https://image.production.fruitsfamily.com/public/product/resized%40width620/oWaA8w7sxs-5B152A32-86B0-44CA-B5B3-CF85943CAF53.jpg,data/images/adidas/4525137_01.jpg|data/images/adidas/4525137_02.jpg|data/images/adidas/4525137_03.jpg
FRUITSFAMILY,4690806,Adidas,Adidas,새 상품 ) 아디다스 네오 VL,85000,90000,225,"생각해 놓은 옷과 코디하려고 샀다가 아까워 결국 안 신고 판매하게 됐습니다.
2024년도 6월경에 구매하였고 집에서 신어만 봤을 뿐, 신고 나간 적 없는 완전히 새 상품입니다.
평소 230 신으나, 크게 나왔다 하여 225로 구매했고, 제게 잘 맞습니다.",False,https://fruitsfamily.com/product/2sjg6/%EC%83%88-%EC%83%81%ED%92%88-%EC%95%84%EB%94%94%EB%8B%A4%EC%8A%A4-%EB%84%A4%EC%98%A4-vl,2026-08-04,https://image.production.fruitsfamily.com/public/product/resized%40width620/jMLx8bmhlT-890B5F30-4DD1-4C6C-A068-9DC4EC039B28.jpg|https://image.production.fruitsfamily.com/public/product/resized%40width620/QEizOzQ9rg-3CDD8ECF-6A4C-4715-9981-73DA0E5C7804.jpg|https://image.production.fruitsfamily.com/public/product/resized%40width620/gGZhl8lhkJ-1137CD1E-8EA6-46F7-8245-00AF0D2CADA1.jpg|https://image.production.fruitsfamily.com/public/product/resized%40width620/Y-IzLT5TIc-B7850F29-BF2C-48DD-8F99-E409FE4C4715.jpg,data/images/adidas/4690806_01.jpg|data/images/adidas/4690806_02.jpg|data/images/adidas/4690806_03.jpg
FRUITSFAMILY,4531415,Adidas,Adidas,아디다스 가젤 코랄,63000,70000,265,"뒷굽 갈림 없고 상태 좋습니다

세탁 완료 ! 되게 이뻐용",False,https://fruitsfamily.com/product/2p4gn/%EC%95%84%EB%94%94%EB%8B%A4%EC%8A%A4-%EA%B0%80%EC%A0%A4-%EC%BD%94%EB%9E%84,2026-08-04,https://image.production.fruitsfamily.com/public/product/resized%40width620/ALf2KRSviD-373C367A-64B8-44E9-891E-FBE78A2CE941.jpg|https://image.production.fruitsfamily.com/public/product/resized%40width620/LI_E0YWRdz-599DF18F-CF35-435C-8E19-F7774DA8A7B4.jpg|https://image.production.fruitsfamily.com/public/product/resized%40width620/irHu5nzxYp-598F9997-BA0A-4936-8F1B-0BB0427ACFEB.jpg|https://image.production.fruitsfamily.com/public/product/resized%40width620/n2WmF9Uvd-7D3203F5-13BD-49E9-B7D7-A9024A0515D9.jpg,data/images/adidas/4531415_01.jpg|data/images/adidas/4531415_02.jpg|data/images/adidas/4531415_03.jpg
FRUITSFAMILY,10248243,Adidas,Adidas,아디다스x노타이틀 . 삼바 OG 카우 프린트,120000,200000,245,한정판 모델 245사이즈입니다 유행할때 사놓고 세번 신었습니다 사용감은 아주 조금 있습니다,False,https://fruitsfamily.com/product/63nlf/%EC%95%84%EB%94%94%EB%8B%A4%EC%8A%A4x%EB%85%B8%ED%83%80%EC%9D%B4%ED%8B%80-%EC%82%BC%EB%B0%94-og-%EC%B9%B4%EC%9A%B0-%ED%94%84%EB%A6%B0%ED%8A%B8,2026-08-04,https://image.production.fruitsfamily.com/public/product/resized%40width620/sBeSBboeM-db9f6c31dfdd.jpg|https://image.production.fruitsfamily.com/public/product/resized%40width620/eKVGXD4YiK-263f441cf1f3.jpg|https://image.production.fruitsfamily.com/public/product/resized%40width620/kD-zgObwG2-da430e6c6bdb.jpg|https://image.production.fruitsfamily.com/public/product/resized%40width620/zQuQh_zxj_-dbb0a738d664.jpg|https://image.production.fruitsfamily.com/public/product/resized%40width620/BCIk1e6Pxm-0593c6cd6789.jpg,data/images/adidas/10248243_01.jpg|data/images/adidas/10248243_02.jpg|data/images/adidas/10248243_03.jpg
FRUITSFAMILY,10078725,Adidas,Adidas,(265) 아디다스 삼바 비건 화이트 블랙,75000,80000,265,"삼바 클라우드 화이트랑 다른 제품입니다

10회 미만 착용

약간의 주름 이외엔 말끔합니다

딱히 많이 신지는 않아서 고민끝에 판매합니다

현재 크림 시세가 20만원 왔다갔다 하네요

사진 상태 자세히 확인해주시고 구매해주세요

택포",False,https://fruitsfamily.com/product/600sl/265-%EC%95%84%EB%94%94%EB%8B%A4%EC%8A%A4-%EC%82%BC%EB%B0%94-%EB%B9%84%EA%B1%B4-%ED%99%94%EC%9D%B4%ED%8A%B8-%EB%B8%94%EB%9E%99,2026-08-04,https://image.production.fruitsfamily.com/public/product/resized%40width620/PGRlT8m4_-c0dbed3e636e.jpg|https://image.production.fruitsfamily.com/public/product/resized%40width620/O4lnvFLsgC-bfb3ee668456.jpg|https://image.production.fruitsfamily.com/public/product/resized%40width620/xus3Pqs7dQ-c7ab2b3b2ee0.jpg|https://image.production.fruitsfamily.com/public/product/resized%40width620/hNm7_VT5oG-9da04b22c778.jpg|https://image.production.fruitsfamily.com/public/product/resized%40width620/Rnzf4GL6rG-34eb4103e502.jpg|https://image.production.fruitsfamily.com/public/product/resized%40width620/qEtotJXycq-cefe7263bd4b.jpg|https://image.production.fruitsfamily.com/public/product/resized%40width620/YrmaZ_iy3--0e476d462048.jpg|https://image.production.fruitsfamily.com/public/product/resized%40width620/xFUBOmPXaW-6b7b21f37dae.jpg|https://image.production.fruitsfamily.com/public/product/resized%40width620/-5BfHjBSMw-96c2d662d7ac.jpg,data/images/adidas/10078725_01.jpg|data/images/adidas/10078725_02.jpg|data/images/adidas/10078725_03.jpg
FRUITSFAMILY,8295906,Adidas,Adidas,[290] 아디다스 아디스타 XLG 2.0 HQ7551,95000,165000,290,"사이즈: 290
구성품: 사진 그대로

집에서 실착만 해봤습니다.

예민한분 피하고 싶습니다.
네고 교신 x
쿨거래 택포",False,https://fruitsfamily.com/product/4xt5u/290-%EC%95%84%EB%94%94%EB%8B%A4%EC%8A%A4-%EC%95%84%EB%94%94%EC%8A%A4%ED%83%80-xlg-2-0-hq7551,2026-08-04,https://image.production.fruitsfamily.com/public/product/resized%40width620/UWudOSdiFS-1773887171451.jpg|https://image.production.fruitsfamily.com/public/product/resized%40width620/A1QN5XT7a8-1773886725920.jpg|https://image.production.fruitsfamily.com/public/product/resized%40width620/8qXT7CAWaD-1773886725944.jpg|https://image.production.fruitsfamily.com/public/product/resized%40width620/tR_f0f0XqN-1773886725956.jpg,data/images/adidas/8295906_01.jpg|data/images/adidas/8295906_02.jpg|data/images/adidas/8295906_03.jpg
FRUITSFAMILY,7325726,Adidas,Adidas,아디다스 × 송포더뮤트 태권도 올리브 uk 7 (새상품),200000,250000,255,아디다스 × 송포더뮤트 태권도 올리브 새상품 판매합니다.,False,https://fruitsfamily.com/product/4d0ke/%EC%95%84%EB%94%94%EB%8B%A4%EC%8A%A4-%EC%86%A1%ED%8F%AC%EB%8D%94%EB%AE%A4%ED%8A%B8-%ED%83%9C%EA%B6%8C%EB%8F%84-%EC%98%AC%EB%A6%AC%EB%B8%8C-uk-7-%EC%83%88%EC%83%81%ED%92%88,2026-08-04,https://image.production.fruitsfamily.com/public/product/resized%40width620/v_L3gAksRY-97A4E244-9FB5-4BCD-8EF3-0B4B992D0939.jpg|https://image.production.fruitsfamily.com/public/product/resized%40width620/XhkS3-W4Nq-2E07FF83-5322-4757-921B-160AF6B4A20E.jpg|https://image.production.fruitsfamily.com/public/product/resized%40width620/nBZcAHUSwl-7BA398F7-F8EE-4168-B074-AD43B1929BEC.jpg|https://image.production.fruitsfamily.com/public/product/resized%40width620/78t1QlXOAk-CE40787D-9222-4E2E-B1C8-34DAF5DFEBE1.jpg,data/images/adidas/7325726_01.jpg|data/images/adidas/7325726_02.jpg|data/images/adidas/7325726_03.jpg
FRUITSFAMILY,8668568,Adidas,Adidas,290)아디다스 토바코  그루엔 팬톤 메사 메이플 베이지 올리브,80000,90000,290,"아디다스 토바코 스니커즈 290사이즈 팝니다.

색상은 

팬톤 메사     (8만원 단품)
메이플 베이지 올리브 (8만원 새상품 풀박)

하나당 가격입니다

ㅡㅡㅡㅡㅡㅡㅡㅡㅡ
그루엔 다크브라운   ( 박스, 여분끈) -판매완료

빈티지한 디자인이라 코디하기도 용이합니다. 문의 없으시면 바로 안전결제해주시면 됩니다!",False,https://fruitsfamily.com/product/55spk/290-%EC%95%84%EB%94%94%EB%8B%A4%EC%8A%A4-%ED%86%A0%EB%B0%94%EC%BD%94-%EA%B7%B8%EB%A3%A8%EC%97%94-%ED%8C%AC%ED%86%A4-%EB%A9%94%EC%82%AC-%EB%A9%94%EC%9D%B4%ED%94%8C-%EB%B2%A0%EC%9D%B4%EC%A7%80-%EC%98%AC%EB%A6%AC%EB%B8%8C,2026-08-04,https://image.production.fruitsfamily.com/public/product/resized%40width620/hdvjLC7Zb-2d1b8803a304.jpg|https://image.production.fruitsfamily.com/public/product/resized%40width620/dPfVGYZx6R-1775899491213.jpg|https://image.production.fruitsfamily.com/public/product/resized%40width620/z0EMv3hpoS-1775899491227.jpg|https://image.production.fruitsfamily.com/public/product/resized%40width620/YeKehK41kg-1775899491238.jpg|https://image.production.fruitsfamily.com/public/product/resized%40width620/nJ5-fV8tvC-1775899491252.jpg|https://image.production.fruitsfamily.com/public/product/resized%40width620/onp4iM0aXH-1775899491263.jpg|https://image.production.fruitsfamily.com/public/product/resized%40width620/bG89Bt1SIO-1775899491274.jpg|https://image.production.fruitsfamily.com/public/product/resized%40width620/6wjCSAnh7o-1775899491285.jpg,data/images/adidas/8668568_01.jpg|data/images/adidas/8668568_02.jpg|data/images/adidas/8668568_03.jpg
FRUITSFAMILY,9987617,Adidas,Adidas,아디다스 슈퍼스타 블랙,85000,,265,"아디다스 슈퍼스타 입니다
크림에서 구매했고요 필요하시면 인증도 가능합니다
구매후 거의 신지 않아서 상태 좋습니다",False,https://fruitsfamily.com/product/5y2ht/%EC%95%84%EB%94%94%EB%8B%A4%EC%8A%A4-%EC%8A%88%ED%8D%BC%EC%8A%A4%ED%83%80-%EB%B8%94%EB%9E%99,2026-08-04,https://image.production.fruitsfamily.com/public/product/resized%40width620/x7iWuoKuj-1ea90a3fc56b.jpg|https://image.production.fruitsfamily.com/public/product/resized%40width620/hwQVoievn5-06e7450458fb.jpg|https://image.production.fruitsfamily.com/public/product/resized%40width620/qpwKpe8Qeb-836f87513bb5.jpg|https://image.production.fruitsfamily.com/public/product/resized%40width620/a5vH_nUEZh-a214121c3249.jpg,data/images/adidas/9987617_01.jpg|data/images/adidas/9987617_02.jpg|data/images/adidas/9987617_03.jpg
FRUITSFAMILY,7315974,Adidas,Adidas,[270] 아디다스 미씨 엘리엇 x 엑스타시 하이 콜라보 슈즈,103000,160000,270,"프랑스 파리에서 구매한 아디다스 오리지널 농구화 제품입니다.

아디다스 미씨 엘리엇 x 엑스타시 하이 제품으로 레어한 제품이에요
해
올림피안 블루 / 골드 색상합니아

프링스 쇼룸 샘플이라 촬영시 착용한 흔적 있습니다

사이즈 270 박스없는제품

면목동 직거래 혹은 택배거래(4000)

중고거래 특성상 교환 환불은 불가합니다",False,https://fruitsfamily.com/product/4ct1i/270-%EC%95%84%EB%94%94%EB%8B%A4%EC%8A%A4-%EB%AF%B8%EC%94%A8-%EC%97%98%EB%A6%AC%EC%97%87-x-%EC%97%91%EC%8A%A4%ED%83%80%EC%8B%9C-%ED%95%98%EC%9D%B4-%EC%BD%9C%EB%9D%BC%EB%B3%B4-%EC%8A%88%EC%A6%88,2026-08-04,https://image.production.fruitsfamily.com/public/product/resized%40width620/_Tx5sUBJu1-413191B4-89FE-41A9-BEBE-C02219D989E1.jpg|https://image.production.fruitsfamily.com/public/product/resized%40width620/2KGOlnnVuF-0B437C1E-D58D-4621-B757-9E04849996F5.jpg|https://image.production.fruitsfamily.com/public/product/resized%40width620/GrgEpd31un-9679F5F3-848A-48D5-89BC-D8FC2238E134.jpg|https://image.production.fruitsfamily.com/public/product/resized%40width620/6wHsFST2f1-03211BEC-A022-48CD-AF3B-10431D0B62F0.jpg|https://image.production.fruitsfamily.com/public/product/resized%40width620/FoTiy0-iRx-99D74116-8617-48C4-8224-BAD0C57E5C64.jpg|https://image.production.fruitsfamily.com/public/product/resized%40width620/zFJbK4ksoD-BDCC6F74-E92D-4CC1-A3D1-8F53CBC42AC7.jpg|https://image.production.fruitsfamily.com/public/product/resized%40width620/NFX40tnTF-1E3C51D6-20F4-413C-A914-7A66A1571B62.jpg,data/images/adidas/7315974_01.jpg|data/images/adidas/7315974_02.jpg|data/images/adidas/7315974_03.jpg
FRUITSFAMILY,9301417,Adidas,Adidas,이번주거래시[230] 아디다스 이지부스트 350 V2 크림화이트,75000,85000,230,"아디다스 이지부스트 350 V2 크림화이트 230 사이즈입니다. 세탁까지 완료된 매우 상태좋은 제품이고 . 별도 문의 없으시면 바로 안전결제 부탁드려요!

박스랑 택 본품 있습니다",False,https://fruitsfamily.com/product/5jd0p/%EC%9D%B4%EB%B2%88%EC%A3%BC%EA%B1%B0%EB%9E%98%EC%8B%9C-230-%EC%95%84%EB%94%94%EB%8B%A4%EC%8A%A4-%EC%9D%B4%EC%A7%80%EB%B6%80%EC%8A%A4%ED%8A%B8-350-v2-%ED%81%AC%EB%A6%BC%ED%99%94%EC%9D%B4%ED%8A%B8,2026-08-04,https://image.production.fruitsfamily.com/public/product/resized%40width620/rwGPDm_3s-4af3c20fe48a.jpg|https://image.production.fruitsfamily.com/public/product/resized%40width620/-kqT3-vi2g-31b9b227d31d.jpg|https://image.production.fruitsfamily.com/public/product/resized%40width620/P0BgpV_Dt9-4a882af801ef.jpg,data/images/adidas/9301417_01.jpg|data/images/adidas/9301417_02.jpg|data/images/adidas/9301417_03.jpg
FRUITSFAMILY,10110129,Adidas,Adidas,300) 아디다스 스탠 스미스 데콘 알루미나 올리브 스트라타,210000,250000,300,"이상품 이 사이즈는 
재발매전 매물 나오지도 않을것같습니다

엄청말랑한 소재며
280이 꽉끈으로 신고다녔습니다

마지막사진 참고  발등있고 발볼 넓은 에어포스280신어요  저정도 꽉끈 실루엣나오고 발가락 튀어나옴 없습니다 헐겁지않고 꽉 조여요

데콘모델에 이해도가 있으셨으면 좋겠습니다

은은한 올리브+베이지 색감이 
빈티지스러우면서도 고급스럽습니다
에이징느낌 좋아하시는분들께 추천드립니다

검정바지, 데님바지, 청바지 , 반바지 전부 잘맞아요

사진으로 보시다시피 생활오염있으며
빈티지한 끈과 잘 어울립니다

밑창 많이 안닳았습니다

풀구성입니다

. 문의 없으시면 바로 안전결제해주시면 됩니다!",False,https://fruitsfamily.com/product/60p0x/300-%EC%95%84%EB%94%94%EB%8B%A4%EC%8A%A4-%EC%8A%A4%ED%83%A0-%EC%8A%A4%EB%AF%B8%EC%8A%A4-%EB%8D%B0%EC%BD%98-%EC%95%8C%EB%A3%A8%EB%AF%B8%EB%82%98-%EC%98%AC%EB%A6%AC%EB%B8%8C-%EC%8A%A4%ED%8A%B8%EB%9D%BC%ED%83%80,2026-08-04,https://image.production.fruitsfamily.com/public/product/resized%40width620/zIM5XWS93-b7e4d88c5b0c.jpg|https://image.production.fruitsfamily.com/public/product/resized%40width620/zZq8eBF9nT-95b7101cbda8.jpg|https://image.production.fruitsfamily.com/public/product/resized%40width620/pAMapY8sQn-0e562c285c1f.jpg|https://image.production.fruitsfamily.com/public/product/resized%40width620/wvedmjrRYY-c6443a3539c5.jpg|https://image.production.fruitsfamily.com/public/product/resized%40width620/vYSkK6sq4f-abe2442bba57.jpg|https://image.production.fruitsfamily.com/public/product/resized%40width620/M4Rvr13NlX-cf069149ac38.jpg|https://image.production.fruitsfamily.com/public/product/resized%40width620/wv93PIdT0Z-ada3f2dfc9e9.jpg|https://image.production.fruitsfamily.com/public/product/resized%40width620/86tBs41E-Q-07c15aae9b68.jpg|https://image.production.fruitsfamily.com/public/product/resized%40width620/sMi3eD5sLv-45fc6524d6f7.jpg,data/images/adidas/10110129_01.jpg|data/images/adidas/10110129_02.jpg|data/images/adidas/10110129_03.jpg
FRUITSFAMILY,7066295,Adidas,Adidas,[새상품] 아다다스 메가라이드 s2 포르쉐 디자인,200000,,280,"박스채 새상품 
하자 없음 
포르쉐 디자인 모티브
사이즈 uk 9 
270-280사이즈
늘 매너쿨거래만 했습니다 
4통이내 구매시 택포함
사진,에눌,사이즈,기타 문의 사절 
구매하실분만 부탁드립니다",False,https://fruitsfamily.com/product/47gdz/%EC%83%88%EC%83%81%ED%92%88-%EC%95%84%EB%8B%A4%EB%8B%A4%EC%8A%A4-%EB%A9%94%EA%B0%80%EB%9D%BC%EC%9D%B4%EB%93%9C-s2-%ED%8F%AC%EB%A5%B4%EC%89%90-%EB%94%94%EC%9E%90%EC%9D%B8,2026-08-04,https://image.production.fruitsfamily.com/public/product/resized%40width620/9UAsGbP_TZ-B4BEC59A-EBFC-4956-8E22-A33438E98119.jpg|https://image.production.fruitsfamily.com/public/product/resized%40width620/Gu6IA2jpre-D0D94B16-C8ED-4CA8-89FA-B41BE6553650.jpg|https://image.production.fruitsfamily.com/public/product/resized%40width620/ogwzaXesf9-98B359DB-CC46-45CC-A02B-46DECC7B4DFA.jpg|https://image.production.fruitsfamily.com/public/product/resized%40width620/IZgT8851tu-4822CD9F-7A4F-43A0-9DBA-04EFFA4F3BEA.jpg|https://image.production.fruitsfamily.com/public/product/resized%40width620/Nh190X_KTg-2778B0CE-1749-4ECA-8737-FFA4CFF37D1A.jpg|https://image.production.fruitsfamily.com/public/product/resized%40width620/JsObIJ_K4Y-25E8B2DD-2300-4768-92EF-A758FE6BE9FB.jpg,data/images/adidas/7066295_01.jpg|data/images/adidas/7066295_02.jpg|data/images/adidas/7066295_03.jpg
FRUITSFAMILY,9723378,Adidas,Adidas,아디다스 삼바 로얄 블루 230사이즈,90000,,230,"사이즈 230사이즈입니다. 
두번 신고 신발정리겸 판매해요 상태 좋습니다
참고로 전 235신어서 230구매했더니 잘 맞았습니다 
이사오면서 박스는 버렸어요 
마지막사진 현재 크림 시세 참고 부탁드려요",False,https://fruitsfamily.com/product/5selu/%EC%95%84%EB%94%94%EB%8B%A4%EC%8A%A4-%EC%82%BC%EB%B0%94-%EB%A1%9C%EC%96%84-%EB%B8%94%EB%A3%A8-230%EC%82%AC%EC%9D%B4%EC%A6%88,2026-08-04,https://image.production.fruitsfamily.com/public/product/resized%40width620/BvFvbhUHw-f62c427fa8b5.jpg|https://image.production.fruitsfamily.com/public/product/resized%40width620/dgIUYhDhba-d026dad69ccc.jpg|https://image.production.fruitsfamily.com/public/product/resized%40width620/Pbj7aHWw86-c251f1cf689c.jpg|https://image.production.fruitsfamily.com/public/product/resized%40width620/di43sTSeZj-76d8e70361a3.jpg|https://image.production.fruitsfamily.com/public/product/resized%40width620/jjQ2LI2LDv-b41543e4c98e.jpg,data/images/adidas/9723378_01.jpg|data/images/adidas/9723378_02.jpg|data/images/adidas/9723378_03.jpg
FRUITSFAMILY,10040204,Adidas,Adidas,아디다스 네이버후드 가젤 275,180000,280000,275,"드라이클리닝 후 보관 중
제품 단품

채팅 걸고 1시간 안에 안 사면 차단",False,https://fruitsfamily.com/product/5z72k/%EC%95%84%EB%94%94%EB%8B%A4%EC%8A%A4-%EB%84%A4%EC%9D%B4%EB%B2%84%ED%9B%84%EB%93%9C-%EA%B0%80%EC%A0%A4-275,2026-08-04,https://image.production.fruitsfamily.com/public/product/resized%40width620/eIdyW5FVR-78e03192ee08.jpg|https://image.production.fruitsfamily.com/public/product/resized%40width620/leIraWn4uh-fbb2cd078e93.jpg|https://image.production.fruitsfamily.com/public/product/resized%40width620/8rBOzD_a-s-7dc985746a52.jpg,data/images/adidas/10040204_01.jpg|data/images/adidas/10040204_02.jpg|data/images/adidas/10040204_03.jpg
FRUITSFAMILY,10125566,Adidas,Adidas,아이다스 오즈가이아 IG6045 255,100000,,255,"아디다스 오즈가이아 
굽이 4-5센치 정도 되는 키높이 운동화입니다
2번 착용했고 깨끗합니다.
아디다스 코리아 정품 ssf 샵에서 구매",False,https://fruitsfamily.com/product/610xq/%EC%95%84%EC%9D%B4%EB%8B%A4%EC%8A%A4-%EC%98%A4%EC%A6%88%EA%B0%80%EC%9D%B4%EC%95%84-ig6045-255,2026-08-04,https://image.production.fruitsfamily.com/public/product/resized%40width620/ALTa0GHhG-8edc97f97f5c.jpg|https://image.production.fruitsfamily.com/public/product/resized%40width620/J6a3xZg-nM-f43b564f88c4.jpg|https://image.production.fruitsfamily.com/public/product/resized%40width620/Ss4wkuR4iI-4a4672c34a13.jpg|https://image.production.fruitsfamily.com/public/product/resized%40width620/W7YqryhlGv-05a146e824b9.jpg|https://image.production.fruitsfamily.com/public/product/resized%40width620/ooyG3rAJ8V-a1fa6d21d99e.jpg,data/images/adidas/10125566_01.jpg|data/images/adidas/10125566_02.jpg|data/images/adidas/10125566_03.jpg
FRUITSFAMILY,9110253,Adidas,Adidas,adidas X neighborhood X end 삼바 레오파드,105000,150000,280,"adidas x neighborhood x end
black leopard 

아디다스 네이버후드 엔드 콜라보 삼바

박스x

uk10",False,https://fruitsfamily.com/product/5f9il/adidas-x-neighborhood-x-end-%EC%82%BC%EB%B0%94-%EB%A0%88%EC%98%A4%ED%8C%8C%EB%93%9C,2026-08-04,https://image.production.fruitsfamily.com/public/product/resized%40width620/EyxUlAz5e-ebf2d426da73.jpg|https://image.production.fruitsfamily.com/public/product/resized%40width620/GJhyqni7Za-d1de90881bef.jpg|https://image.production.fruitsfamily.com/public/product/resized%40width620/mNYyQb7jbH-a9881cd08234.jpg|https://image.production.fruitsfamily.com/public/product/resized%40width620/aRHH-7hqgi-e05ccda33d0b.jpg|https://image.production.fruitsfamily.com/public/product/resized%40width620/sin7bzH8KK-3c9f1272a9d1.jpg|https://image.production.fruitsfamily.com/public/product/resized%40width620/5ohxK-Ooq-9da84ebe0a8d.jpg|https://image.production.fruitsfamily.com/public/product/resized%40width620/9VECdulmHN-4c5f837d788f.jpg,data/images/adidas/9110253_01.jpg|data/images/adidas/9110253_02.jpg|data/images/adidas/9110253_03.jpg
FRUITSFAMILY,7910243,ASICS,Asics,아식스 X키코 노발리스 젤 테레모아 옵시디언,220000,,265,사용감이 5회미만으로 내부에는 아무 이상 없고 외부에는 먼지가 살짝 뭍어 있어 닦으면 지워지는 정도 밖에 없습니다. 원하시면은 사진을 더 찍어드리겠습니다.,False,https://fruitsfamily.com/product/4pjkz/%EC%95%84%EC%8B%9D%EC%8A%A4-x%ED%82%A4%EC%BD%94-%EB%85%B8%EB%B0%9C%EB%A6%AC%EC%8A%A4-%EC%A0%A4-%ED%85%8C%EB%A0%88%EB%AA%A8%EC%95%84-%EC%98%B5%EC%8B%9C%EB%94%94%EC%96%B8,2026-08-04,https://image.production.fruitsfamily.com/public/product/resized%40width620/vqJVVYmfHA-D5F20C37-8EF6-4F10-9DE5-91052C50EB4B.jpg|https://image.production.fruitsfamily.com/public/product/resized%40width620/KQZPr1QUbu-2CD1F7F5-3B14-4719-9B0A-9C2246140347.jpg|https://image.production.fruitsfamily.com/public/product/resized%40width620/9FvdfVeAjE-892CAC80-BC9B-496D-977B-CAD83EF6EF45.jpg|https://image.production.fruitsfamily.com/public/product/resized%40width620/QAHuo33HP-21E414B0-AAEE-40F3-A8E1-B6F45F1FA5A6.jpg|https://image.production.fruitsfamily.com/public/product/resized%40width620/jiVwzLsqVc-C946113B-BA7F-4E18-A891-2D671A5DE745.jpg|https://image.production.fruitsfamily.com/public/product/resized%40width620/LO3ydbKiOz-39FE68B9-2EC3-4B3C-95B8-AA67A8368843.jpg|https://image.production.fruitsfamily.com/public/product/resized%40width620/c1YJSKbqwL-712E71E8-8462-4649-8B20-70ED9C98E082.jpg|https://image.production.fruitsfamily.com/public/product/resized%40width620/8XJEQ3sEjK-14841F37-3F71-4171-BC06-C0076E57BB6E.jpg,data/images/asics/7910243_01.jpg|data/images/asics/7910243_02.jpg|data/images/asics/7910243_03.jpg
FRUITSFAMILY,9820758,Dr. Martens,Dr. Martens,닥터마틴 1461 3홀,168000,184000,230,"230 사이즈입니다

잘 안 신어서 팔아요",False,https://fruitsfamily.com/product/5uhqu/%EB%8B%A5%ED%84%B0%EB%A7%88%ED%8B%B4-1461-3%ED%99%80,2026-08-04,https://image.production.fruitsfamily.com/public/product/resized%40width620/LYfTivIis-10ef17af97d6.jpg|https://image.production.fruitsfamily.com/public/product/resized%40width620/pVZMGbgy60-0ef84ea7f9c3.jpg|https://image.production.fruitsfamily.com/public/product/resized%40width620/eOcLvk6o62-8bf0983a3532.jpg|https://image.production.fruitsfamily.com/public/product/resized%40width620/4Tbw4TaAQn-1e4afaa42c9e.jpg|https://image.production.fruitsfamily.com/public/product/resized%40width620/PXqzjdAqrq-9f720feefc7a.jpg|https://image.production.fruitsfamily.com/public/product/resized%40width620/YxYXNq9NVG-6e56b9984ed2.jpg|https://image.production.fruitsfamily.com/public/product/resized%40width620/IJzHSuxycR-5b34ad700980.jpg,data/images/dr_martens/9820758_01.jpg|data/images/dr_martens/9820758_02.jpg|data/images/dr_martens/9820758_03.jpg
FRUITSFAMILY,10091182,Dr. Martens,Dr. Martens,닥터마틴 로퍼 델라프레 280 uk9,185000,,280,"닥터마틴 델라프레 페니 로퍼 입니다
Made in England 라인이고 C.F Stead Leather 프리미엄 가죽입니다. 부드럽지만 탄탄한 느낌의 가죽입니다. 엄청 고급스럽습니다

사이즈는 Uk9이고 275~280 정도의 사이즈입니다.

전체적으로 새상품이라봐도 무방합니다. 자세한 상태는 사진으로 확인 부탁드립니다.

신발 단품이고 택배 및 직거래 모두 가능하며 편하게 가격 문의해 주세요!",False,https://fruitsfamily.com/product/60aem/%EB%8B%A5%ED%84%B0%EB%A7%88%ED%8B%B4-%EB%A1%9C%ED%8D%BC-%EB%8D%B8%EB%9D%BC%ED%94%84%EB%A0%88-280-uk9,2026-08-04,https://image.production.fruitsfamily.com/public/product/resized%40width620/tjKv667Kz-1a2efffe3d67.jpg|https://image.production.fruitsfamily.com/public/product/resized%40width620/qmgKtNEVfJ-386e01854251.jpg|https://image.production.fruitsfamily.com/public/product/resized%40width620/eMLppHAYT-58fa4bf85556.jpg|https://image.production.fruitsfamily.com/public/product/resized%40width620/Nn2rzDrYkl-fcde511361b6.jpg|https://image.production.fruitsfamily.com/public/product/resized%40width620/O2FlZcTAJ8-ce0f6f36ee12.jpg|https://image.production.fruitsfamily.com/public/product/resized%40width620/E-zxAmNpcc-77de4acd2e61.jpg|https://image.production.fruitsfamily.com/public/product/resized%40width620/4-ZbIUh-Ya-5f69c699873e.jpg|https://image.production.fruitsfamily.com/public/product/resized%40width620/qepjUOdst4-8d6c8196b358.jpg,data/images/dr_martens/10091182_01.jpg|data/images/dr_martens/10091182_02.jpg|data/images/dr_martens/10091182_03.jpg
FRUITSFAMILY,10067594,Dr. Martens,Dr. Martens,닥터마틴 에나멜 블랙 페이턴트 uk5(240),91000,130000,240,"닥터마틴 에나멜 블랙 페이턴트 uk5(240)
사진으로 보시다시피 상태 민트급입니다. 
정말 좋고 밑창도 안닳았습니다
비오는 여름날 이 페이턴트 신어도 가죽 상할일 없이 맘껏 싱을수가 있죠 26년도 패션 트렌드가 또 이 유광입니다 ㅎ 
반품 환불 x",False,https://fruitsfamily.com/product/5zs7e/%EB%8B%A5%ED%84%B0%EB%A7%88%ED%8B%B4-%EC%97%90%EB%82%98%EB%A9%9C-%EB%B8%94%EB%9E%99-%ED%8E%98%EC%9D%B4%ED%84%B4%ED%8A%B8-uk5-240,2026-08-04,https://image.production.fruitsfamily.com/public/product/resized%40width620/lEtImMe6O-b67f8c5f018f.jpg|https://image.production.fruitsfamily.com/public/product/resized%40width620/bDqprfTYOb-50465a828ff8.jpg|https://image.production.fruitsfamily.com/public/product/resized%40width620/uwcWliHk3z-674bc372d787.jpg|https://image.production.fruitsfamily.com/public/product/resized%40width620/wiDpP73Wc--174e1cac49fb.jpg|https://image.production.fruitsfamily.com/public/product/resized%40width620/5jIWTdwqy7-2722edb03c84.jpg|https://image.production.fruitsfamily.com/public/product/resized%40width620/oaY30JAEp3-2d3a70c65773.jpg,data/images/dr_martens/10067594_01.jpg|data/images/dr_martens/10067594_02.jpg|data/images/dr_martens/10067594_03.jpg
FRUITSFAMILY,8480850,Dr. Martens,Doc Martens,250) 닥터마틴 첼시부츠 블랙,48300,69000,250,"☀제품명 : (무료배송)250) 닥터마틴 첼시부츠 블랙

☀️가격 : 69,000원

☀️표기 사이즈 : 250

☀️컨디션 : 10/8

☀️하자나 이염 여부 : 사진참조",False,https://fruitsfamily.com/product/51rv6/250-%EB%8B%A5%ED%84%B0%EB%A7%88%ED%8B%B4-%EC%B2%BC%EC%8B%9C%EB%B6%80%EC%B8%A0-%EB%B8%94%EB%9E%99,2026-08-04,https://image.production.fruitsfamily.com/public/product/resized%40width620/sQbsBanmGS-1774868708340-gtkpkibgj.jpg|https://image.production.fruitsfamily.com/public/product/resized%40width620/E82LvQZyaq-1774868708340-c5x616lec.jpg|https://image.production.fruitsfamily.com/public/product/resized%40width620/VHnvRjDpd-1774868708340-ifs592rmr.jpg|https://image.production.fruitsfamily.com/public/product/resized%40width620/wlcPy7x-ls-1774868708341-10wme5i1i.jpg|https://image.production.fruitsfamily.com/public/product/resized%40width620/InRQjec0Vm-1774868708341-ve83lztdl.jpg|https://image.production.fruitsfamily.com/public/product/resized%40width620/7kc7RJ23xS-1774868708342-or48cpjb4.jpg|https://image.production.fruitsfamily.com/public/product/resized%40width620/Vw9ASMbBTv-1774868708342-eney1lhm2.jpg,data/images/dr_martens/8480850_01.jpg|data/images/dr_martens/8480850_02.jpg|data/images/dr_martens/8480850_03.jpg
FRUITSFAMILY,8480913,Dr. Martens,Doc Martens,250) 닥터마틴 블레이크 부츠 블랙,59000,,250,"☀제품명 : (무료배송)250) 닥터마틴 블레이크 부츠 블랙

☀️가격 : 59,000원

☀️표기 사이즈 : 250

☀️컨디션 : 10/8

☀️하자나 이염 여부 : 깔창 없음, 사진참조",True,https://fruitsfamily.com/product/51rwx/250-%EB%8B%A5%ED%84%B0%EB%A7%88%ED%8B%B4-%EB%B8%94%EB%A0%88%EC%9D%B4%ED%81%AC-%EB%B6%80%EC%B8%A0-%EB%B8%94%EB%9E%99,2026-08-04,https://image.production.fruitsfamily.com/public/product/resized%40width620/TArr2k23ah-1774868864746-nxyxvykvq.jpg|https://image.production.fruitsfamily.com/public/product/resized%40width620/78J_nw2VGV-1774868864747-1p10bl4br.jpg|https://image.production.fruitsfamily.com/public/product/resized%40width620/aZ90luGiLz-1774868864747-xe3hg5cm2.jpg|https://image.production.fruitsfamily.com/public/product/resized%40width620/WXDG7zK4yL-1774868864749-nf665190z.jpg|https://image.production.fruitsfamily.com/public/product/resized%40width620/OQBf3rlwKZ-1774868864750-ziiy3zt9s.jpg|https://image.production.fruitsfamily.com/public/product/resized%40width620/reBfuvdGOi-1774868864752-cm3frmtzj.jpg,data/images/dr_martens/8480913_01.jpg|data/images/dr_martens/8480913_02.jpg|data/images/dr_martens/8480913_03.jpg
FRUITSFAMILY,2025572,Dr. Martens,Doc Martens,닥터마틴 패트리샤 uk5 단종,80000,150000,245,"단종된 닥터마틴 패트리샤 uk5
실착 3회
여러 코디에 잘 어울리는 스타일",True,https://fruitsfamily.com/product/17exw/%EB%8B%A5%ED%84%B0%EB%A7%88%ED%8B%B4-%ED%8C%A8%ED%8A%B8%EB%A6%AC%EC%83%A4-uk5-%EB%8B%A8%EC%A2%85,2026-08-04,https://image.production.fruitsfamily.com/public/product/resized%40width620/yIHV7oN-AM-20240327_223920.jpg|https://image.production.fruitsfamily.com/public/product/resized%40width620/wskBpiSSfr-20240327_224002.jpg|https://image.production.fruitsfamily.com/public/product/resized%40width620/qP7PjCZy6x-20240327_224016.jpg|https://image.production.fruitsfamily.com/public/product/resized%40width620/0gbg46-L7K-20240327_224028.jpg,data/images/dr_martens/2025572_01.jpg|data/images/dr_martens/2025572_02.jpg|data/images/dr_martens/2025572_03.jpg
FRUITSFAMILY,5281585,Dr. Martens,Doc Martens,닥터마틴 아드리안 블랙 Doc Martens Adrian Loafers,75000,79000,270,닥터마틴 아드리안 블랙 제품입니다. 사용감은 있는 편인데 닥터마틴 특성상 오래 신을수록 이뻐서 판매합니다. 사이즈는 270이고 잘 길들여져서 발이 아프지 않고 편합니다.,True,https://fruitsfamily.com/product/357ap/%EB%8B%A5%ED%84%B0%EB%A7%88%ED%8B%B4-%EC%95%84%EB%93%9C%EB%A6%AC%EC%95%88-%EB%B8%94%EB%9E%99-doc-martens-adrian-loafers,2026-08-04,https://image.production.fruitsfamily.com/public/product/resized%40width620/6pIxDwPbep-D240B9EE-3D06-45C2-A09A-0F01E7D59113.jpg|https://image.production.fruitsfamily.com/public/product/resized%40width620/u2aQPbyAQg-5AF913AA-52BE-48B4-8211-C2B7B2486CF5.jpg|https://image.production.fruitsfamily.com/public/product/resized%40width620/4N3QLozj3j-4EEAAC4B-617C-453A-977F-55968E9AC75B.jpg|https://image.production.fruitsfamily.com/public/product/resized%40width620/eqH81avFAE-D8AA008F-9EB5-41AC-892E-8FAB34D4942A.jpg|https://image.production.fruitsfamily.com/public/product/resized%40width620/faBY67Gh9j-D5AF86E5-18C9-454F-8B0A-D5140AD791CC.jpg|https://image.production.fruitsfamily.com/public/product/resized%40width620/yFF6SyKSAV-3DAD4083-01F7-4C7A-8120-43ED97F73DF2.jpg,data/images/dr_martens/5281585_01.jpg|data/images/dr_martens/5281585_02.jpg|data/images/dr_martens/5281585_03.jpg
FRUITSFAMILY,5200655,Dr. Martens,Doc Martens,닥터마틴 버지니아 14홀 백예린 부츠,120000,140000,240,"백예린이 신어서 유명해진 닥터마틴의 버지니아 14홀 부츠입니다
사이즈는 240이고 실착 5회 미만으로 상태 좋습니다
박스까지 풀로 보관중이고 실사는 구매 의사 있으신 분들께 찍어드리겠습니다 (현재 본가에 있어 찍으러 가야합니다)
계좌거래하시면 13에 가능합니다!",True,https://fruitsfamily.com/product/33gun/%EB%8B%A5%ED%84%B0%EB%A7%88%ED%8B%B4-%EB%B2%84%EC%A7%80%EB%8B%88%EC%95%84-14%ED%99%80-%EB%B0%B1%EC%98%88%EB%A6%B0-%EB%B6%80%EC%B8%A0,2026-08-04,https://image.production.fruitsfamily.com/public/product/resized%40width620/DpjKG1g5Fd-2B327C80-4C1C-427D-9C03-2F82563F64DC.jpg|https://image.production.fruitsfamily.com/public/product/resized%40width620/QZ-0akmOil-44512F26-06DC-4823-873A-2DB1EB67C45C.jpg,data/images/dr_martens/5200655_01.jpg|data/images/dr_martens/5200655_02.jpg
FRUITSFAMILY,4063474,Dr. Martens,Doc Martens,닥터마틴 스니커즈 eu37,62000,,235,상태사진참고해주세요,True,https://fruitsfamily.com/product/2f3ea/%EB%8B%A5%ED%84%B0%EB%A7%88%ED%8B%B4-%EC%8A%A4%EB%8B%88%EC%BB%A4%EC%A6%88-eu37,2026-08-04,https://image.production.fruitsfamily.com/public/product/resized%40width620/4d1dyn09uQ-B675B749-DDAC-40B8-8C2A-7BD2BF2FE998.jpg|https://image.production.fruitsfamily.com/public/product/resized%40width620/4L6ejuN0CI-BF6796F5-6C20-484A-9D55-5E253B215E0A.jpg|https://image.production.fruitsfamily.com/public/product/resized%40width620/YD9SzzVqTM-213F33B6-3064-4FAE-9CC6-013888ED6298.jpg|https://image.production.fruitsfamily.com/public/product/resized%40width620/Yt0lpcKqPX-314996F9-FAC9-44AD-8425-DC53FD9F8D1C.jpg,data/images/dr_martens/4063474_01.jpg|data/images/dr_martens/4063474_02.jpg|data/images/dr_martens/4063474_03.jpg
FRUITSFAMILY,4984205,Dr. Martens,Doc Martens,닥터마틴 옐로우 부츠 (39사이즈 / 정품),15000,,250,"사이즈가 작아서 외출용으로는 한 번도 신지 않았어요.
클래식 라인이라 가죽이 딱딱하고 단단합니다.

📦 몇 년 동안 박스 안에 보관하면서 윗부분 가장자리(안쪽)의 가죽 마감이 자연스럽게 벗겨졌어요.
관리를 따로 안 해서 생긴 부분이라 착용에는 문제 없습니다 :) (사진 참고)

전체적으로 상태는 좋고, 집 안에서만 몇 번 착용했습니다.

💛 튀는 옐로우 컬러로 포인트 주기 좋아요!
📏 사이즈 : EU 39 (UK 6 / 250~255)",True,https://fruitsfamily.com/product/2ytu5/%EB%8B%A5%ED%84%B0%EB%A7%88%ED%8B%B4-%EC%98%90%EB%A1%9C%EC%9A%B0-%EB%B6%80%EC%B8%A0-39%EC%82%AC%EC%9D%B4%EC%A6%88-%EC%A0%95%ED%92%88,2026-08-04,https://image.production.fruitsfamily.com/public/product/resized%40width620/vDxBHo1SiN-DF84405C-D438-44E9-B4C2-B3B569FDE3C9.jpg|https://image.production.fruitsfamily.com/public/product/resized%40width620/dYd0QqCQ7k-E1F6402E-8923-4BEB-8110-3176F33AD724.jpg|https://image.production.fruitsfamily.com/public/product/resized%40width620/MiRhx2fJL4-7F792066-CF2F-4519-8558-FE7C51D9E009.jpg|https://image.production.fruitsfamily.com/public/product/resized%40width620/reIVREURjJ-6DAF2ACB-2562-41E9-AC7E-D8A63890DD04.jpg|https://image.production.fruitsfamily.com/public/product/resized%40width620/mqwDAMrcSr-C4A862FB-C777-4303-B9E7-1658A30411D8.jpg,data/images/dr_martens/4984205_01.jpg|data/images/dr_martens/4984205_02.jpg|data/images/dr_martens/4984205_03.jpg
FRUITSFAMILY,3714950,Dr. Martens,Doc Martens,닥터마틴 1461 벡스 UK4,110000,120000,235,"UK4 (235)
1461 bex 모델로 세미플랫폼 (굽 3cm)
정가 23만원

전체적인 사용감 있습니다. 사진확인 부탁드려요. 
가죽 꾸김, 앞코 미세한 찍힘
자연스러은 사용감 외에는 상태 양호합니다.",True,https://fruitsfamily.com/product/27mh2/%EB%8B%A5%ED%84%B0%EB%A7%88%ED%8B%B4-1461-%EB%B2%A1%EC%8A%A4-uk4,2026-08-04,https://image.production.fruitsfamily.com/public/product/resized%40width620/hE78ExlRgq-D2DBAA23-4468-476D-ABD4-B934CEC3D801.jpg|https://image.production.fruitsfamily.com/public/product/resized%40width620/KR9iunCCKj-863C7F18-1797-4C9C-A27D-FCA8F9751976.jpg|https://image.production.fruitsfamily.com/public/product/resized%40width620/IhM83HefAI-CD91AE56-5BB7-4230-AB0A-B85197ED485B.jpg|https://image.production.fruitsfamily.com/public/product/resized%40width620/FNDMhruUNr-74BB0B8B-5593-4330-A7CF-997AF6A65657.jpg|https://image.production.fruitsfamily.com/public/product/resized%40width620/UwLoz8lCs5-8429BC93-C886-4AA6-93E6-10011F9C05F3.jpg|https://image.production.fruitsfamily.com/public/product/resized%40width620/fq34_RxRS-E6133077-B33E-4BFE-9669-7359196A071B.jpg,data/images/dr_martens/3714950_01.jpg|data/images/dr_martens/3714950_02.jpg|data/images/dr_martens/3714950_03.jpg
FRUITSFAMILY,3039145,Dr. Martens,Doc Martens,닥터마틴 부츠,50000,65000,240,"디테일좋고 이쁜 여성용 부츠입니다
펑크스탈이고 뒷굽 컨디션좋습니다 
240사이즈입니다",True,https://fruitsfamily.com/product/1t50p/%EB%8B%A5%ED%84%B0%EB%A7%88%ED%8B%B4-%EB%B6%80%EC%B8%A0,2026-08-04,https://image.production.fruitsfamily.com/public/product/resized%40width620/6NfA87X7OK-1730295582267.jpg|https://image.production.fruitsfamily.com/public/product/resized%40width620/SfZUO7aYsy-1730295582290.jpg|https://image.production.fruitsfamily.com/public/product/resized%40width620/lZQif7WEO_-1730295582310.jpg|https://image.production.fruitsfamily.com/public/product/resized%40width620/mlsbmWFePo-1730295582327.jpg|https://image.production.fruitsfamily.com/public/product/resized%40width620/pFF1ttJWRZ-1730295582352.jpg|https://image.production.fruitsfamily.com/public/product/resized%40width620/XtF5tjbvNf-1730295582369.jpg|https://image.production.fruitsfamily.com/public/product/resized%40width620/GeJbDX842-1730295582385.jpg|https://image.production.fruitsfamily.com/public/product/resized%40width620/3P3EhTg2aG-1730295582406.jpg,data/images/dr_martens/3039145_01.jpg|data/images/dr_martens/3039145_02.jpg|data/images/dr_martens/3039145_03.jpg
FRUITSFAMILY,3025654,Dr. Martens,Doc Martens,닥터마틴 부츠,70000,,260,"닥터마틴 가죽부츠입니다
컨디션좋고 신형라인입니다 
7사이즈 국내260 추천드립니다",True,https://fruitsfamily.com/product/1suly/%EB%8B%A5%ED%84%B0%EB%A7%88%ED%8B%B4-%EB%B6%80%EC%B8%A0,2026-08-04,https://image.production.fruitsfamily.com/public/product/resized%40width620/p2VdUv2pfO-1730158887615.jpg|https://image.production.fruitsfamily.com/public/product/resized%40width620/7-vzMB4ly_-1730158887632.jpg|https://image.production.fruitsfamily.com/public/product/resized%40width620/Qq2KO7dcUf-1730158887645.jpg|https://image.production.fruitsfamily.com/public/product/resized%40width620/-jpqT1Yhj1-1730158887664.jpg|https://image.production.fruitsfamily.com/public/product/resized%40width620/XCr37u2pYH-1730158887682.jpg|https://image.production.fruitsfamily.com/public/product/resized%40width620/eIh0IxqdfG-6d765892-df32-4c16-9827-51a5b74e2e63.jpg|https://image.production.fruitsfamily.com/public/product/resized%40width620/scLlfAy3jt-5aae5b55-3253-4336-bb22-2be901e1f070.jpg,data/images/dr_martens/3025654_01.jpg|data/images/dr_martens/3025654_02.jpg|data/images/dr_martens/3025654_03.jpg
FRUITSFAMILY,1949512,Dr. Martens,Doc Martens,닥터마틴 엘피 (250 / UK6) ,145000,169000,250,"지금은 단종되어 구할 수 없는 모델입니다. 
예전에 사서 5번 정도 신었다가 보관만 해둔 상태로 컨디션 좋은 제품이예요. 
사진에 나오다시피 뒷굽도 거의 닳지 않았습니다. 
앞 부분 약간의 기스, 발뒤꿈치 부분에 얼룩이 있습니다. 
칼 발 250 신는 저한테 딱 맞아서 좀 아팠는데, 240~245인 분들이 안 아프게 신으실 것 같아요! 발목 끈으로 조절 가능해서 사이즈 커도 괜찮습니다.",True,https://fruitsfamily.com/product/15s94/%EB%8B%A5%ED%84%B0%EB%A7%88%ED%8B%B4-%EC%97%98%ED%94%BC-250-uk6,2026-08-04,https://image.production.fruitsfamily.com/public/product/resized%40width620/_YbYgSA3a_-9325C736-C905-4A3F-9E2A-CCB1EB72BB9E.jpg|https://image.production.fruitsfamily.com/public/product/resized%40width620/dELlSwfDRu-CBCFEB67-CABD-4FE2-BF4B-BDE9CBFB8BDF.jpg|https://image.production.fruitsfamily.com/public/product/resized%40width620/KbSXaKmZ_L-E5759D8C-76EA-40A8-863D-4CF0D1CAF056.jpg|https://image.production.fruitsfamily.com/public/product/resized%40width620/sw_nkE57fP-E2E2CD5E-7BB7-4840-92CC-08C8A74FDE72.jpg,data/images/dr_martens/1949512_01.jpg|data/images/dr_martens/1949512_02.jpg|data/images/dr_martens/1949512_03.jpg
FRUITSFAMILY,2770108,Dr. Martens,Doc Martens,(260) 닥터마틴 x 빔즈 1461 화이트,50000,,260,"닥터마틴 x 빔즈 화이트

사이즈 260 
상태 굽 보시는 것 처럼 많이 신은건 아닌데 하얀색이라 깨끗하면 너무 느끼해보여서 일부러 좀 약간 거칠기 신었어요! 사진과 다르게 신으시면 상태 크게 신경 안쓰이실거에요‘
요새 잘 안신어서 판매합니다!",True,https://fruitsfamily.com/product/1ndfg/260-%EB%8B%A5%ED%84%B0%EB%A7%88%ED%8B%B4-x-%EB%B9%94%EC%A6%88-1461-%ED%99%94%EC%9D%B4%ED%8A%B8,2026-08-04,https://image.production.fruitsfamily.com/public/product/resized%40width620/PfDMYInhlh-16B159C2-0CB3-4F45-8F40-FB62E5A2E1F9.jpg|https://image.production.fruitsfamily.com/public/product/resized%40width620/romc8q7lc3-D5F490B9-E749-4281-AA41-5C88C3D21D4A.jpg|https://image.production.fruitsfamily.com/public/product/resized%40width620/D_GUocC7C6-AE49A131-9947-4B97-9DBF-8D9D110F34EF.jpg|https://image.production.fruitsfamily.com/public/product/resized%40width620/QrSz9Mbn78-EA07B8E8-7987-4DA5-A71B-31AE4E12390E.jpg|https://image.production.fruitsfamily.com/public/product/resized%40width620/HIqkZmguIX-26D717FD-527E-4368-BE72-404872FB737D.jpg|https://image.production.fruitsfamily.com/public/product/resized%40width620/MfFLmeuGdD-D1D743CB-AA84-46FD-985A-5E8C18C3C038.jpg|https://image.production.fruitsfamily.com/public/product/resized%40width620/rIxanhb6L-A8F27DEC-E4C1-49BF-B30F-1C9ED22EFBCE.jpg,data/images/dr_martens/2770108_01.jpg|data/images/dr_martens/2770108_02.jpg|data/images/dr_martens/2770108_03.jpg
FRUITSFAMILY,2746393,Dr. Martens,Doc Martens,닥터마틴 제이든 스무스 260~265,150000,,265,"6시간 착장하고 모셔놓은 닥터마틴 제이든 입니다
실사진 보시다시피 굽닳은거 없는 새것 이라고 생각하시면 됩니다
 영국사이즈 UK 7 한국사이즈는 260~265 신으시면 딱 맞습니다 ~
가을 겨울 잘 이용하세요",True,https://fruitsfamily.com/product/1mv4p/%EB%8B%A5%ED%84%B0%EB%A7%88%ED%8B%B4-%EC%A0%9C%EC%9D%B4%EB%93%A0-%EC%8A%A4%EB%AC%B4%EC%8A%A4-260-265,2026-08-04,https://image.production.fruitsfamily.com/public/product/resized%40width620/mFsrVmJVB6-27A1693F-D647-45EE-BFFC-6CD40EDB91A7.jpg|https://image.production.fruitsfamily.com/public/product/resized%40width620/4XKJPOxa9E-A64422E8-48E7-4664-B10C-C8F795576E91.jpg|https://image.production.fruitsfamily.com/public/product/resized%40width620/rEthT6acIa-2C70905C-5A53-4ABA-80A9-EB0E4C398FA9.jpg|https://image.production.fruitsfamily.com/public/product/resized%40width620/bVWaRvII_w-25070DB7-2C4A-4298-8DE6-16A99B872596.jpg|https://image.production.fruitsfamily.com/public/product/resized%40width620/oJo8b8tDwD-52DD8B5C-D109-44B0-B17B-F2A40265CEC1.jpg|https://image.production.fruitsfamily.com/public/product/resized%40width620/kgE1OEBd7t-1D2023B2-ECA7-4D24-BB3B-FA6456488614.jpg,data/images/dr_martens/2746393_01.jpg|data/images/dr_martens/2746393_02.jpg|data/images/dr_martens/2746393_03.jpg
FRUITSFAMILY,2608898,Dr. Martens,Doc Martens,닥터마틴 아드리안 uk4,60000,,235,"매장구매 새상품
택비별도
계좌거래가격입니다",True,https://fruitsfamily.com/product/1jx1e/%EB%8B%A5%ED%84%B0%EB%A7%88%ED%8B%B4-%EC%95%84%EB%93%9C%EB%A6%AC%EC%95%88-uk4,2026-08-04,https://image.production.fruitsfamily.com/public/product/resized%40width620/svXO5-PWEF-126EB0E6-7DE6-4C8B-BF9F-293A53419DF7.jpg|https://image.production.fruitsfamily.com/public/product/resized%40width620/iDyQH2QmHa-2C5AD464-6CB4-4B23-A385-72EB92466EFC.jpg|https://image.production.fruitsfamily.com/public/product/resized%40width620/gRLAp9PFv--1DF91261-118F-4428-AC4A-DA321CD0F186.jpg|https://image.production.fruitsfamily.com/public/product/resized%40width620/jCcerJOpSk-555935DC-AAD6-47AB-9D93-7C6B639C8021.jpg,data/images/dr_martens/2608898_01.jpg|data/images/dr_martens/2608898_02.jpg|data/images/dr_martens/2608898_03.jpg
FRUITSFAMILY,2516276,Dr. Martens,Doc Martens,닥터마틴에 1461 쿼드,168000,210000,240,"닥터마틴에 1461 쿼드
EU 38
UK 5
US female 7 male 6",True,https://fruitsfamily.com/product/1hxkk/%EB%8B%A5%ED%84%B0%EB%A7%88%ED%8B%B4%EC%97%90-1461-%EC%BF%BC%EB%93%9C,2026-08-04,https://image.production.fruitsfamily.com/public/product/resized%40width620/MRGMmEiRE7-C35BED2B-D37D-478A-86A9-C96406F81A10.jpg|https://image.production.fruitsfamily.com/public/product/resized%40width620/0g51B6EcL3-522DC995-4487-4A11-99EB-8DE9D69B72CD.jpg|https://image.production.fruitsfamily.com/public/product/resized%40width620/PflWic5-Dg-42E18E5E-8661-468E-A71D-3DC37BDF9BD6.jpg|https://image.production.fruitsfamily.com/public/product/resized%40width620/n6n9rHv3l5-B359B3D2-78E5-48DE-8406-F0A1EAD13125.jpg|https://image.production.fruitsfamily.com/public/product/resized%40width620/orhSDnoWtt-C3D6627D-1E89-4678-A8AC-DDB5FD6B9EE8.jpg|https://image.production.fruitsfamily.com/public/product/resized%40width620/m-OuGc9ocQ-2CDC8A19-8E03-4D79-8E8F-F167D47AEEB0.jpg|https://image.production.fruitsfamily.com/public/product/resized%40width620/HwsL6rbXVX-1890B1FA-EFF0-4B81-9997-64BE9A07389F.jpg,data/images/dr_martens/2516276_01.jpg|data/images/dr_martens/2516276_02.jpg|data/images/dr_martens/2516276_03.jpg
FRUITSFAMILY,2148002,Dr. Martens,Doc Martens,닥터마틴 제이든 EU39(250),65000,90000,250,"닥머틴 제이든 EU39 사이즈입니다:) 
착용은 10회 미만으로 상태 좋습니다!

풀박입니다.",True,https://fruitsfamily.com/product/1a1eq/%EB%8B%A5%ED%84%B0%EB%A7%88%ED%8B%B4-%EC%A0%9C%EC%9D%B4%EB%93%A0-eu39-250,2026-08-04,https://image.production.fruitsfamily.com/public/product/resized%40width620/-MuMi7TprR-7CF0DA00-480B-4E7A-9973-0EF0D30AD07B.jpg|https://image.production.fruitsfamily.com/public/product/resized%40width620/VLslFGrS-n-12518FC8-71E7-44AC-873C-4D7A905C55CC.jpg|https://image.production.fruitsfamily.com/public/product/resized%40width620/InmqheU3N9-EA702FB0-4C6C-422C-A99F-76909E0E4FAF.jpg|https://image.production.fruitsfamily.com/public/product/resized%40width620/NjV6Z6RhHx-22A5730C-34B8-4AD5-9290-366F1AB2CAA4.jpg|https://image.production.fruitsfamily.com/public/product/resized%40width620/v4zpDS3sTD-9E7F3E01-562F-4A4F-99C3-4743C289AA96.jpg,data/images/dr_martens/2148002_01.jpg|data/images/dr_martens/2148002_02.jpg|data/images/dr_martens/2148002_03.jpg
FRUITSFAMILY,1760236,Dr. Martens,Doc Martens,빈티지 닥터마틴 워커 280,95000,100000,280,닥터마틴 워커입니다. 밑창 색깔이 매력적인 제품으로 깔끔한 룩에도 잘 어울립니다. 앞코 찍힘 외 눈에 띄는 하자 없습니다.,True,https://fruitsfamily.com/product/11q7g/%EB%B9%88%ED%8B%B0%EC%A7%80-%EB%8B%A5%ED%84%B0%EB%A7%88%ED%8B%B4-%EC%9B%8C%EC%BB%A4-280,2026-08-04,https://image.production.fruitsfamily.com/public/product/resized%40width620/yuVOBEqaPG-E419BA81-928A-4610-8923-1A329C80C2F0.jpg|https://image.production.fruitsfamily.com/public/product/resized%40width620/6yGGe0uIuJ-CD4E5CFA-2908-45EA-B89B-7FBF62FE8E6A.jpg|https://image.production.fruitsfamily.com/public/product/resized%40width620/5U7PQCjIpi-F3296CED-AA5E-441A-BD54-83ACA28990C7.jpg|https://image.production.fruitsfamily.com/public/product/resized%40width620/981I3ALD-t-04149CF4-182B-4649-B6E3-C397D0D3C0ED.jpg|https://image.production.fruitsfamily.com/public/product/resized%40width620/8wBo6Wv8La-92ACD5A6-8968-490C-93E5-EA8F4846F70E.jpg|https://image.production.fruitsfamily.com/public/product/resized%40width620/Dy188Zy3VN-726CFE00-C0C1-49E1-9221-D11E797A88BB.jpg|https://image.production.fruitsfamily.com/public/product/resized%40width620/Y3dQ1aCLk1-950442FE-FFF5-4BB4-B2EB-4A1349756AFB.jpg,data/images/dr_martens/1760236_01.jpg|data/images/dr_martens/1760236_02.jpg|data/images/dr_martens/1760236_03.jpg
FRUITSFAMILY,1912607,Dr. Martens,Doc Martens,닥터마틴 구두,17500,25000,260,"상태 7/10
사이즈 39",True,https://fruitsfamily.com/product/14zrz/%EB%8B%A5%ED%84%B0%EB%A7%88%ED%8B%B4-%EA%B5%AC%EB%91%90,2026-08-04,https://image.production.fruitsfamily.com/public/product/resized%40width620/GAUZL15AJf-025DAA17-7FCA-45DC-8007-5C32AD7CDF8D.jpg|https://image.production.fruitsfamily.com/public/product/resized%40width620/-B101Wn-2E-FEF217FF-AEDD-4119-9768-6E3FCA0830B5.jpg|https://image.production.fruitsfamily.com/public/product/resized%40width620/jfWFDKSknJ-256A5349-3504-478E-B6A0-00CA5A141EB9.jpg|https://image.production.fruitsfamily.com/public/product/resized%40width620/YD-NrTg8a4-41FA4F18-BD39-4F0E-9C4C-D6F4E5AD980C.jpg|https://image.production.fruitsfamily.com/public/product/resized%40width620/B6aEE8BiVb-C8C5D1C7-11BB-4129-AFF7-714903D7C859.jpg,data/images/dr_martens/1912607_01.jpg|data/images/dr_martens/1912607_02.jpg|data/images/dr_martens/1912607_03.jpg
FRUITSFAMILY,1053856,Dr. Martens,Doc Martens,닥터마틴 2976 첼시부츠 모노 블랙  280사이즈,180000,,,"미시착 새상품
택 제거로 싸게 팔아요
정가 24만원
박스 있습니다.",True,https://fruitsfamily.com/product/ml5s/%EB%8B%A5%ED%84%B0%EB%A7%88%ED%8B%B4-2976-%EC%B2%BC%EC%8B%9C%EB%B6%80%EC%B8%A0-%EB%AA%A8%EB%85%B8-%EB%B8%94%EB%9E%99-280%EC%82%AC%EC%9D%B4%EC%A6%88,2026-08-04,https://image.production.fruitsfamily.com/public/product/resized%40width620/Jv7LgUAosJ-B999CDBF-F273-482F-ADF5-AF152A0156ED.jpg,data/images/dr_martens/1053856_01.jpg
FRUITSFAMILY,953509,Dr. Martens,Doc Martens,dr.martens shoes,48000,,,"size 240
condition 8.5/10",True,https://fruitsfamily.com/product/kfqd/dr-martens-shoes,2026-08-04,https://image.production.fruitsfamily.com/public/product/resized%40width620/cvc6O0BJGX-67532114-B639-46CA-9867-04778D26A1D0.jpg|https://image.production.fruitsfamily.com/public/product/resized%40width620/HMJK6Cb7m--2D5D673F-B33F-42F7-A0AD-28818FDB30B3.jpg|https://image.production.fruitsfamily.com/public/product/resized%40width620/B0W0iQ9a9P-2D408465-49E5-4690-BE48-E4B5EE643076.jpg|https://image.production.fruitsfamily.com/public/product/resized%40width620/edUwOSQiJK-76273AD5-D9F4-47D6-8EE4-E3890DB27786.jpg,data/images/dr_martens/953509_01.jpg|data/images/dr_martens/953509_02.jpg|data/images/dr_martens/953509_03.jpg
FRUITSFAMILY,719621,Dr. Martens,Doc Martens,닥터마틴 크리스티나 uk5 245,57000,60000,,"4회 정도 착용하였습니다
상자랑 가죽끈은 없습니다
백화점에서 구입한 정품입니다!

정가 19만원 정도인데 박스랑 가죽끈 없어서
싸게 내놓습니다 ㅜㅜ

큰 상처는 없고 깨끗하지만 가죽제품인 만큼
잔 주름..? 그런건 있어요! 

아예 새상품 찾는 분은 죄송합니다 ㅠㅠ

환불x 택포x",True,https://fruitsfamily.com/product/ff9h/%EB%8B%A5%ED%84%B0%EB%A7%88%ED%8B%B4-%ED%81%AC%EB%A6%AC%EC%8A%A4%ED%8B%B0%EB%82%98-uk5-245,2026-08-04,https://image.production.fruitsfamily.com/public/product/resized%40width620/J-V0_uvh3q-12CC05B2-154F-4078-A83A-D7B65DB53D74.jpg|https://image.production.fruitsfamily.com/public/product/resized%40width620/9cdujddBtp-232E447B-8363-493B-B0F3-E9D908D005E1.jpg|https://image.production.fruitsfamily.com/public/product/resized%40width620/umRwJ8JCmJ-069D6FF1-2D69-4386-A0AC-893544B3EDC2.jpg|https://image.production.fruitsfamily.com/public/product/resized%40width620/z7LisgAaLv-EC57BEF8-C2E7-49B8-A14C-E6F59C8703C9.jpg|https://image.production.fruitsfamily.com/public/product/resized%40width620/nYvOKFlwL9-A4039E67-A3AB-4547-92EB-C3590218010D.jpg|https://image.production.fruitsfamily.com/public/product/resized%40width620/aEwsSIBruh-36ECFED7-A3FC-47CB-9985-B39BD782DEFC.jpg|https://image.production.fruitsfamily.com/public/product/resized%40width620/959kSiIa8J-E7E72596-B497-4DE9-A0D7-6CF12428B2D6.jpg,data/images/dr_martens/719621_01.jpg|data/images/dr_martens/719621_02.jpg|data/images/dr_martens/719621_03.jpg
FRUITSFAMILY,13355,Dr. Martens,Doc Martens,닥터마틴 모노블랙 첼시부츠 260,130000,,,무광검정이고 박스는 잃어버렸어요 택은 안 떼고 기스 히나없이 깨끗합니다 제 스타일에ㅜ안 맞아서 팔아요 연락주세요,True,https://fruitsfamily.com/product/aaz/%EB%8B%A5%ED%84%B0%EB%A7%88%ED%8B%B4-%EB%AA%A8%EB%85%B8%EB%B8%94%EB%9E%99-%EC%B2%BC%EC%8B%9C%EB%B6%80%EC%B8%A0-260,2026-08-04,https://image.production.fruitsfamily.com/public/product/resized%40width620/pZ54OSdF7M-0EDF28C9-7C82-4825-9D24-20E28A12A482.jpg|https://image.production.fruitsfamily.com/public/product/resized%40width620/uMcj4FS4kN-59E9C68E-1983-4BA9-AD0E-9086CBD229EC.jpg|https://image.production.fruitsfamily.com/public/product/resized%40width620/8HGo9Eue_O-86D24859-F95A-419B-B946-61837685524C.jpg,data/images/dr_martens/13355_01.jpg|data/images/dr_martens/13355_02.jpg|data/images/dr_martens/13355_03.jpg
FRUITSFAMILY,10333468,Salomon,SALOMON,[260] 살로몬 XA 포시스 EN 미드 블랙,234000,,260,"Salomon XA-Forces Mid EN in black
size: 260

XA-Pro 3D를 기반으로 한 택티컬 슈즈인 XA-Forces Mid 입니다. 실제 군용으로 사용되는 전술화답게 더욱 견고한 소재와 강화된 아웃솔을 갖추었으며, 적에게 노출되는 것을 막기위한 반사방지 소재들이 적용 되었으며, 살로몬 특유의 Quicklace를 통하여 빠르게 신고 벗을 수 있습니다. 미사용의 새상품의 상태입니다.

used with no major flaws
price: 225,000 won",False,https://fruitsfamily.com/product/65hcs/260-%EC%82%B4%EB%A1%9C%EB%AA%AC-xa-%ED%8F%AC%EC%8B%9C%EC%8A%A4-en-%EB%AF%B8%EB%93%9C-%EB%B8%94%EB%9E%99,2026-08-04,https://image.production.fruitsfamily.com/public/product/resized%40width620/72R-yAWFba-1785314014477-jbfkgnnnm.jpg|https://image.production.fruitsfamily.com/public/product/resized%40width620/znjcAVtKXA-1785314014486-ji3hz68tb.jpg|https://image.production.fruitsfamily.com/public/product/resized%40width620/ookGehpdJY-1785314014489-75mn4uqid.jpg|https://image.production.fruitsfamily.com/public/product/resized%40width620/AqLa3vofMj-1785314014492-5e56eni8j.jpg|https://image.production.fruitsfamily.com/public/product/resized%40width620/D3LKJ2WE3m-1785314014495-p2we73oz7.jpg,data/images/salomon/10333468_01.jpg|data/images/salomon/10333468_02.jpg|data/images/salomon/10333468_03.jpg
